<?xml version="1.0" encoding="UTF-8"?>
<gpx version="1.1" creator="Hiiker" xmlns="http://www.topografix.com/GPX/1/1" xmlns:xsi="http://www.w3.org/2001/XMLSchema-instance" xsi:schemaLocation="http://www.topografix.com/GPX/1/1 http://www.topografix.com/GPX/1/1/gpx.xsd">
  <metadata>
    <name>Manaslu Trek</name>
    <time>2025-12-02T02:45:12.000Z</time>
  </metadata>
  <rte>
    <name>Manaslu Trek - Day 1</name>
    <rtept lat="28.04853" lon="84.8145">
      <ele>529.9240000000113</ele>
    </rtept>
    <rtept lat="28.04869" lon="84.81468">
      <ele>531.1766720000405</ele>
    </rtept>
    <rtept lat="28.0493" lon="84.81529">
      <ele>527.8566399999597</ele>
    </rtept>
    <rtept lat="28.04944" lon="84.81541">
      <ele>528.5308480000065</ele>
    </rtept>
    <rtept lat="28.04957" lon="84.8154799">
      <ele>528.309506880001</ele>
    </rtept>
    <rtept lat="28.05146" lon="84.81634">
      <ele>525.4311680000282</ele>
    </rtept>
    <rtept lat="28.05186" lon="84.81634">
      <ele>529.899008000067</ele>
    </rtept>
    <rtept lat="28.05217" lon="84.81644">
      <ele>530.4094080000008</ele>
    </rtept>
    <rtept lat="28.05259" lon="84.81667">
      <ele>533.2321119999424</ele>
    </rtept>
    <rtept lat="28.05357" lon="84.81732">
      <ele>532.5320960002487</ele>
    </rtept>
    <rtept lat="28.05459" lon="84.81761">
      <ele>536.4209919999422</ele>
    </rtept>
    <rtept lat="28.05527" lon="84.81795">
      <ele>531.642640000141</ele>
    </rtept>
    <rtept lat="28.05566" lon="84.81817">
      <ele>535.8821760002139</ele>
    </rtept>
    <rtept lat="28.05591" lon="84.81823">
      <ele>540.6586560000251</ele>
    </rtept>
    <rtept lat="28.05616" lon="84.81825">
      <ele>543.6351999997181</ele>
    </rtept>
    <rtept lat="28.05677" lon="84.81843">
      <ele>536.9879999996797</ele>
    </rtept>
    <rtept lat="28.05706" lon="84.81856">
      <ele>535.5794559997537</ele>
    </rtept>
    <rtept lat="28.0573" lon="84.81871">
      <ele>534.8366400001797</ele>
    </rtept>
    <rtept lat="28.05777" lon="84.81896">
      <ele>534.0863359998552</ele>
    </rtept>
    <rtept lat="28.05851" lon="84.81909">
      <ele>539.3239999998189</ele>
    </rtept>
    <rtept lat="28.0592" lon="84.81925">
      <ele>546.4160000002056</ele>
    </rtept>
    <rtept lat="28.05942" lon="84.81935">
      <ele>544.0299199999916</ele>
    </rtept>
    <rtept lat="28.0597" lon="84.8195099">
      <ele>535.1883488</ele>
    </rtept>
    <rtept lat="28.06029" lon="84.81958">
      <ele>536.525471999914</ele>
    </rtept>
    <rtept lat="28.06045" lon="84.81958">
      <ele>534.5025599999047</ele>
    </rtept>
    <rtept lat="28.06059" lon="84.81949">
      <ele>537.289343999896</ele>
    </rtept>
    <rtept lat="28.06071" lon="84.81945">
      <ele>537.5404799998519</ele>
    </rtept>
    <rtept lat="28.06089" lon="84.81958">
      <ele>532.4484479999405</ele>
    </rtept>
    <rtept lat="28.06101" lon="84.81961">
      <ele>534.1129440000915</ele>
    </rtept>
    <rtept lat="28.06131" lon="84.81952">
      <ele>542.8720000000944</ele>
    </rtept>
    <rtept lat="28.06146" lon="84.81952">
      <ele>544.8231040001218</ele>
    </rtept>
    <rtept lat="28.06185" lon="84.81966">
      <ele>541.308160000049</ele>
    </rtept>
    <rtept lat="28.06202" lon="84.81965">
      <ele>542.0372800001919</ele>
    </rtept>
    <rtept lat="28.06236" lon="84.81952">
      <ele>545.021824000089</ele>
    </rtept>
    <rtept lat="28.06251" lon="84.8195099">
      <ele>543.5080830400063</ele>
    </rtept>
    <rtept lat="28.06268" lon="84.81955">
      <ele>539.854239999774</ele>
    </rtept>
    <rtept lat="28.06345" lon="84.82001">
      <ele>535.9128800001505</ele>
    </rtept>
    <rtept lat="28.06376" lon="84.82015">
      <ele>537.3996800000588</ele>
    </rtept>
    <rtept lat="28.0639" lon="84.82019">
      <ele>538.0833600001936</ele>
    </rtept>
    <rtept lat="28.06417" lon="84.8202">
      <ele>538.2019200000102</ele>
    </rtept>
    <rtept lat="28.0644" lon="84.82017">
      <ele>539.6822399997952</ele>
    </rtept>
    <rtept lat="28.06459" lon="84.82003">
      <ele>548.0263679998883</ele>
    </rtept>
    <rtept lat="28.06473" lon="84.81994">
      <ele>552.7839999999325</ele>
    </rtept>
    <rtept lat="28.06488" lon="84.81988">
      <ele>555.5920000000546</ele>
    </rtept>
    <rtept lat="28.06508" lon="84.81984">
      <ele>556.9444480000334</ele>
    </rtept>
    <rtept lat="28.06522" lon="84.81986">
      <ele>555.4353279999025</ele>
    </rtept>
    <rtept lat="28.06599" lon="84.8204">
      <ele>555.371999999923</ele>
    </rtept>
    <rtept lat="28.0662" lon="84.82047">
      <ele>556.4654399999883</ele>
    </rtept>
    <rtept lat="28.06631" lon="84.82048">
      <ele>557.0532479999806</ele>
    </rtept>
    <rtept lat="28.06654" lon="84.82078">
      <ele>554.4715520000068</ele>
    </rtept>
    <rtept lat="28.0667" lon="84.82093">
      <ele>551.8755199999129</ele>
    </rtept>
    <rtept lat="28.06683" lon="84.82113">
      <ele>548.2080160000683</ele>
    </rtept>
    <rtept lat="28.06711" lon="84.82136">
      <ele>544.6920320000226</ele>
    </rtept>
    <rtept lat="28.06732" lon="84.82163">
      <ele>543.0535360000011</ele>
    </rtept>
    <rtept lat="28.06752" lon="84.82183">
      <ele>542.9256639999493</ele>
    </rtept>
    <rtept lat="28.06782" lon="84.82205">
      <ele>541.7079999999494</ele>
    </rtept>
    <rtept lat="28.06829" lon="84.82244">
      <ele>538.6953920000029</ele>
    </rtept>
    <rtept lat="28.06849" lon="84.82265">
      <ele>539.588000000019</ele>
    </rtept>
    <rtept lat="28.06873" lon="84.8229999">
      <ele>540.1715081600001</ele>
    </rtept>
    <rtept lat="28.06881" lon="84.82307">
      <ele>539.9036959999909</ele>
    </rtept>
    <rtept lat="28.06889" lon="84.82312">
      <ele>539.7719999999879</ele>
    </rtept>
    <rtept lat="28.06912" lon="84.82321">
      <ele>540.2759999999944</ele>
    </rtept>
    <rtept lat="28.06937" lon="84.82328">
      <ele>540.4730880000259</ele>
    </rtept>
    <rtept lat="28.0696" lon="84.82339">
      <ele>540.9537599999679</ele>
    </rtept>
    <rtept lat="28.07003" lon="84.82365">
      <ele>540.7942399999819</ele>
    </rtept>
    <rtept lat="28.07075" lon="84.82404">
      <ele>545.4936000001065</ele>
    </rtept>
    <rtept lat="28.07104" lon="84.82404">
      <ele>551.0323200001577</ele>
    </rtept>
    <rtept lat="28.07143" lon="84.8242099">
      <ele>546.0202052800072</ele>
    </rtept>
    <rtept lat="28.07161" lon="84.82433">
      <ele>543.6279519998799</ele>
    </rtept>
    <rtept lat="28.07179" lon="84.8243899">
      <ele>544.2707838400042</ele>
    </rtept>
    <rtept lat="28.07243" lon="84.82452">
      <ele>547.3863679998168</ele>
    </rtept>
    <rtept lat="28.07265" lon="84.82459">
      <ele>547.9260799999765</ele>
    </rtept>
    <rtept lat="28.07308" lon="84.82468">
      <ele>546.1175039999695</ele>
    </rtept>
    <rtept lat="28.07353" lon="84.82482">
      <ele>545.4391359999182</ele>
    </rtept>
    <rtept lat="28.07375" lon="84.82484">
      <ele>546.9120000002321</ele>
    </rtept>
    <rtept lat="28.07393" lon="84.82481">
      <ele>549.0347680000233</ele>
    </rtept>
    <rtept lat="28.07413" lon="84.82481">
      <ele>549.9822880000196</ele>
    </rtept>
    <rtept lat="28.07454" lon="84.82502">
      <ele>540.6350720000939</ele>
    </rtept>
    <rtept lat="28.07469" lon="84.82504">
      <ele>538.993183999985</ele>
    </rtept>
    <rtept lat="28.07501" lon="84.82505">
      <ele>538.6399999999676</ele>
    </rtept>
    <rtept lat="28.07587" lon="84.8251">
      <ele>541.3275199999559</ele>
    </rtept>
    <rtept lat="28.07597" lon="84.82516">
      <ele>541.1313920000213</ele>
    </rtept>
    <rtept lat="28.07613" lon="84.82531">
      <ele>540.651999999981</ele>
    </rtept>
    <rtept lat="28.07624" lon="84.82538">
      <ele>539.8960000000479</ele>
    </rtept>
    <rtept lat="28.07662" lon="84.82534">
      <ele>540.3280000000323</ele>
    </rtept>
    <rtept lat="28.07685" lon="84.82537">
      <ele>539.5631199999432</ele>
    </rtept>
    <rtept lat="28.07693" lon="84.82541">
      <ele>539.0752479999609</ele>
    </rtept>
    <rtept lat="28.07759" lon="84.8258">
      <ele>541.1731200000012</ele>
    </rtept>
    <rtept lat="28.07789" lon="84.82608">
      <ele>543.8080000000001</ele>
    </rtept>
    <rtept lat="28.07815" lon="84.82621">
      <ele>544.6439999999884</ele>
    </rtept>
    <rtept lat="28.0783" lon="84.82626">
      <ele>544.4639999999827</ele>
    </rtept>
    <rtept lat="28.07862" lon="84.82646">
      <ele>541.7916160000146</ele>
    </rtept>
    <rtept lat="28.07888" lon="84.82665">
      <ele>541.1761599999925</ele>
    </rtept>
    <rtept lat="28.07906" lon="84.82672">
      <ele>543.0354560000222</ele>
    </rtept>
    <rtept lat="28.07928" lon="84.8267">
      <ele>545.8639999999805</ele>
    </rtept>
    <rtept lat="28.07944" lon="84.82672">
      <ele>547.3760000000773</ele>
    </rtept>
    <rtept lat="28.07975" lon="84.82686">
      <ele>545.7728000000377</ele>
    </rtept>
    <rtept lat="28.07995" lon="84.82692">
      <ele>543.7683199999785</ele>
    </rtept>
    <rtept lat="28.08009" lon="84.8269399">
      <ele>543.4164012800074</ele>
    </rtept>
    <rtept lat="28.0805" lon="84.82689">
      <ele>548.2423999998114</ele>
    </rtept>
    <rtept lat="28.08064" lon="84.82692">
      <ele>549.1762559999361</ele>
    </rtept>
    <rtept lat="28.08075" lon="84.82698">
      <ele>549.0319999998467</ele>
    </rtept>
    <rtept lat="28.08107" lon="84.82729">
      <ele>548.283999999936</ele>
    </rtept>
    <rtept lat="28.08176" lon="84.82787">
      <ele>550.3653439998495</ele>
    </rtept>
    <rtept lat="28.08205" lon="84.82809">
      <ele>549.5657599998601</ele>
    </rtept>
    <rtept lat="28.08245" lon="84.8283">
      <ele>545.0800000000638</ele>
    </rtept>
    <rtept lat="28.08304" lon="84.8287">
      <ele>544.0659200000745</ele>
    </rtept>
    <rtept lat="28.08384" lon="84.82903">
      <ele>554.2042239997857</ele>
    </rtept>
    <rtept lat="28.08406" lon="84.82907">
      <ele>556.0048959999351</ele>
    </rtept>
    <rtept lat="28.08461" lon="84.82911">
      <ele>556.396832000029</ele>
    </rtept>
    <rtept lat="28.08484" lon="84.82915">
      <ele>558.1465600000766</ele>
    </rtept>
    <rtept lat="28.08507" lon="84.82936">
      <ele>551.18982400032</ele>
    </rtept>
    <rtept lat="28.08521" lon="84.82945">
      <ele>548.7986400002309</ele>
    </rtept>
    <rtept lat="28.08533" lon="84.82951">
      <ele>548.5937920000166</ele>
    </rtept>
    <rtept lat="28.08586" lon="84.82963">
      <ele>551.8363840003267</ele>
    </rtept>
    <rtept lat="28.0862" lon="84.82984">
      <ele>545.505279999816</ele>
    </rtept>
    <rtept lat="28.08635" lon="84.82988">
      <ele>546.5420799998213</ele>
    </rtept>
    <rtept lat="28.08653" lon="84.82992">
      <ele>547.5050879999186</ele>
    </rtept>
    <rtept lat="28.0872" lon="84.82992">
      <ele>569.3571199999176</ele>
    </rtept>
    <rtept lat="28.08725" lon="84.82992">
      <ele>570.0103999999408</ele>
    </rtept>
    <rtept lat="28.08773" lon="84.83005">
      <ele>560.234239999994</ele>
    </rtept>
    <rtept lat="28.08801" lon="84.8302">
      <ele>557.5139199998802</ele>
    </rtept>
    <rtept lat="28.08827" lon="84.83037">
      <ele>556.5833919999594</ele>
    </rtept>
    <rtept lat="28.08864" lon="84.83067">
      <ele>547.3776960000745</ele>
    </rtept>
    <rtept lat="28.08881" lon="84.83075">
      <ele>545.7024000001361</ele>
    </rtept>
    <rtept lat="28.08898" lon="84.83076">
      <ele>545.6065920000558</ele>
    </rtept>
    <rtept lat="28.08925" lon="84.83068">
      <ele>546.7127999999702</ele>
    </rtept>
    <rtept lat="28.08972" lon="84.83065">
      <ele>558.4615999996695</ele>
    </rtept>
    <rtept lat="28.09045" lon="84.83081">
      <ele>568.6238400000301</ele>
    </rtept>
    <rtept lat="28.09084" lon="84.8309699">
      <ele>565.6578355200148</ele>
    </rtept>
    <rtept lat="28.09096" lon="84.83099">
      <ele>566.7242879999899</ele>
    </rtept>
    <rtept lat="28.09114" lon="84.8309699">
      <ele>569.7975894399854</ele>
    </rtept>
    <rtept lat="28.09133" lon="84.83089">
      <ele>575.7352480000126</ele>
    </rtept>
    <rtept lat="28.09142" lon="84.83087">
      <ele>578.1344319999381</ele>
    </rtept>
    <rtept lat="28.09148" lon="84.83087">
      <ele>579.1574079999531</ele>
    </rtept>
    <rtept lat="28.09163" lon="84.83091">
      <ele>581.0328639999258</ele>
    </rtept>
    <rtept lat="28.09169" lon="84.83095">
      <ele>581.5719999999696</ele>
    </rtept>
    <rtept lat="28.09178" lon="84.83108">
      <ele>581.8239999999996</ele>
    </rtept>
    <rtept lat="28.0918" lon="84.83116">
      <ele>580.6080000000511</ele>
    </rtept>
    <rtept lat="28.09182" lon="84.83149">
      <ele>573.9978559999196</ele>
    </rtept>
    <rtept lat="28.09185" lon="84.83162">
      <ele>573.2182400000191</ele>
    </rtept>
    <rtept lat="28.09189" lon="84.83171">
      <ele>573.0397279999551</ele>
    </rtept>
    <rtept lat="28.0923" lon="84.83221">
      <ele>567.1692799998976</ele>
    </rtept>
    <rtept lat="28.0932" lon="84.83324">
      <ele>566.3987199998627</ele>
    </rtept>
    <rtept lat="28.09326" lon="84.83337">
      <ele>564.0473919999494</ele>
    </rtept>
    <rtept lat="28.09376" lon="84.83394">
      <ele>556.6480000000274</ele>
    </rtept>
    <rtept lat="28.09399" lon="84.83427">
      <ele>554.9599999999632</ele>
    </rtept>
    <rtept lat="28.09406" lon="84.83436">
      <ele>554.5999999999128</ele>
    </rtept>
    <rtept lat="28.09416" lon="84.83443">
      <ele>555.1400000000203</ele>
    </rtept>
    <rtept lat="28.09439" lon="84.83452">
      <ele>557.6600000000528</ele>
    </rtept>
    <rtept lat="28.09472" lon="84.83468">
      <ele>557.743999999887</ele>
    </rtept>
    <rtept lat="28.09497" lon="84.83486">
      <ele>556.2968639999295</ele>
    </rtept>
    <rtept lat="28.09508" lon="84.83495">
      <ele>555.643679999919</ele>
    </rtept>
    <rtept lat="28.0952" lon="84.83502">
      <ele>554.7638399999992</ele>
    </rtept>
    <rtept lat="28.09533" lon="84.83507">
      <ele>554.3372479999797</ele>
    </rtept>
    <rtept lat="28.09587" lon="84.8351799">
      <ele>556.1712399999988</ele>
    </rtept>
    <rtept lat="28.09609" lon="84.83517">
      <ele>556.4919999998356</ele>
    </rtept>
    <rtept lat="28.09632" lon="84.83523">
      <ele>556.4159680000922</ele>
    </rtept>
    <rtept lat="28.09637" lon="84.83581">
      <ele>551.87428800002</ele>
    </rtept>
    <rtept lat="28.09668" lon="84.8355799">
      <ele>555.6932867200128</ele>
    </rtept>
    <rtept lat="28.09717" lon="84.83529">
      <ele>557.4728159999836</ele>
    </rtept>
    <rtept lat="28.09773" lon="84.83512">
      <ele>564.1113919999984</ele>
    </rtept>
    <rtept lat="28.09779" lon="84.83515">
      <ele>564.6279999999941</ele>
    </rtept>
    <rtept lat="28.09785" lon="84.83529">
      <ele>565.2674399999984</ele>
    </rtept>
    <rtept lat="28.09801" lon="84.8354">
      <ele>564.3998399998583</ele>
    </rtept>
    <rtept lat="28.09828" lon="84.83548">
      <ele>564.2391039998759</ele>
    </rtept>
    <rtept lat="28.09857" lon="84.83551">
      <ele>567.722368000012</ele>
    </rtept>
    <rtept lat="28.09883" lon="84.8355">
      <ele>574.5160000001421</ele>
    </rtept>
    <rtept lat="28.0992" lon="84.83553">
      <ele>573.1849599997378</ele>
    </rtept>
    <rtept lat="28.09939" lon="84.83562">
      <ele>569.6846399997901</ele>
    </rtept>
    <rtept lat="28.10005" lon="84.83587">
      <ele>565.3282399999987</ele>
    </rtept>
    <rtept lat="28.10086" lon="84.83596">
      <ele>570.3044480000228</ele>
    </rtept>
    <rtept lat="28.1018" lon="84.83614">
      <ele>584.1337599999771</ele>
    </rtept>
    <rtept lat="28.10245" lon="84.83624">
      <ele>587.0215999997142</ele>
    </rtept>
    <rtept lat="28.10271" lon="84.83626">
      <ele>587.1339200004198</ele>
    </rtept>
    <rtept lat="28.10303" lon="84.83626">
      <ele>593.230880000316</ele>
    </rtept>
    <rtept lat="28.10319" lon="84.8363">
      <ele>588.6600000003659</ele>
    </rtept>
    <rtept lat="28.10356" lon="84.83631">
      <ele>582.605280000117</ele>
    </rtept>
    <rtept lat="28.10375" lon="84.83626">
      <ele>584.9960000002213</ele>
    </rtept>
    <rtept lat="28.10397" lon="84.8361199">
      <ele>592.2465622400031</ele>
    </rtept>
    <rtept lat="28.10416" lon="84.83613">
      <ele>590.9392640001624</ele>
    </rtept>
    <rtept lat="28.10447" lon="84.83616">
      <ele>583.8445759997196</ele>
    </rtept>
    <rtept lat="28.10461" lon="84.83616">
      <ele>583.6066879997529</ele>
    </rtept>
    <rtept lat="28.10489" lon="84.8361199">
      <ele>585.2810188800066</ele>
    </rtept>
    <rtept lat="28.1051" lon="84.8361199">
      <ele>585.2919600000026</ele>
    </rtept>
    <rtept lat="28.10529" lon="84.83607">
      <ele>586.2345119998114</ele>
    </rtept>
    <rtept lat="28.10548" lon="84.83599">
      <ele>589.5334080001483</ele>
    </rtept>
    <rtept lat="28.10611" lon="84.83598">
      <ele>596.1778879997603</ele>
    </rtept>
    <rtept lat="28.10624" lon="84.83599">
      <ele>597.5090880001587</ele>
    </rtept>
    <rtept lat="28.10638" lon="84.83608">
      <ele>596.7467520001579</ele>
    </rtept>
    <rtept lat="28.10662" lon="84.83639">
      <ele>593.2820160001727</ele>
    </rtept>
    <rtept lat="28.10675" lon="84.8365">
      <ele>593.3400000000163</ele>
    </rtept>
    <rtept lat="28.10686" lon="84.83665">
      <ele>591.7804799998496</ele>
    </rtept>
    <rtept lat="28.10705" lon="84.83676">
      <ele>593.7283200001357</ele>
    </rtept>
    <rtept lat="28.10757" lon="84.83727">
      <ele>591.8133119998446</ele>
    </rtept>
    <rtept lat="28.10777" lon="84.83734">
      <ele>598.4197440000289</ele>
    </rtept>
    <rtept lat="28.10806" lon="84.83739">
      <ele>606.011328000009</ele>
    </rtept>
    <rtept lat="28.10823" lon="84.83756">
      <ele>602.5680000001043</ele>
    </rtept>
    <rtept lat="28.10832" lon="84.83763">
      <ele>601.595999999849</ele>
    </rtept>
    <rtept lat="28.10856" lon="84.83766">
      <ele>604.8960000000238</ele>
    </rtept>
    <rtept lat="28.10862" lon="84.83769">
      <ele>605.2178880000935</ele>
    </rtept>
    <rtept lat="28.10869" lon="84.83779">
      <ele>605.106512000014</ele>
    </rtept>
    <rtept lat="28.10879" lon="84.83799">
      <ele>603.6679519998289</ele>
    </rtept>
    <rtept lat="28.10903" lon="84.83825">
      <ele>608.0419999999735</ele>
    </rtept>
    <rtept lat="28.10922" lon="84.83859">
      <ele>607.9675520000724</ele>
    </rtept>
    <rtept lat="28.1096" lon="84.83897">
      <ele>603.5510399999182</ele>
    </rtept>
    <rtept lat="28.10986" lon="84.83905">
      <ele>604.6329600000118</ele>
    </rtept>
    <rtept lat="28.11008" lon="84.83906">
      <ele>608.6263679998697</ele>
    </rtept>
    <rtept lat="28.11021" lon="84.83911">
      <ele>609.9888959997432</ele>
    </rtept>
    <rtept lat="28.11046" lon="84.83928">
      <ele>608.1607039998875</ele>
    </rtept>
    <rtept lat="28.11095" lon="84.83954">
      <ele>611.195519999987</ele>
    </rtept>
    <rtept lat="28.11138" lon="84.83991">
      <ele>612.958367999934</ele>
    </rtept>
    <rtept lat="28.11152" lon="84.83995">
      <ele>618.0939199998953</ele>
    </rtept>
    <rtept lat="28.11177" lon="84.84013">
      <ele>617.7194239998611</ele>
    </rtept>
    <rtept lat="28.11216" lon="84.84029">
      <ele>616.3535680001903</ele>
    </rtept>
    <rtept lat="28.11225" lon="84.84039">
      <ele>613.8572000000198</ele>
    </rtept>
    <rtept lat="28.11235" lon="84.84047">
      <ele>611.91176000023</ele>
    </rtept>
    <rtept lat="28.11254" lon="84.84053">
      <ele>611.7687679999024</ele>
    </rtept>
    <rtept lat="28.11279" lon="84.84054">
      <ele>616.4566399998159</ele>
    </rtept>
    <rtept lat="28.11291" lon="84.84053">
      <ele>624.2499199998925</ele>
    </rtept>
    <rtept lat="28.11301" lon="84.84056">
      <ele>628.2640000000438</ele>
    </rtept>
    <rtept lat="28.11307" lon="84.84062">
      <ele>630.3511039999953</ele>
    </rtept>
    <rtept lat="28.1131" lon="84.84069">
      <ele>630.0478400001268</ele>
    </rtept>
    <rtept lat="28.11312" lon="84.84112">
      <ele>614.056575999842</ele>
    </rtept>
    <rtept lat="28.11316" lon="84.84132">
      <ele>609.4612480001382</ele>
    </rtept>
    <rtept lat="28.11324" lon="84.84145">
      <ele>606.0195200003698</ele>
    </rtept>
    <rtept lat="28.11336" lon="84.84152">
      <ele>604.1598079998162</ele>
    </rtept>
    <rtept lat="28.11358" lon="84.84153">
      <ele>608.6759359997197</ele>
    </rtept>
    <rtept lat="28.11384" lon="84.84142">
      <ele>610.8345600000367</ele>
    </rtept>
    <rtept lat="28.11397" lon="84.84142">
      <ele>604.139072000163</ele>
    </rtept>
    <rtept lat="28.11406" lon="84.84144">
      <ele>595.9425919996957</ele>
    </rtept>
    <rtept lat="28.11414" lon="84.84144">
      <ele>589.8116479996138</ele>
    </rtept>
    <rtept lat="28.1142" lon="84.84141">
      <ele>588.4793600002923</ele>
    </rtept>
    <rtept lat="28.11427" lon="84.84128">
      <ele>592.5916480000789</ele>
    </rtept>
    <rtept lat="28.1143" lon="84.84115">
      <ele>598.5256000000568</ele>
    </rtept>
    <rtept lat="28.1144" lon="84.8409099">
      <ele>614.1310512000396</ele>
    </rtept>
    <rtept lat="28.11462" lon="84.84041">
      <ele>622.786847999993</ele>
    </rtept>
    <rtept lat="28.11472" lon="84.84024">
      <ele>618.5992320002031</ele>
    </rtept>
    <rtept lat="28.11476" lon="84.84021">
      <ele>616.7583679999891</ele>
    </rtept>
    <rtept lat="28.11483" lon="84.84022">
      <ele>612.9654079999018</ele>
    </rtept>
    <rtept lat="28.11491" lon="84.84031">
      <ele>607.603408000065</ele>
    </rtept>
    <rtept lat="28.11495" lon="84.84038">
      <ele>605.5748799999927</ele>
    </rtept>
    <rtept lat="28.11505" lon="84.8409999">
      <ele>596.9376704000043</ele>
    </rtept>
    <rtept lat="28.11518" lon="84.84133">
      <ele>590.5186239999944</ele>
    </rtept>
    <rtept lat="28.1153" lon="84.84146">
      <ele>588.9680000001549</ele>
    </rtept>
    <rtept lat="28.11542" lon="84.84157">
      <ele>589.831999999828</ele>
    </rtept>
    <rtept lat="28.11552" lon="84.84171">
      <ele>588.6998719997698</ele>
    </rtept>
    <rtept lat="28.11559" lon="84.84186">
      <ele>586.1335680001823</ele>
    </rtept>
    <rtept lat="28.11579" lon="84.84216">
      <ele>576.989279999562</ele>
    </rtept>
    <rtept lat="28.11589" lon="84.84227">
      <ele>574.8811200000624</ele>
    </rtept>
    <rtept lat="28.11604" lon="84.84237">
      <ele>575.7739199998823</ele>
    </rtept>
    <rtept lat="28.11618" lon="84.84242">
      <ele>580.4827519995653</ele>
    </rtept>
    <rtept lat="28.1163" lon="84.84249">
      <ele>580.9510400002166</ele>
    </rtept>
    <rtept lat="28.11638" lon="84.84257">
      <ele>581.4723200001866</ele>
    </rtept>
    <rtept lat="28.11643" lon="84.84265">
      <ele>585.6979999998575</ele>
    </rtept>
    <rtept lat="28.11648" lon="84.84303">
      <ele>572.5111680000026</ele>
    </rtept>
    <rtept lat="28.11675" lon="84.84341">
      <ele>587.423199999834</ele>
    </rtept>
    <rtept lat="28.11725" lon="84.84406">
      <ele>595.1311999999541</ele>
    </rtept>
    <rtept lat="28.11742" lon="84.84453">
      <ele>586.9331519997165</ele>
    </rtept>
    <rtept lat="28.11755" lon="84.84481">
      <ele>588.2463200002967</ele>
    </rtept>
    <rtept lat="28.11763" lon="84.84516">
      <ele>584.7723199998275</ele>
    </rtept>
    <rtept lat="28.11766" lon="84.84532">
      <ele>583.2488960000013</ele>
    </rtept>
    <rtept lat="28.1179" lon="84.84574">
      <ele>581.6079999996097</ele>
    </rtept>
    <rtept lat="28.11808" lon="84.84593">
      <ele>590.7068799999493</ele>
    </rtept>
    <rtept lat="28.11821" lon="84.84617">
      <ele>600.343488000115</ele>
    </rtept>
    <rtept lat="28.11833" lon="84.84658">
      <ele>600.7875839998802</ele>
    </rtept>
    <rtept lat="28.11834" lon="84.8467299">
      <ele>596.2588732799977</ele>
    </rtept>
    <rtept lat="28.11841" lon="84.84694">
      <ele>596.2288319999701</ele>
    </rtept>
    <rtept lat="28.11854" lon="84.84718">
      <ele>598.7029120000725</ele>
    </rtept>
    <rtept lat="28.1187" lon="84.84737">
      <ele>604.6720000000539</ele>
    </rtept>
    <rtept lat="28.11881" lon="84.84756">
      <ele>608.3399679999831</ele>
    </rtept>
    <rtept lat="28.11885" lon="84.84769">
      <ele>609.9287199998981</ele>
    </rtept>
    <rtept lat="28.11888" lon="84.84803">
      <ele>604.2762240002013</ele>
    </rtept>
    <rtept lat="28.11892" lon="84.8482">
      <ele>601.9817599998154</ele>
    </rtept>
    <rtept lat="28.11912" lon="84.84864">
      <ele>600.271999999818</ele>
    </rtept>
    <rtept lat="28.11946" lon="84.84917">
      <ele>605.7899839999926</ele>
    </rtept>
    <rtept lat="28.11985" lon="84.84941">
      <ele>619.2739199998506</ele>
    </rtept>
    <rtept lat="28.11995" lon="84.84951">
      <ele>621.3815200000782</ele>
    </rtept>
    <rtept lat="28.1202" lon="84.84993">
      <ele>621.0276800000106</ele>
    </rtept>
    <rtept lat="28.12054" lon="84.85045">
      <ele>617.1560000001471</ele>
    </rtept>
    <rtept lat="28.12091" lon="84.85089">
      <ele>622.4089119997018</ele>
    </rtept>
    <rtept lat="28.12122" lon="84.8511">
      <ele>625.3270399999387</ele>
    </rtept>
    <rtept lat="28.12137" lon="84.85127">
      <ele>623.045103999991</ele>
    </rtept>
    <rtept lat="28.12144" lon="84.85129">
      <ele>624.8970239997982</ele>
    </rtept>
    <rtept lat="28.12158" lon="84.85139">
      <ele>626.1612480001916</ele>
    </rtept>
    <rtept lat="28.1218" lon="84.85162">
      <ele>628.9065600001268</ele>
    </rtept>
    <rtept lat="28.12214" lon="84.85233">
      <ele>622.9645440001594</ele>
    </rtept>
    <rtept lat="28.12244" lon="84.85266">
      <ele>626.9812480000148</ele>
    </rtept>
    <rtept lat="28.1226" lon="84.8527">
      <ele>628.6384000000016</ele>
    </rtept>
    <rtept lat="28.12278" lon="84.85277">
      <ele>630.1006719999174</ele>
    </rtept>
    <rtept lat="28.12299" lon="84.85303">
      <ele>624.9577119999143</ele>
    </rtept>
    <rtept lat="28.12307" lon="84.85308">
      <ele>624.2394239998433</ele>
    </rtept>
    <rtept lat="28.12319" lon="84.85314">
      <ele>621.9368640001102</ele>
    </rtept>
    <rtept lat="28.12376" lon="84.85328">
      <ele>617.0400000000747</ele>
    </rtept>
    <rtept lat="28.12417" lon="84.85329">
      <ele>613.3501279999294</ele>
    </rtept>
    <rtept lat="28.12469" lon="84.85344">
      <ele>607.6599999997954</ele>
    </rtept>
    <rtept lat="28.125" lon="84.8533999">
      <ele>604.0828800000163</ele>
    </rtept>
    <rtept lat="28.12537" lon="84.85341">
      <ele>600.6036320001062</ele>
    </rtept>
    <rtept lat="28.12562" lon="84.85335">
      <ele>605.0118399998465</ele>
    </rtept>
    <rtept lat="28.12588" lon="84.85332">
      <ele>606.5280640001685</ele>
    </rtept>
    <rtept lat="28.12616" lon="84.8533099">
      <ele>600.5894726400676</ele>
    </rtept>
    <rtept lat="28.12636" lon="84.85333">
      <ele>593.9652480000624</ele>
    </rtept>
    <rtept lat="28.12696" lon="84.85343">
      <ele>594.9970239999043</ele>
    </rtept>
    <rtept lat="28.12719" lon="84.85344">
      <ele>596.5170879997503</ele>
    </rtept>
    <rtept lat="28.12801" lon="84.8535799">
      <ele>601.0938107200211</ele>
    </rtept>
    <rtept lat="28.12853" lon="84.85363">
      <ele>619.0795680004591</ele>
    </rtept>
    <rtept lat="28.12873" lon="84.85368">
      <ele>621.4040000002999</ele>
    </rtept>
    <rtept lat="28.12896" lon="84.8538">
      <ele>616.845759999332</ele>
    </rtept>
    <rtept lat="28.12911" lon="84.85385">
      <ele>614.9543200006043</ele>
    </rtept>
    <rtept lat="28.12947" lon="84.85391">
      <ele>619.0459200001579</ele>
    </rtept>
    <rtept lat="28.12993" lon="84.85402">
      <ele>631.2532799997799</ele>
    </rtept>
    <rtept lat="28.13024" lon="84.85401">
      <ele>632.9807039998901</ele>
    </rtept>
    <rtept lat="28.1304" lon="84.85398">
      <ele>635.1094399996191</ele>
    </rtept>
    <rtept lat="28.13093" lon="84.85402">
      <ele>621.724255999477</ele>
    </rtept>
    <rtept lat="28.13121" lon="84.85399">
      <ele>624.3448320003706</ele>
    </rtept>
    <rtept lat="28.13167" lon="84.85399">
      <ele>621.6818880004708</ele>
    </rtept>
    <rtept lat="28.13275" lon="84.85406">
      <ele>634.1199999995852</ele>
    </rtept>
  </rte>
  <rte>
    <name>Manaslu Trek - Day 2</name>
    <rtept lat="28.13308" lon="84.85399">
      <ele>637.3520000003363</ele>
    </rtept>
    <rtept lat="28.13351" lon="84.85409">
      <ele>622.5847520000282</ele>
    </rtept>
    <rtept lat="28.13369" lon="84.85418">
      <ele>610.6014720000422</ele>
    </rtept>
    <rtept lat="28.13396" lon="84.85423">
      <ele>611.2032639999302</ele>
    </rtept>
    <rtept lat="28.13413" lon="84.85423">
      <ele>612.1481919999288</ele>
    </rtept>
    <rtept lat="28.13436" lon="84.85429">
      <ele>615.0068799996136</ele>
    </rtept>
    <rtept lat="28.13481" lon="84.85445">
      <ele>612.7463200000061</ele>
    </rtept>
    <rtept lat="28.13528" lon="84.85456">
      <ele>612.9806719996488</ele>
    </rtept>
    <rtept lat="28.13574" lon="84.85464">
      <ele>619.9587199996861</ele>
    </rtept>
    <rtept lat="28.13602" lon="84.85476">
      <ele>619.7762560000248</ele>
    </rtept>
    <rtept lat="28.1362" lon="84.85494">
      <ele>612.6204800000274</ele>
    </rtept>
    <rtept lat="28.13631" lon="84.8550099">
      <ele>610.7774888000685</ele>
    </rtept>
    <rtept lat="28.1364" lon="84.85499">
      <ele>614.2679999998713</ele>
    </rtept>
    <rtept lat="28.13663" lon="84.85488">
      <ele>632.4840000004863</ele>
    </rtept>
    <rtept lat="28.1367" lon="84.85478">
      <ele>642.7612799995724</ele>
    </rtept>
    <rtept lat="28.13675" lon="84.85476">
      <ele>645.3864000000901</ele>
    </rtept>
    <rtept lat="28.13681" lon="84.85476">
      <ele>646.4767680001196</ele>
    </rtept>
    <rtept lat="28.13684" lon="84.85473">
      <ele>649.9776959996324</ele>
    </rtept>
    <rtept lat="28.1369" lon="84.85475">
      <ele>649.1520000004623</ele>
    </rtept>
    <rtept lat="28.13736" lon="84.85509">
      <ele>630.9310719998106</ele>
    </rtept>
    <rtept lat="28.1374" lon="84.85515">
      <ele>629.0608000002978</ele>
    </rtept>
    <rtept lat="28.13742" lon="84.85523">
      <ele>624.905247999601</ele>
    </rtept>
    <rtept lat="28.1375" lon="84.8553699">
      <ele>621.346879999995</ele>
    </rtept>
    <rtept lat="28.1376" lon="84.85543">
      <ele>624.2023999999919</ele>
    </rtept>
    <rtept lat="28.13817" lon="84.85586">
      <ele>639.9675519994324</ele>
    </rtept>
    <rtept lat="28.13901" lon="84.85657">
      <ele>649.7555359993462</ele>
    </rtept>
    <rtept lat="28.13937" lon="84.85679">
      <ele>648.0330079997314</ele>
    </rtept>
    <rtept lat="28.14009" lon="84.85721">
      <ele>641.4172320003973</ele>
    </rtept>
    <rtept lat="28.14032" lon="84.85729">
      <ele>648.4945599995814</ele>
    </rtept>
    <rtept lat="28.14044" lon="84.85736">
      <ele>650.5436800000944</ele>
    </rtept>
    <rtept lat="28.14054" lon="84.85746">
      <ele>648.3116799998259</ele>
    </rtept>
    <rtept lat="28.1407" lon="84.85777">
      <ele>650.14991999985</ele>
    </rtept>
    <rtept lat="28.14085" lon="84.85823">
      <ele>651.4370399998713</ele>
    </rtept>
    <rtept lat="28.14116" lon="84.85865">
      <ele>657.5086400000297</ele>
    </rtept>
    <rtept lat="28.14131" lon="84.85881">
      <ele>661.5246559999156</ele>
    </rtept>
    <rtept lat="28.14141" lon="84.85897">
      <ele>663.2574240000466</ele>
    </rtept>
    <rtept lat="28.14147" lon="84.8592199">
      <ele>659.5992811201149</ele>
    </rtept>
    <rtept lat="28.14156" lon="84.85947">
      <ele>655.9373119998744</ele>
    </rtept>
    <rtept lat="28.14167" lon="84.85962">
      <ele>656.4692479998428</ele>
    </rtept>
    <rtept lat="28.1418" lon="84.85962">
      <ele>662.6019199997443</ele>
    </rtept>
    <rtept lat="28.14209" lon="84.85983">
      <ele>670.6020639998713</ele>
    </rtept>
    <rtept lat="28.14221" lon="84.85987">
      <ele>676.7422239998683</ele>
    </rtept>
    <rtept lat="28.1423" lon="84.85985">
      <ele>684.3112000001936</ele>
    </rtept>
    <rtept lat="28.14237" lon="84.86">
      <ele>681.6400000000023</ele>
    </rtept>
    <rtept lat="28.14238" lon="84.86021">
      <ele>678.0477760000573</ele>
    </rtept>
    <rtept lat="28.14231" lon="84.86038">
      <ele>671.5197119998486</ele>
    </rtept>
    <rtept lat="28.14219" lon="84.8604299">
      <ele>664.0901412799674</ele>
    </rtept>
    <rtept lat="28.14234" lon="84.86059">
      <ele>671.4983040000321</ele>
    </rtept>
    <rtept lat="28.14255" lon="84.86066">
      <ele>683.4753599999923</ele>
    </rtept>
    <rtept lat="28.14251" lon="84.8609">
      <ele>682.3032000000966</ele>
    </rtept>
    <rtept lat="28.14255" lon="84.86103">
      <ele>686.4611999999902</ele>
    </rtept>
    <rtept lat="28.14272" lon="84.86136">
      <ele>700.2127360000469</ele>
    </rtept>
    <rtept lat="28.14282" lon="84.86159">
      <ele>702.3298559998857</ele>
    </rtept>
    <rtept lat="28.14287" lon="84.8617">
      <ele>701.9423999999619</ele>
    </rtept>
    <rtept lat="28.14299" lon="84.86176">
      <ele>706.7030399999973</ele>
    </rtept>
    <rtept lat="28.14326" lon="84.86177">
      <ele>719.7209600001111</ele>
    </rtept>
    <rtept lat="28.14343" lon="84.86184">
      <ele>729.0502399999286</ele>
    </rtept>
    <rtept lat="28.14359" lon="84.862">
      <ele>738.5207999998415</ele>
    </rtept>
    <rtept lat="28.14394" lon="84.86236">
      <ele>741.2138880001273</ele>
    </rtept>
    <rtept lat="28.14408" lon="84.86256">
      <ele>733.5617279999194</ele>
    </rtept>
    <rtept lat="28.14425" lon="84.86296">
      <ele>726.9303999999429</ele>
    </rtept>
    <rtept lat="28.14443" lon="84.86309">
      <ele>732.8972480000002</ele>
    </rtept>
    <rtept lat="28.14467" lon="84.86311">
      <ele>746.0526079999559</ele>
    </rtept>
    <rtept lat="28.14478" lon="84.86301">
      <ele>751.6498879999162</ele>
    </rtept>
    <rtept lat="28.14487" lon="84.86275">
      <ele>759.7595999998517</ele>
    </rtept>
    <rtept lat="28.145" lon="84.86261">
      <ele>764.4359999998768</ele>
    </rtept>
    <rtept lat="28.14527" lon="84.86243">
      <ele>771.0599999998028</ele>
    </rtept>
    <rtept lat="28.14556" lon="84.86232">
      <ele>774.5760000001042</ele>
    </rtept>
    <rtept lat="28.14565" lon="84.86232">
      <ele>776.5200000001073</ele>
    </rtept>
    <rtept lat="28.14589" lon="84.86251">
      <ele>774.356064000009</ele>
    </rtept>
    <rtept lat="28.14623" lon="84.86288">
      <ele>762.8674559996814</ele>
    </rtept>
    <rtept lat="28.14641" lon="84.86301">
      <ele>748.426319999726</ele>
    </rtept>
    <rtept lat="28.14657" lon="84.8631">
      <ele>739.4353599998257</ele>
    </rtept>
    <rtept lat="28.14673" lon="84.86314">
      <ele>736.97199999995</ele>
    </rtept>
    <rtept lat="28.14701" lon="84.86311">
      <ele>743.7045119996666</ele>
    </rtept>
    <rtept lat="28.14712" lon="84.86309">
      <ele>746.5767360000332</ele>
    </rtept>
    <rtept lat="28.14735" lon="84.86297">
      <ele>754.6343199997468</ele>
    </rtept>
    <rtept lat="28.14743" lon="84.8628899">
      <ele>758.9440427200594</ele>
    </rtept>
    <rtept lat="28.14798" lon="84.86264">
      <ele>765.0683520000495</ele>
    </rtept>
    <rtept lat="28.14823" lon="84.86258">
      <ele>760.919456000252</ele>
    </rtept>
    <rtept lat="28.14852" lon="84.86248">
      <ele>755.4559999998303</ele>
    </rtept>
    <rtept lat="28.14892" lon="84.8623099">
      <ele>751.1650800000048</ele>
    </rtept>
    <rtept lat="28.14905" lon="84.8621299">
      <ele>756.6214976000203</ele>
    </rtept>
    <rtept lat="28.14906" lon="84.86208">
      <ele>758.8787839997308</ele>
    </rtept>
    <rtept lat="28.14916" lon="84.86207">
      <ele>760.0736959998553</ele>
    </rtept>
    <rtept lat="28.14922" lon="84.8621299">
      <ele>759.4976144000132</ele>
    </rtept>
    <rtept lat="28.14933" lon="84.86234">
      <ele>758.1254399998936</ele>
    </rtept>
    <rtept lat="28.14938" lon="84.8626">
      <ele>755.4240000000182</ele>
    </rtept>
    <rtept lat="28.14939" lon="84.86285">
      <ele>754.5391200000026</ele>
    </rtept>
    <rtept lat="28.14938" lon="84.863">
      <ele>754.387200000027</ele>
    </rtept>
    <rtept lat="28.1493" lon="84.86327">
      <ele>750.44624000001</ele>
    </rtept>
    <rtept lat="28.14932" lon="84.86341">
      <ele>750.6043519999556</ele>
    </rtept>
    <rtept lat="28.1495" lon="84.86363">
      <ele>758.5511999999738</ele>
    </rtept>
    <rtept lat="28.14968" lon="84.86393">
      <ele>758.3644800001673</ele>
    </rtept>
    <rtept lat="28.14988" lon="84.86407">
      <ele>756.1663360000767</ele>
    </rtept>
    <rtept lat="28.14993" lon="84.86412">
      <ele>754.7983360000281</ele>
    </rtept>
    <rtept lat="28.14998" lon="84.86422">
      <ele>751.8981759998885</ele>
    </rtept>
    <rtept lat="28.15007" lon="84.86431">
      <ele>752.8920639998765</ele>
    </rtept>
    <rtept lat="28.15031" lon="84.86443">
      <ele>762.4399360001006</ele>
    </rtept>
    <rtept lat="28.15039" lon="84.8644599">
      <ele>766.3047542401107</ele>
    </rtept>
    <rtept lat="28.15048" lon="84.86444">
      <ele>773.1927040000741</ele>
    </rtept>
    <rtept lat="28.15057" lon="84.86447">
      <ele>776.8943520001221</ele>
    </rtept>
    <rtept lat="28.1507" lon="84.86469">
      <ele>768.7190400002091</ele>
    </rtept>
    <rtept lat="28.15094" lon="84.86474">
      <ele>770.5714560001043</ele>
    </rtept>
    <rtept lat="28.15107" lon="84.86479">
      <ele>769.439328000032</ele>
    </rtept>
    <rtept lat="28.15116" lon="84.86481">
      <ele>768.7575359997962</ele>
    </rtept>
    <rtept lat="28.1513" lon="84.86485">
      <ele>765.9287999998382</ele>
    </rtept>
    <rtept lat="28.15152" lon="84.86484">
      <ele>765.0877439999451</ele>
    </rtept>
    <rtept lat="28.15164" lon="84.86485">
      <ele>764.1883199997825</ele>
    </rtept>
    <rtept lat="28.15189" lon="84.86492">
      <ele>765.6071040001673</ele>
    </rtept>
    <rtept lat="28.15201" lon="84.86501">
      <ele>762.4950080000993</ele>
    </rtept>
    <rtept lat="28.15227" lon="84.8651299">
      <ele>760.0717377600475</ele>
    </rtept>
    <rtept lat="28.15241" lon="84.86523">
      <ele>756.1088160001801</ele>
    </rtept>
    <rtept lat="28.15278" lon="84.86543">
      <ele>754.8820799996694</ele>
    </rtept>
    <rtept lat="28.15292" lon="84.86553">
      <ele>752.7955199993911</ele>
    </rtept>
    <rtept lat="28.15329" lon="84.86569">
      <ele>753.8350399998433</ele>
    </rtept>
    <rtept lat="28.15348" lon="84.86595">
      <ele>733.5440000000681</ele>
    </rtept>
    <rtept lat="28.15359" lon="84.86603">
      <ele>731.2760000002305</ele>
    </rtept>
    <rtept lat="28.15375" lon="84.86612">
      <ele>735.4679999999494</ele>
    </rtept>
    <rtept lat="28.15391" lon="84.86615">
      <ele>744.600399999944</ele>
    </rtept>
    <rtept lat="28.15407" lon="84.8662499">
      <ele>753.9138808000623</ele>
    </rtept>
    <rtept lat="28.15424" lon="84.86628">
      <ele>761.8835199997545</ele>
    </rtept>
    <rtept lat="28.15458" lon="84.86621">
      <ele>813.3490560012054</ele>
    </rtept>
    <rtept lat="28.15471" lon="84.86621">
      <ele>839.5158720020314</ele>
    </rtept>
    <rtept lat="28.15486" lon="84.86627">
      <ele>822.2122239999763</ele>
    </rtept>
    <rtept lat="28.15532" lon="84.86679">
      <ele>741.6255360004392</ele>
    </rtept>
    <rtept lat="28.15545" lon="84.86697">
      <ele>734.0136800003975</ele>
    </rtept>
    <rtept lat="28.15557" lon="84.86707">
      <ele>733.6290560001316</ele>
    </rtept>
    <rtept lat="28.15567" lon="84.86712">
      <ele>731.7253760000171</ele>
    </rtept>
    <rtept lat="28.15586" lon="84.86717">
      <ele>732.5602879999433</ele>
    </rtept>
    <rtept lat="28.15619" lon="84.86717">
      <ele>727.5751359998832</ele>
    </rtept>
    <rtept lat="28.15633" lon="84.86713">
      <ele>734.1369279998029</ele>
    </rtept>
    <rtept lat="28.15657" lon="84.8670099">
      <ele>743.5190209600516</ele>
    </rtept>
    <rtept lat="28.15664" lon="84.86691">
      <ele>746.8869439999474</ele>
    </rtept>
    <rtept lat="28.15673" lon="84.86685">
      <ele>745.6611200000177</ele>
    </rtept>
    <rtept lat="28.15682" lon="84.86685">
      <ele>743.7300800000183</ele>
    </rtept>
    <rtept lat="28.15689" lon="84.86691">
      <ele>740.5381759998603</ele>
    </rtept>
    <rtept lat="28.15698" lon="84.86714">
      <ele>732.4698879998132</ele>
    </rtept>
    <rtept lat="28.15715" lon="84.86746">
      <ele>717.8094400004221</ele>
    </rtept>
    <rtept lat="28.15726" lon="84.8675">
      <ele>719.7199999994301</ele>
    </rtept>
    <rtept lat="28.15768" lon="84.86752">
      <ele>737.0639360000815</ele>
    </rtept>
    <rtept lat="28.1578" lon="84.8676">
      <ele>731.8240000004167</ele>
    </rtept>
    <rtept lat="28.15786" lon="84.86771">
      <ele>721.22847999975</ele>
    </rtept>
    <rtept lat="28.15797" lon="84.86781">
      <ele>708.478719999542</ele>
    </rtept>
    <rtept lat="28.15804" lon="84.86785">
      <ele>704.0463999996912</ele>
    </rtept>
    <rtept lat="28.15825" lon="84.86792">
      <ele>702.2936000001017</ele>
    </rtept>
    <rtept lat="28.15839" lon="84.868">
      <ele>704.6264000003828</ele>
    </rtept>
    <rtept lat="28.15852" lon="84.86803">
      <ele>714.7665919995884</ele>
    </rtept>
    <rtept lat="28.1586" lon="84.86807">
      <ele>719.7961599999452</ele>
    </rtept>
    <rtept lat="28.15865" lon="84.86815">
      <ele>722.2440000001004</ele>
    </rtept>
    <rtept lat="28.15865" lon="84.86836">
      <ele>717.334080000292</ele>
    </rtept>
    <rtept lat="28.15867" lon="84.86851">
      <ele>710.9478240000144</ele>
    </rtept>
    <rtept lat="28.15884" lon="84.86865">
      <ele>715.4327999999647</ele>
    </rtept>
    <rtept lat="28.15887" lon="84.8687">
      <ele>714.7991999998027</ele>
    </rtept>
    <rtept lat="28.15893" lon="84.86873">
      <ele>717.1380320001315</ele>
    </rtept>
    <rtept lat="28.15917" lon="84.86874">
      <ele>731.6090239998698</ele>
    </rtept>
    <rtept lat="28.15923" lon="84.86876">
      <ele>733.8165440003036</ele>
    </rtept>
    <rtept lat="28.15931" lon="84.86882">
      <ele>734.5477760000938</ele>
    </rtept>
    <rtept lat="28.15935" lon="84.86899">
      <ele>724.2592800002654</ele>
    </rtept>
    <rtept lat="28.15939" lon="84.86906">
      <ele>720.0382079995801</ele>
    </rtept>
    <rtept lat="28.15944" lon="84.8691">
      <ele>718.3804799997458</ele>
    </rtept>
    <rtept lat="28.15958" lon="84.86915">
      <ele>722.9590399995604</ele>
    </rtept>
    <rtept lat="28.15966" lon="84.8691599">
      <ele>727.3959564799462</ele>
    </rtept>
    <rtept lat="28.15974" lon="84.86914">
      <ele>733.0664319998842</ele>
    </rtept>
    <rtept lat="28.15982" lon="84.8691599">
      <ele>734.2314841600165</ele>
    </rtept>
    <rtept lat="28.15996" lon="84.86923">
      <ele>734.8165119999738</ele>
    </rtept>
    <rtept lat="28.16003" lon="84.8693399">
      <ele>732.2862606399771</ele>
    </rtept>
    <rtept lat="28.16015" lon="84.86944">
      <ele>730.4579200001652</ele>
    </rtept>
    <rtept lat="28.16021" lon="84.86953">
      <ele>730.0107840000237</ele>
    </rtept>
    <rtept lat="28.16034" lon="84.86961">
      <ele>735.2959680001941</ele>
    </rtept>
    <rtept lat="28.16046" lon="84.86978">
      <ele>735.9079679996348</ele>
    </rtept>
    <rtept lat="28.16054" lon="84.8698299">
      <ele>735.8272905601018</ele>
    </rtept>
    <rtept lat="28.16085" lon="84.86988">
      <ele>751.5323200002309</ele>
    </rtept>
    <rtept lat="28.16093" lon="84.86994">
      <ele>753.4233280000415</ele>
    </rtept>
    <rtept lat="28.16102" lon="84.87009">
      <ele>751.2555519997741</ele>
    </rtept>
    <rtept lat="28.16111" lon="84.87035">
      <ele>744.9959999999649</ele>
    </rtept>
    <rtept lat="28.16131" lon="84.87055">
      <ele>752.8300800002455</ele>
    </rtept>
    <rtept lat="28.1615" lon="84.87087">
      <ele>747.8248000003815</ele>
    </rtept>
    <rtept lat="28.16183" lon="84.87111">
      <ele>759.8783679997235</ele>
    </rtept>
    <rtept lat="28.16194" lon="84.87121">
      <ele>766.8147839998575</ele>
    </rtept>
    <rtept lat="28.16203" lon="84.87132">
      <ele>765.5116160002348</ele>
    </rtept>
    <rtept lat="28.16209" lon="84.87146">
      <ele>759.0580160000204</ele>
    </rtept>
    <rtept lat="28.16218" lon="84.87157">
      <ele>757.9005439995778</ele>
    </rtept>
    <rtept lat="28.16231" lon="84.87166">
      <ele>759.1824959997584</ele>
    </rtept>
    <rtept lat="28.16246" lon="84.8717099">
      <ele>759.3871689600751</ele>
    </rtept>
    <rtept lat="28.16255" lon="84.87177">
      <ele>759.2366400001058</ele>
    </rtept>
    <rtept lat="28.16271" lon="84.8717999">
      <ele>770.6296665600474</ele>
    </rtept>
    <rtept lat="28.16283" lon="84.87188">
      <ele>784.8798719999703</ele>
    </rtept>
    <rtept lat="28.16296" lon="84.87202">
      <ele>793.3495679999636</ele>
    </rtept>
    <rtept lat="28.16337" lon="84.87259">
      <ele>791.0621279997555</ele>
    </rtept>
    <rtept lat="28.16345" lon="84.87278">
      <ele>776.1934399997701</ele>
    </rtept>
    <rtept lat="28.16356" lon="84.8729">
      <ele>777.076159999964</ele>
    </rtept>
    <rtept lat="28.16361" lon="84.87303">
      <ele>774.937471999899</ele>
    </rtept>
    <rtept lat="28.1637" lon="84.8732">
      <ele>765.8912000001667</ele>
    </rtept>
    <rtept lat="28.16383" lon="84.87337">
      <ele>761.2841120006472</ele>
    </rtept>
    <rtept lat="28.16405" lon="84.87345">
      <ele>762.4903999996487</ele>
    </rtept>
    <rtept lat="28.16424" lon="84.87355">
      <ele>771.4587200002106</ele>
    </rtept>
    <rtept lat="28.16442" lon="84.87375">
      <ele>784.2999999999051</ele>
    </rtept>
    <rtept lat="28.16463" lon="84.87392">
      <ele>796.3608639999796</ele>
    </rtept>
    <rtept lat="28.16475" lon="84.8740399">
      <ele>798.2982760000926</ele>
    </rtept>
    <rtept lat="28.16496" lon="84.87433">
      <ele>786.5386240000104</ele>
    </rtept>
    <rtept lat="28.16509" lon="84.87432">
      <ele>795.5887360000313</ele>
    </rtept>
    <rtept lat="28.16532" lon="84.87423">
      <ele>825.4695360004384</ele>
    </rtept>
    <rtept lat="28.16534" lon="84.87418">
      <ele>833.2677120005045</ele>
    </rtept>
    <rtept lat="28.16542" lon="84.8742">
      <ele>844.2566399999472</ele>
    </rtept>
    <rtept lat="28.16554" lon="84.8743">
      <ele>849.1987199992575</ele>
    </rtept>
    <rtept lat="28.16564" lon="84.87445">
      <ele>842.3224000000698</ele>
    </rtept>
    <rtept lat="28.16573" lon="84.87464">
      <ele>846.2017600000204</ele>
    </rtept>
    <rtept lat="28.16575" lon="84.87485">
      <ele>842.3199999999933</ele>
    </rtept>
    <rtept lat="28.16585" lon="84.87505">
      <ele>842.7999999997343</ele>
    </rtept>
    <rtept lat="28.16631" lon="84.87595">
      <ele>778.1696799995376</ele>
    </rtept>
    <rtept lat="28.16648" lon="84.87633">
      <ele>725.2471040009459</ele>
    </rtept>
    <rtept lat="28.16662" lon="84.87655">
      <ele>698.075200001172</ele>
    </rtept>
    <rtept lat="28.16686" lon="84.87673">
      <ele>690.5804800007029</ele>
    </rtept>
    <rtept lat="28.16691" lon="84.87684">
      <ele>676.4310399998</ele>
    </rtept>
    <rtept lat="28.16702" lon="84.87687">
      <ele>673.1360640006586</ele>
    </rtept>
    <rtept lat="28.16718" lon="84.87682">
      <ele>686.4111360010137</ele>
    </rtept>
    <rtept lat="28.16733" lon="84.87681">
      <ele>699.4754239984544</ele>
    </rtept>
    <rtept lat="28.16744" lon="84.87678">
      <ele>718.0828160008822</ele>
    </rtept>
    <rtept lat="28.16758" lon="84.8768">
      <ele>728.412799999388</ele>
    </rtept>
    <rtept lat="28.16774" lon="84.87693">
      <ele>728.2702399994249</ele>
    </rtept>
    <rtept lat="28.1678" lon="84.8770399">
      <ele>740.1217695999529</ele>
    </rtept>
    <rtept lat="28.16804" lon="84.87729">
      <ele>768.322336000053</ele>
    </rtept>
    <rtept lat="28.16811" lon="84.87734">
      <ele>770.8755199997764</ele>
    </rtept>
    <rtept lat="28.16834" lon="84.87736">
      <ele>782.6965760001185</ele>
    </rtept>
    <rtept lat="28.16841" lon="84.8774">
      <ele>783.2201600002077</ele>
    </rtept>
    <rtept lat="28.16848" lon="84.87748">
      <ele>781.8440959997797</ele>
    </rtept>
    <rtept lat="28.16852" lon="84.8776">
      <ele>772.8118399999223</ele>
    </rtept>
    <rtept lat="28.16859" lon="84.87769">
      <ele>766.1760319998621</ele>
    </rtept>
    <rtept lat="28.16868" lon="84.87775">
      <ele>764.5991999994145</ele>
    </rtept>
    <rtept lat="28.16876" lon="84.87774">
      <ele>769.1591039997033</ele>
    </rtept>
    <rtept lat="28.16902" lon="84.87794">
      <ele>775.3636480003497</ele>
    </rtept>
    <rtept lat="28.16928" lon="84.87799">
      <ele>801.162304000325</ele>
    </rtept>
    <rtept lat="28.16943" lon="84.8781">
      <ele>805.4583999995978</ele>
    </rtept>
    <rtept lat="28.16957" lon="84.87837">
      <ele>797.5586559995236</ele>
    </rtept>
    <rtept lat="28.16997" lon="84.87902">
      <ele>778.6761600002203</ele>
    </rtept>
    <rtept lat="28.17073" lon="84.87982">
      <ele>767.3031679999716</ele>
    </rtept>
    <rtept lat="28.17096" lon="84.88003">
      <ele>783.5682559997238</ele>
    </rtept>
    <rtept lat="28.17121" lon="84.88013">
      <ele>798.4605280004171</ele>
    </rtept>
    <rtept lat="28.17173" lon="84.88026">
      <ele>830.7651199994712</ele>
    </rtept>
    <rtept lat="28.17192" lon="84.88035">
      <ele>841.424479999305</ele>
    </rtept>
    <rtept lat="28.1721" lon="84.88054">
      <ele>831.5152000003342</ele>
    </rtept>
    <rtept lat="28.17236" lon="84.88099">
      <ele>784.6228160003936</ele>
    </rtept>
    <rtept lat="28.17247" lon="84.88109">
      <ele>776.041711999967</ele>
    </rtept>
    <rtept lat="28.17325" lon="84.88125">
      <ele>790.9000000004435</ele>
    </rtept>
    <rtept lat="28.17341" lon="84.88105">
      <ele>796.6353599998571</ele>
    </rtept>
    <rtept lat="28.1734" lon="84.88096">
      <ele>802.6732799998329</ele>
    </rtept>
    <rtept lat="28.17348" lon="84.88078">
      <ele>804.7146239998591</ele>
    </rtept>
    <rtept lat="28.17358" lon="84.88068">
      <ele>797.8458239999287</ele>
    </rtept>
    <rtept lat="28.17373" lon="84.88061">
      <ele>793.4048959999083</ele>
    </rtept>
    <rtept lat="28.17383" lon="84.88041">
      <ele>799.4905280001398</ele>
    </rtept>
    <rtept lat="28.17397" lon="84.88024">
      <ele>802.0428479999102</ele>
    </rtept>
    <rtept lat="28.17429" lon="84.87962">
      <ele>824.8104319999672</ele>
    </rtept>
    <rtept lat="28.17438" lon="84.87949">
      <ele>823.0398079999405</ele>
    </rtept>
    <rtept lat="28.17459" lon="84.87927">
      <ele>819.8975679998331</ele>
    </rtept>
    <rtept lat="28.17485" lon="84.87911">
      <ele>812.5283200001575</ele>
    </rtept>
    <rtept lat="28.17495" lon="84.87907">
      <ele>810.9212800000894</ele>
    </rtept>
    <rtept lat="28.17516" lon="84.87904">
      <ele>809.633343999852</ele>
    </rtept>
    <rtept lat="28.17542" lon="84.87923">
      <ele>807.5130559997949</ele>
    </rtept>
    <rtept lat="28.17558" lon="84.87949">
      <ele>805.2494079999063</ele>
    </rtept>
    <rtept lat="28.17574" lon="84.87963">
      <ele>808.2906879998303</ele>
    </rtept>
    <rtept lat="28.17596" lon="84.87974">
      <ele>811.7336320000809</ele>
    </rtept>
    <rtept lat="28.17612" lon="84.87978">
      <ele>815.190656000181</ele>
    </rtept>
    <rtept lat="28.17627" lon="84.87978">
      <ele>816.9229760001502</ele>
    </rtept>
    <rtept lat="28.1766" lon="84.87965">
      <ele>825.8072000000727</ele>
    </rtept>
    <rtept lat="28.17669" lon="84.87957">
      <ele>828.3520639999476</ele>
    </rtept>
    <rtept lat="28.1768" lon="84.87951">
      <ele>827.7694400001355</ele>
    </rtept>
    <rtept lat="28.17775" lon="84.87904">
      <ele>820.9831999999226</ele>
    </rtept>
    <rtept lat="28.17791" lon="84.87894">
      <ele>819.8559999999843</ele>
    </rtept>
    <rtept lat="28.17807" lon="84.8788299">
      <ele>819.7108135999688</ele>
    </rtept>
    <rtept lat="28.17848" lon="84.87845">
      <ele>822.7799999999654</ele>
    </rtept>
    <rtept lat="28.17856" lon="84.87833">
      <ele>822.9609599997705</ele>
    </rtept>
    <rtept lat="28.1787" lon="84.87825">
      <ele>822.4760000002555</ele>
    </rtept>
    <rtept lat="28.17883" lon="84.87809">
      <ele>826.598287999966</ele>
    </rtept>
    <rtept lat="28.17907" lon="84.87804">
      <ele>823.0885120000743</ele>
    </rtept>
    <rtept lat="28.17927" lon="84.87793">
      <ele>821.4034239998043</ele>
    </rtept>
    <rtept lat="28.17938" lon="84.87778">
      <ele>821.9445760000362</ele>
    </rtept>
    <rtept lat="28.17949" lon="84.87769">
      <ele>821.3485279999368</ele>
    </rtept>
    <rtept lat="28.1796" lon="84.87765">
      <ele>820.5871999999046</ele>
    </rtept>
    <rtept lat="28.17968" lon="84.87758">
      <ele>820.9166720001161</ele>
    </rtept>
    <rtept lat="28.17977" lon="84.8775299">
      <ele>821.2650340800242</ele>
    </rtept>
    <rtept lat="28.17985" lon="84.87734">
      <ele>826.0780799999106</ele>
    </rtept>
    <rtept lat="28.1799" lon="84.87728">
      <ele>827.3222400000271</ele>
    </rtept>
    <rtept lat="28.17999" lon="84.87727">
      <ele>827.0276160000903</ele>
    </rtept>
    <rtept lat="28.18011" lon="84.87734">
      <ele>828.4560959998885</ele>
    </rtept>
    <rtept lat="28.18019" lon="84.87751">
      <ele>826.6212479999751</ele>
    </rtept>
    <rtept lat="28.18023" lon="84.87766">
      <ele>825.2938559999579</ele>
    </rtept>
    <rtept lat="28.1803" lon="84.87778">
      <ele>825.5833599999381</ele>
    </rtept>
    <rtept lat="28.18031" lon="84.8779">
      <ele>822.7969600000434</ele>
    </rtept>
    <rtept lat="28.18034" lon="84.87797">
      <ele>821.7929919999028</ele>
    </rtept>
    <rtept lat="28.1804" lon="84.87804">
      <ele>821.4966400000067</ele>
    </rtept>
    <rtept lat="28.1805" lon="84.87809">
      <ele>822.0375999999555</ele>
    </rtept>
    <rtept lat="28.18061" lon="84.87811">
      <ele>822.5711679996878</ele>
    </rtept>
    <rtept lat="28.18093" lon="84.87804">
      <ele>825.8569280000806</ele>
    </rtept>
    <rtept lat="28.18099" lon="84.87799">
      <ele>828.4106240001801</ele>
    </rtept>
    <rtept lat="28.18105" lon="84.8778899">
      <ele>834.8000048000235</ele>
    </rtept>
    <rtept lat="28.18114" lon="84.87782">
      <ele>839.7994240000215</ele>
    </rtept>
    <rtept lat="28.18128" lon="84.87783">
      <ele>838.3669119997946</ele>
    </rtept>
    <rtept lat="28.18137" lon="84.87786">
      <ele>836.0436160001002</ele>
    </rtept>
    <rtept lat="28.18148" lon="84.87795">
      <ele>831.1160000000984</ele>
    </rtept>
    <rtept lat="28.1816" lon="84.878">
      <ele>828.9199999999937</ele>
    </rtept>
    <rtept lat="28.18181" lon="84.87802">
      <ele>831.2059519995927</ele>
    </rtept>
    <rtept lat="28.18204" lon="84.878">
      <ele>835.8880000000017</ele>
    </rtept>
    <rtept lat="28.18213" lon="84.87799">
      <ele>837.1120000001783</ele>
    </rtept>
    <rtept lat="28.18238" lon="84.87792">
      <ele>840.9355519998045</ele>
    </rtept>
    <rtept lat="28.18273" lon="84.87779">
      <ele>846.7164319997114</ele>
    </rtept>
    <rtept lat="28.18323" lon="84.87766">
      <ele>843.1983679998343</ele>
    </rtept>
    <rtept lat="28.18344" lon="84.87764">
      <ele>836.9406079999771</ele>
    </rtept>
    <rtept lat="28.18352" lon="84.87759">
      <ele>834.9971839999879</ele>
    </rtept>
    <rtept lat="28.18361" lon="84.87738">
      <ele>834.3388159999131</ele>
    </rtept>
    <rtept lat="28.18361" lon="84.87721">
      <ele>836.2116479998754</ele>
    </rtept>
    <rtept lat="28.18366" lon="84.87717">
      <ele>836.0374399998868</ele>
    </rtept>
    <rtept lat="28.18376" lon="84.87716">
      <ele>834.8163199999233</ele>
    </rtept>
    <rtept lat="28.18385" lon="84.87716">
      <ele>833.5591999999009</ele>
    </rtept>
    <rtept lat="28.18399" lon="84.87724">
      <ele>830.205407999983</ele>
    </rtept>
    <rtept lat="28.18415" lon="84.87725">
      <ele>829.2719999999014</ele>
    </rtept>
    <rtept lat="28.18427" lon="84.87723">
      <ele>831.2223360001132</ele>
    </rtept>
    <rtept lat="28.18468" lon="84.87735">
      <ele>833.5001599997457</ele>
    </rtept>
    <rtept lat="28.18505" lon="84.87731">
      <ele>839.7017600002285</ele>
    </rtept>
    <rtept lat="28.18517" lon="84.87725">
      <ele>838.4143999998781</ele>
    </rtept>
    <rtept lat="28.18523" lon="84.87716">
      <ele>840.3058879998251</ele>
    </rtept>
    <rtept lat="28.18526" lon="84.8771">
      <ele>842.1833600000765</ele>
    </rtept>
    <rtept lat="28.18538" lon="84.87702">
      <ele>839.0755199999984</ele>
    </rtept>
    <rtept lat="28.18565" lon="84.87688">
      <ele>831.0353600000685</ele>
    </rtept>
    <rtept lat="28.1858" lon="84.87669">
      <ele>831.1577600001448</ele>
    </rtept>
    <rtept lat="28.18592" lon="84.8765899">
      <ele>831.1116243200742</ele>
    </rtept>
    <rtept lat="28.18606" lon="84.87652">
      <ele>830.1908479999987</ele>
    </rtept>
    <rtept lat="28.18639" lon="84.87643">
      <ele>833.6251840000524</ele>
    </rtept>
    <rtept lat="28.18649" lon="84.87637">
      <ele>836.1744960002749</ele>
    </rtept>
    <rtept lat="28.18692" lon="84.87626">
      <ele>836.9633279999322</ele>
    </rtept>
    <rtept lat="28.18715" lon="84.87623">
      <ele>835.989439999848</ele>
    </rtept>
    <rtept lat="28.18723" lon="84.87627">
      <ele>834.6559199998799</ele>
    </rtept>
    <rtept lat="28.1873" lon="84.87636">
      <ele>833.0495999998599</ele>
    </rtept>
    <rtept lat="28.18738" lon="84.87641">
      <ele>831.602495999679</ele>
    </rtept>
    <rtept lat="28.18795" lon="84.87637">
      <ele>831.9824800002598</ele>
    </rtept>
    <rtept lat="28.18811" lon="84.87632">
      <ele>831.7701759996419</ele>
    </rtept>
    <rtept lat="28.18822" lon="84.87631">
      <ele>832.3476159998277</ele>
    </rtept>
    <rtept lat="28.18844" lon="84.87635">
      <ele>828.9212799998976</ele>
    </rtept>
    <rtept lat="28.18853" lon="84.87634">
      <ele>827.945824000049</ele>
    </rtept>
    <rtept lat="28.18861" lon="84.87632">
      <ele>827.7370239996168</ele>
    </rtept>
    <rtept lat="28.1887" lon="84.87626">
      <ele>828.4230399998736</ele>
    </rtept>
    <rtept lat="28.18882" lon="84.87613">
      <ele>831.314271999845</ele>
    </rtept>
    <rtept lat="28.18899" lon="84.87606">
      <ele>828.6479040001598</ele>
    </rtept>
    <rtept lat="28.18911" lon="84.87596">
      <ele>829.464095999735</ele>
    </rtept>
    <rtept lat="28.18936" lon="84.87579">
      <ele>832.6565760002372</ele>
    </rtept>
    <rtept lat="28.18965" lon="84.87567">
      <ele>837.3622400000243</ele>
    </rtept>
    <rtept lat="28.18975" lon="84.87566">
      <ele>838.0592000002126</ele>
    </rtept>
    <rtept lat="28.18987" lon="84.87559">
      <ele>842.1479359998664</ele>
    </rtept>
    <rtept lat="28.18998" lon="84.87557">
      <ele>843.2645120001969</ele>
    </rtept>
    <rtept lat="28.1901" lon="84.8756">
      <ele>841.5727999997297</ele>
    </rtept>
    <rtept lat="28.19019" lon="84.87564">
      <ele>839.6838079998192</ele>
    </rtept>
    <rtept lat="28.19028" lon="84.87564">
      <ele>839.6535679998324</ele>
    </rtept>
    <rtept lat="28.19036" lon="84.8755599">
      <ele>842.8233305600455</ele>
    </rtept>
    <rtept lat="28.1904" lon="84.8755599">
      <ele>842.821078400046</ele>
    </rtept>
    <rtept lat="28.19044" lon="84.87551">
      <ele>845.7604479996605</ele>
    </rtept>
    <rtept lat="28.19074" lon="84.87554">
      <ele>845.0008959999724</ele>
    </rtept>
    <rtept lat="28.1909" lon="84.87558">
      <ele>843.5286400000356</ele>
    </rtept>
    <rtept lat="28.19095" lon="84.87563">
      <ele>840.3743199999343</ele>
    </rtept>
    <rtept lat="28.19107" lon="84.87569">
      <ele>836.0188959996057</ele>
    </rtept>
    <rtept lat="28.19127" lon="84.8757399">
      <ele>828.9484524800592</ele>
    </rtept>
    <rtept lat="28.19138" lon="84.87571">
      <ele>827.9852480001252</ele>
    </rtept>
    <rtept lat="28.1915" lon="84.87566">
      <ele>827.1616000001442</ele>
    </rtept>
    <rtept lat="28.19159" lon="84.87559">
      <ele>828.2302239998396</ele>
    </rtept>
    <rtept lat="28.19167" lon="84.87541">
      <ele>834.7102879999446</ele>
    </rtept>
    <rtept lat="28.19178" lon="84.87527">
      <ele>837.8697279999519</ele>
    </rtept>
    <rtept lat="28.19186" lon="84.8750699">
      <ele>838.3595843200641</ele>
    </rtept>
    <rtept lat="28.19189" lon="84.8748899">
      <ele>837.7517127999614</ele>
    </rtept>
    <rtept lat="28.19192" lon="84.8748899">
      <ele>836.3496784000141</ele>
    </rtept>
    <rtept lat="28.19205" lon="84.87485">
      <ele>830.2460000000751</ele>
    </rtept>
    <rtept lat="28.19214" lon="84.8747999">
      <ele>826.5349472000692</ele>
    </rtept>
    <rtept lat="28.19341" lon="84.87445">
      <ele>867.5432000004213</ele>
    </rtept>
    <rtept lat="28.19356" lon="84.87451">
      <ele>880.5377600001345</ele>
    </rtept>
    <rtept lat="28.19362" lon="84.87456">
      <ele>883.879935999762</ele>
    </rtept>
    <rtept lat="28.19364" lon="84.87465">
      <ele>878.5628799996974</ele>
    </rtept>
    <rtept lat="28.19373" lon="84.87469">
      <ele>882.2750559998269</ele>
    </rtept>
    <rtept lat="28.19381" lon="84.87476">
      <ele>882.8693760003702</ele>
    </rtept>
    <rtept lat="28.19392" lon="84.87496">
      <ele>873.6721279998153</ele>
    </rtept>
    <rtept lat="28.19396" lon="84.87509">
      <ele>857.7408320000045</ele>
    </rtept>
    <rtept lat="28.19396" lon="84.87532">
      <ele>821.6250239997253</ele>
    </rtept>
    <rtept lat="28.19399" lon="84.87539">
      <ele>811.9377120006395</ele>
    </rtept>
    <rtept lat="28.19434" lon="84.87559">
      <ele>777.6012479999728</ele>
    </rtept>
    <rtept lat="28.19478" lon="84.8757">
      <ele>804.9184000003156</ele>
    </rtept>
    <rtept lat="28.195" lon="84.87568">
      <ele>797.415999999922</ele>
    </rtept>
    <rtept lat="28.19515" lon="84.87564">
      <ele>797.5830399998192</ele>
    </rtept>
    <rtept lat="28.19526" lon="84.87557">
      <ele>800.2919680001888</ele>
    </rtept>
    <rtept lat="28.19538" lon="84.87545">
      <ele>812.2078399999111</ele>
    </rtept>
    <rtept lat="28.19548" lon="84.87533">
      <ele>825.4751359993536</ele>
    </rtept>
    <rtept lat="28.19555" lon="84.87526">
      <ele>832.4718400002087</ele>
    </rtept>
    <rtept lat="28.19579" lon="84.8749">
      <ele>847.630880000263</ele>
    </rtept>
    <rtept lat="28.19587" lon="84.87485">
      <ele>848.7636800003685</ele>
    </rtept>
    <rtept lat="28.19605" lon="84.87486">
      <ele>845.4747200001541</ele>
    </rtept>
    <rtept lat="28.19621" lon="84.87482">
      <ele>846.4000640000153</ele>
    </rtept>
    <rtept lat="28.19641" lon="84.8751">
      <ele>814.302879999667</ele>
    </rtept>
    <rtept lat="28.19656" lon="84.87523">
      <ele>799.1203839998174</ele>
    </rtept>
    <rtept lat="28.19664" lon="84.87526">
      <ele>795.6171520002223</ele>
    </rtept>
    <rtept lat="28.19673" lon="84.87526">
      <ele>792.0004480002481</ele>
    </rtept>
    <rtept lat="28.19695" lon="84.87518">
      <ele>784.823199999965</ele>
    </rtept>
    <rtept lat="28.19711" lon="84.87508">
      <ele>787.9177600002031</ele>
    </rtept>
    <rtept lat="28.19734" lon="84.8748899">
      <ele>803.0826464000646</ele>
    </rtept>
    <rtept lat="28.19746" lon="84.87485">
      <ele>808.3184000006613</ele>
    </rtept>
    <rtept lat="28.19753" lon="84.87477">
      <ele>819.2480000002552</ele>
    </rtept>
    <rtept lat="28.19781" lon="84.8747">
      <ele>826.0414399994817</ele>
    </rtept>
    <rtept lat="28.19795" lon="84.87468">
      <ele>825.7275200002566</ele>
    </rtept>
    <rtept lat="28.19824" lon="84.8747">
      <ele>822.4892799995716</ele>
    </rtept>
    <rtept lat="28.19858" lon="84.87452">
      <ele>840.4929279996109</ele>
    </rtept>
    <rtept lat="28.19869" lon="84.8745">
      <ele>845.0992000001775</ele>
    </rtept>
    <rtept lat="28.1988" lon="84.8745299">
      <ele>846.336476800034</ele>
    </rtept>
    <rtept lat="28.19893" lon="84.8746199">
      <ele>843.9731355200753</ele>
    </rtept>
    <rtept lat="28.19916" lon="84.8747">
      <ele>838.1667199995849</ele>
    </rtept>
    <rtept lat="28.19934" lon="84.87463">
      <ele>841.4421440002337</ele>
    </rtept>
    <rtept lat="28.1995" lon="84.87446">
      <ele>843.2960000000107</ele>
    </rtept>
    <rtept lat="28.1997" lon="84.87441">
      <ele>839.1387200002341</ele>
    </rtept>
    <rtept lat="28.19984" lon="84.87424">
      <ele>853.7594239999928</ele>
    </rtept>
    <rtept lat="28.19992" lon="84.87418">
      <ele>857.4515840003527</ele>
    </rtept>
    <rtept lat="28.20001" lon="84.87416">
      <ele>858.5127679993228</ele>
    </rtept>
    <rtept lat="28.20019" lon="84.87425">
      <ele>858.2347999998192</ele>
    </rtept>
    <rtept lat="28.20032" lon="84.8742">
      <ele>864.4521599999741</ele>
    </rtept>
    <rtept lat="28.20078" lon="84.87428">
      <ele>883.2140160002597</ele>
    </rtept>
    <rtept lat="28.20101" lon="84.87447">
      <ele>866.2565599997532</ele>
    </rtept>
    <rtept lat="28.20111" lon="84.8745">
      <ele>863.396000000234</ele>
    </rtept>
    <rtept lat="28.20129" lon="84.87444">
      <ele>868.7296959994169</ele>
    </rtept>
    <rtept lat="28.20131" lon="84.87437">
      <ele>874.5241120000879</ele>
    </rtept>
    <rtept lat="28.20149" lon="84.87419">
      <ele>887.7648800001034</ele>
    </rtept>
    <rtept lat="28.20156" lon="84.87416">
      <ele>888.7721599998684</ele>
    </rtept>
    <rtept lat="28.20166" lon="84.87417">
      <ele>886.8785599995708</ele>
    </rtept>
    <rtept lat="28.20201" lon="84.87442">
      <ele>875.6221439998923</ele>
    </rtept>
    <rtept lat="28.20213" lon="84.87448">
      <ele>864.027519999475</ele>
    </rtept>
    <rtept lat="28.20219" lon="84.87448">
      <ele>860.7097599994245</ele>
    </rtept>
    <rtept lat="28.20228" lon="84.87455">
      <ele>852.57216000007</ele>
    </rtept>
    <rtept lat="28.20235" lon="84.87458">
      <ele>849.8059200004404</ele>
    </rtept>
    <rtept lat="28.20243" lon="84.87458">
      <ele>849.5040960004156</ele>
    </rtept>
    <rtept lat="28.20249" lon="84.87455">
      <ele>851.4532800000478</ele>
    </rtept>
    <rtept lat="28.20256" lon="84.87452">
      <ele>854.2702079996244</ele>
    </rtept>
    <rtept lat="28.20265" lon="84.87441">
      <ele>868.6687200002895</ele>
    </rtept>
    <rtept lat="28.20272" lon="84.87439">
      <ele>874.0746239991977</ele>
    </rtept>
    <rtept lat="28.20284" lon="84.8744">
      <ele>870.9478400012105</ele>
    </rtept>
    <rtept lat="28.20294" lon="84.87444">
      <ele>854.5485439980656</ele>
    </rtept>
    <rtept lat="28.20317" lon="84.87445">
      <ele>853.753280000277</ele>
    </rtept>
    <rtept lat="28.20343" lon="84.87459">
      <ele>847.634336000189</ele>
    </rtept>
    <rtept lat="28.20366" lon="84.87449">
      <ele>843.1334080003999</ele>
    </rtept>
    <rtept lat="28.20396" lon="84.87416">
      <ele>848.1341439998199</ele>
    </rtept>
    <rtept lat="28.20414" lon="84.874">
      <ele>853.2064000003594</ele>
    </rtept>
    <rtept lat="28.20428" lon="84.87363">
      <ele>858.822975999769</ele>
    </rtept>
    <rtept lat="28.20435" lon="84.87356">
      <ele>854.1905599999105</ele>
    </rtept>
    <rtept lat="28.20446" lon="84.87354">
      <ele>845.2190079998235</ele>
    </rtept>
    <rtept lat="28.20458" lon="84.87356">
      <ele>840.1893760000715</ele>
    </rtept>
    <rtept lat="28.20466" lon="84.87346">
      <ele>840.538432000172</ele>
    </rtept>
    <rtept lat="28.2047" lon="84.87328">
      <ele>847.6873600004799</ele>
    </rtept>
    <rtept lat="28.20476" lon="84.87315">
      <ele>855.4592000003195</ele>
    </rtept>
    <rtept lat="28.20484" lon="84.87306">
      <ele>858.6099200002812</ele>
    </rtept>
    <rtept lat="28.20496" lon="84.87304">
      <ele>854.8798079997752</ele>
    </rtept>
    <rtept lat="28.20508" lon="84.87306">
      <ele>852.3107840002691</ele>
    </rtept>
    <rtept lat="28.20518" lon="84.87306">
      <ele>853.0192640002797</ele>
    </rtept>
    <rtept lat="28.20519" lon="84.87297">
      <ele>858.9933120003203</ele>
    </rtept>
    <rtept lat="28.20509" lon="84.87293">
      <ele>861.5542080002364</ele>
    </rtept>
    <rtept lat="28.20499" lon="84.87298">
      <ele>858.1146240001857</ele>
    </rtept>
    <rtept lat="28.20489" lon="84.87295">
      <ele>864.2805599998287</ele>
    </rtept>
    <rtept lat="28.2049" lon="84.87284">
      <ele>871.7779200003023</ele>
    </rtept>
    <rtept lat="28.20494" lon="84.87276">
      <ele>875.8451200000045</ele>
    </rtept>
    <rtept lat="28.20509" lon="84.87268">
      <ele>876.8139519998962</ele>
    </rtept>
    <rtept lat="28.20522" lon="84.87271">
      <ele>874.3947520000912</ele>
    </rtept>
    <rtept lat="28.20529" lon="84.87284">
      <ele>867.2360000002193</ele>
    </rtept>
    <rtept lat="28.20543" lon="84.873">
      <ele>857.9479999997178</ele>
    </rtept>
    <rtept lat="28.20554" lon="84.8730099">
      <ele>857.7381200000239</ele>
    </rtept>
    <rtept lat="28.20564" lon="84.873">
      <ele>859.9807999997191</ele>
    </rtept>
    <rtept lat="28.20573" lon="84.87294">
      <ele>864.7950079999949</ele>
    </rtept>
    <rtept lat="28.20586" lon="84.87294">
      <ele>866.4080000000081</ele>
    </rtept>
    <rtept lat="28.20602" lon="84.873">
      <ele>863.5999999997848</ele>
    </rtept>
    <rtept lat="28.20611" lon="84.873">
      <ele>863.5999999997848</ele>
    </rtept>
    <rtept lat="28.20622" lon="84.87298">
      <ele>863.3600000001002</ele>
    </rtept>
    <rtept lat="28.2063" lon="84.87298">
      <ele>862.4960000000947</ele>
    </rtept>
    <rtept lat="28.20651" lon="84.87311">
      <ele>858.5265440001192</ele>
    </rtept>
    <rtept lat="28.20662" lon="84.8730999">
      <ele>860.7500595200253</ele>
    </rtept>
    <rtept lat="28.20674" lon="84.8732">
      <ele>859.4921600001011</ele>
    </rtept>
    <rtept lat="28.20688" lon="84.87322">
      <ele>860.9160319998862</ele>
    </rtept>
    <rtept lat="28.20703" lon="84.87328">
      <ele>860.5360000002511</ele>
    </rtept>
    <rtept lat="28.20712" lon="84.87336">
      <ele>858.1586559997307</ele>
    </rtept>
    <rtept lat="28.20718" lon="84.87345">
      <ele>854.2196799997299</ele>
    </rtept>
    <rtept lat="28.20729" lon="84.87356">
      <ele>848.8751680001428</ele>
    </rtept>
    <rtept lat="28.2075" lon="84.8736799">
      <ele>842.7712400000302</ele>
    </rtept>
    <rtept lat="28.20759" lon="84.87364">
      <ele>842.7006080001905</ele>
    </rtept>
    <rtept lat="28.20768" lon="84.87356">
      <ele>846.8784640002057</ele>
    </rtept>
    <rtept lat="28.20776" lon="84.87346">
      <ele>854.7863680005016</ele>
    </rtept>
    <rtept lat="28.20786" lon="84.87324">
      <ele>868.3065600003227</ele>
    </rtept>
    <rtept lat="28.20795" lon="84.87311">
      <ele>875.536800000258</ele>
    </rtept>
    <rtept lat="28.20807" lon="84.87304">
      <ele>877.8938239999087</ele>
    </rtept>
    <rtept lat="28.20823" lon="84.87302">
      <ele>870.7767680001235</ele>
    </rtept>
    <rtept lat="28.20837" lon="84.87303">
      <ele>864.1278560000412</ele>
    </rtept>
    <rtept lat="28.20864" lon="84.87298">
      <ele>858.7248640000951</ele>
    </rtept>
    <rtept lat="28.20879" lon="84.87299">
      <ele>855.4239519999132</ele>
    </rtept>
    <rtept lat="28.209" lon="84.87304">
      <ele>853.5503999998396</ele>
    </rtept>
    <rtept lat="28.20922" lon="84.87317">
      <ele>851.6226239998468</ele>
    </rtept>
    <rtept lat="28.20933" lon="84.8731899">
      <ele>854.0124019200504</ele>
    </rtept>
    <rtept lat="28.20953" lon="84.8731899">
      <ele>859.2300377600221</ele>
    </rtept>
    <rtept lat="28.2096" lon="84.87332">
      <ele>854.8217599996789</ele>
    </rtept>
    <rtept lat="28.20975" lon="84.87345">
      <ele>850.1259999997129</ele>
    </rtept>
    <rtept lat="28.20978" lon="84.87357">
      <ele>844.3756479999264</ele>
    </rtept>
    <rtept lat="28.2099" lon="84.8736799">
      <ele>839.7287104000875</ele>
    </rtept>
    <rtept lat="28.21004" lon="84.87376">
      <ele>838.3671039996441</ele>
    </rtept>
    <rtept lat="28.21015" lon="84.8738599">
      <ele>839.1934335999437</ele>
    </rtept>
    <rtept lat="28.21034" lon="84.87411">
      <ele>837.1433919998126</ele>
    </rtept>
    <rtept lat="28.2105" lon="84.87416">
      <ele>843.2463999997506</ele>
    </rtept>
    <rtept lat="28.2109" lon="84.87418">
      <ele>850.9001600001842</ele>
    </rtept>
    <rtept lat="28.21112" lon="84.87441">
      <ele>848.0039680000854</ele>
    </rtept>
    <rtept lat="28.21142" lon="84.87456">
      <ele>849.552959999883</ele>
    </rtept>
    <rtept lat="28.21171" lon="84.87477">
      <ele>848.2161440001407</ele>
    </rtept>
    <rtept lat="28.21182" lon="84.87482">
      <ele>851.2791679999818</ele>
    </rtept>
    <rtept lat="28.21192" lon="84.87483">
      <ele>857.1235519998728</ele>
    </rtept>
    <rtept lat="28.21201" lon="84.87487">
      <ele>859.8366559999555</ele>
    </rtept>
    <rtept lat="28.21209" lon="84.87497">
      <ele>860.718223999921</ele>
    </rtept>
    <rtept lat="28.21217" lon="84.8749799">
      <ele>863.3778910400199</ele>
    </rtept>
    <rtept lat="28.21228" lon="84.87493">
      <ele>866.1229119998992</ele>
    </rtept>
    <rtept lat="28.21265" lon="84.87491">
      <ele>872.1949600000053</ele>
    </rtept>
    <rtept lat="28.21274" lon="84.87495">
      <ele>873.0035200000659</ele>
    </rtept>
    <rtept lat="28.21296" lon="84.87512">
      <ele>859.8012160005567</ele>
    </rtept>
    <rtept lat="28.21321" lon="84.87506">
      <ele>868.3643839994221</ele>
    </rtept>
    <rtept lat="28.21347" lon="84.87511">
      <ele>864.5995039992537</ele>
    </rtept>
    <rtept lat="28.21371" lon="84.87513">
      <ele>868.8669440000792</ele>
    </rtept>
    <rtept lat="28.21372" lon="84.87518">
      <ele>864.5002879998855</ele>
    </rtept>
    <rtept lat="28.21358" lon="84.87522">
      <ele>852.7781120001437</ele>
    </rtept>
    <rtept lat="28.21354" lon="84.87527">
      <ele>846.4184959999347</ele>
    </rtept>
    <rtept lat="28.21357" lon="84.87531">
      <ele>842.2625120001109</ele>
    </rtept>
    <rtept lat="28.21373" lon="84.87533">
      <ele>848.3262559993512</ele>
    </rtept>
    <rtept lat="28.21387" lon="84.87526">
      <ele>868.5383360001701</ele>
    </rtept>
    <rtept lat="28.21392" lon="84.87524">
      <ele>871.460927999708</ele>
    </rtept>
    <rtept lat="28.21405" lon="84.87524">
      <ele>872.6515199996605</ele>
    </rtept>
    <rtept lat="28.21411" lon="84.87522">
      <ele>874.5822720000964</ele>
    </rtept>
    <rtept lat="28.21428" lon="84.87528">
      <ele>872.4462079996797</ele>
    </rtept>
    <rtept lat="28.21442" lon="84.87547">
      <ele>857.5306879993734</ele>
    </rtept>
    <rtept lat="28.21478" lon="84.87566">
      <ele>822.5013760001905</ele>
    </rtept>
    <rtept lat="28.21505" lon="84.8756">
      <ele>827.3535999996537</ele>
    </rtept>
    <rtept lat="28.21524" lon="84.87562">
      <ele>825.6866560001407</ele>
    </rtept>
    <rtept lat="28.21545" lon="84.87562">
      <ele>824.5950400001151</ele>
    </rtept>
    <rtept lat="28.21554" lon="84.8756499">
      <ele>822.638560960044</ele>
    </rtept>
    <rtept lat="28.21566" lon="84.87563">
      <ele>823.6904639999491</ele>
    </rtept>
    <rtept lat="28.21574" lon="84.8756499">
      <ele>822.7976380800503</ele>
    </rtept>
    <rtept lat="28.21608" lon="84.87559">
      <ele>833.1409919998415</ele>
    </rtept>
    <rtept lat="28.21623" lon="84.87552">
      <ele>837.9760000004217</ele>
    </rtept>
    <rtept lat="28.21633" lon="84.87551">
      <ele>837.2919999995856</ele>
    </rtept>
    <rtept lat="28.21655" lon="84.87553">
      <ele>827.6518400000747</ele>
    </rtept>
    <rtept lat="28.21686" lon="84.87549">
      <ele>814.9992320000099</ele>
    </rtept>
    <rtept lat="28.21699" lon="84.87546">
      <ele>813.1119999998123</ele>
    </rtept>
    <rtept lat="28.21711" lon="84.87541">
      <ele>817.8639999999427</ele>
    </rtept>
    <rtept lat="28.2173" lon="84.87539">
      <ele>821.8251200001898</ele>
    </rtept>
    <rtept lat="28.2175" lon="84.87545">
      <ele>821.1799999999661</ele>
    </rtept>
    <rtept lat="28.21762" lon="84.8754">
      <ele>822.7798400000368</ele>
    </rtept>
    <rtept lat="28.21776" lon="84.87542">
      <ele>821.409535999752</ele>
    </rtept>
    <rtept lat="28.21794" lon="84.87547">
      <ele>818.1957439996456</ele>
    </rtept>
    <rtept lat="28.21844" lon="84.87544">
      <ele>828.9760000001984</ele>
    </rtept>
    <rtept lat="28.21854" lon="84.87546">
      <ele>830.4879999997579</ele>
    </rtept>
    <rtept lat="28.21886" lon="84.87542">
      <ele>840.1892479995954</ele>
    </rtept>
    <rtept lat="28.21895" lon="84.87548">
      <ele>838.1806400002637</ele>
    </rtept>
    <rtept lat="28.21913" lon="84.87548">
      <ele>843.3076160002345</ele>
    </rtept>
    <rtept lat="28.21921" lon="84.87545">
      <ele>846.6072799999621</ele>
    </rtept>
    <rtept lat="28.21948" lon="84.87542">
      <ele>850.4624639996433</ele>
    </rtept>
    <rtept lat="28.21958" lon="84.87544">
      <ele>846.8590080001409</ele>
    </rtept>
    <rtept lat="28.21978" lon="84.87555">
      <ele>834.0636799997403</ele>
    </rtept>
    <rtept lat="28.21999" lon="84.87558">
      <ele>825.0154880000374</ele>
    </rtept>
    <rtept lat="28.22022" lon="84.87553">
      <ele>828.1288640001479</ele>
    </rtept>
    <rtept lat="28.22037" lon="84.87546">
      <ele>835.618207999729</ele>
    </rtept>
    <rtept lat="28.22055" lon="84.87544">
      <ele>842.3196800001393</ele>
    </rtept>
    <rtept lat="28.22066" lon="84.87546">
      <ele>842.9306239997471</ele>
    </rtept>
    <rtept lat="28.22075" lon="84.8755">
      <ele>842.2399999998518</ele>
    </rtept>
    <rtept lat="28.22085" lon="84.87558">
      <ele>840.6108799999768</ele>
    </rtept>
    <rtept lat="28.22111" lon="84.87567">
      <ele>844.786592000007</ele>
    </rtept>
    <rtept lat="28.22123" lon="84.8757">
      <ele>842.9774400002908</ele>
    </rtept>
    <rtept lat="28.22141" lon="84.87568">
      <ele>843.5462399998695</ele>
    </rtept>
    <rtept lat="28.22146" lon="84.87572">
      <ele>840.7497599999335</ele>
    </rtept>
    <rtept lat="28.22155" lon="84.87573">
      <ele>839.2931999997894</ele>
    </rtept>
    <rtept lat="28.22175" lon="84.87581">
      <ele>833.0255999999342</ele>
    </rtept>
    <rtept lat="28.2218" lon="84.87578">
      <ele>833.4892799996413</ele>
    </rtept>
    <rtept lat="28.22186" lon="84.87577">
      <ele>832.9055039998447</ele>
    </rtept>
    <rtept lat="28.22193" lon="84.87578">
      <ele>830.9321279995866</ele>
    </rtept>
    <rtept lat="28.22198" lon="84.87576">
      <ele>830.378624000087</ele>
    </rtept>
    <rtept lat="28.22204" lon="84.87576">
      <ele>827.6155520000281</ele>
    </rtept>
    <rtept lat="28.22209" lon="84.87572">
      <ele>827.8226239998578</ele>
    </rtept>
    <rtept lat="28.22223" lon="84.87568">
      <ele>823.5578239998592</ele>
    </rtept>
    <rtept lat="28.22227" lon="84.8757">
      <ele>820.9462400002482</ele>
    </rtept>
    <rtept lat="28.22233" lon="84.87569">
      <ele>819.4008319996451</ele>
    </rtept>
    <rtept lat="28.22238" lon="84.8756499">
      <ele>820.2500979200257</ele>
    </rtept>
    <rtept lat="28.22256" lon="84.8756499">
      <ele>812.8327356799846</ele>
    </rtept>
    <rtept lat="28.22271" lon="84.87561">
      <ele>806.5092320003242</ele>
    </rtept>
    <rtept lat="28.22287" lon="84.87547">
      <ele>807.5749759996706</ele>
    </rtept>
    <rtept lat="28.22289" lon="84.87538">
      <ele>811.2106879997007</ele>
    </rtept>
    <rtept lat="28.22288" lon="84.8751599">
      <ele>823.7861417600087</ele>
    </rtept>
    <rtept lat="28.22294" lon="84.87502">
      <ele>828.6266239995578</ele>
    </rtept>
    <rtept lat="28.22301" lon="84.87495">
      <ele>827.3211200002021</ele>
    </rtept>
    <rtept lat="28.22304" lon="84.87474">
      <ele>836.530495999753</ele>
    </rtept>
    <rtept lat="28.22321" lon="84.87456">
      <ele>843.1805119996549</ele>
    </rtept>
    <rtept lat="28.22325" lon="84.87447">
      <ele>846.0967999998186</ele>
    </rtept>
    <rtept lat="28.22332" lon="84.87441">
      <ele>844.3128640002202</ele>
    </rtept>
    <rtept lat="28.22344" lon="84.87438">
      <ele>843.413823999701</ele>
    </rtept>
    <rtept lat="28.22355" lon="84.87439">
      <ele>838.318239999299</ele>
    </rtept>
    <rtept lat="28.22379" lon="84.87431">
      <ele>838.7446560008913</ele>
    </rtept>
    <rtept lat="28.22391" lon="84.87423">
      <ele>847.2279040004607</ele>
    </rtept>
    <rtept lat="28.224" lon="84.8741299">
      <ele>856.7060800000029</ele>
    </rtept>
    <rtept lat="28.22441" lon="84.87392">
      <ele>863.313664000218</ele>
    </rtept>
    <rtept lat="28.22457" lon="84.87392">
      <ele>866.7442560002098</ele>
    </rtept>
    <rtept lat="28.22465" lon="84.8739">
      <ele>871.9823999992433</ele>
    </rtept>
    <rtept lat="28.2247" lon="84.87385">
      <ele>882.0095999991738</ele>
    </rtept>
    <rtept lat="28.22479" lon="84.8739">
      <ele>873.4463999992938</ele>
    </rtept>
    <rtept lat="28.22485" lon="84.87387">
      <ele>877.0265600005886</ele>
    </rtept>
    <rtept lat="28.22494" lon="84.8737699">
      <ele>893.3129484801271</ele>
    </rtept>
    <rtept lat="28.22499" lon="84.87374">
      <ele>897.941408000391</ele>
    </rtept>
    <rtept lat="28.22501" lon="84.8736799">
      <ele>908.1750459201088</ele>
    </rtept>
    <rtept lat="28.22505" lon="84.87366">
      <ele>909.6886399998608</ele>
    </rtept>
    <rtept lat="28.2251" lon="84.8736799">
      <ele>904.1884592000789</ele>
    </rtept>
    <rtept lat="28.22519" lon="84.87364">
      <ele>905.1241280005868</ele>
    </rtept>
    <rtept lat="28.22539" lon="84.87371">
      <ele>893.0389439997571</ele>
    </rtept>
    <rtept lat="28.22545" lon="84.8737">
      <ele>893.6904000000546</ele>
    </rtept>
    <rtept lat="28.22575" lon="84.8737699">
      <ele>891.5958560000784</ele>
    </rtept>
    <rtept lat="28.22591" lon="84.87383">
      <ele>887.4724640001451</ele>
    </rtept>
    <rtept lat="28.22611" lon="84.87382">
      <ele>883.9909760003235</ele>
    </rtept>
    <rtept lat="28.22637" lon="84.87378">
      <ele>881.776032000248</ele>
    </rtept>
    <rtept lat="28.22648" lon="84.87381">
      <ele>874.6583679996024</ele>
    </rtept>
    <rtept lat="28.22661" lon="84.87375">
      <ele>873.549999999854</ele>
    </rtept>
    <rtept lat="28.22666" lon="84.87376">
      <ele>870.2997759996169</ele>
    </rtept>
    <rtept lat="28.22675" lon="84.87372">
      <ele>868.5999999995398</ele>
    </rtept>
    <rtept lat="28.22686" lon="84.8737">
      <ele>862.9552000001444</ele>
    </rtept>
    <rtept lat="28.22696" lon="84.87371">
      <ele>856.160127999871</ele>
    </rtept>
    <rtept lat="28.22735" lon="84.87363">
      <ele>857.7974399996085</ele>
    </rtept>
    <rtept lat="28.22753" lon="84.87361">
      <ele>863.8694080001139</ele>
    </rtept>
  </rte>
  <rte>
    <name>Manaslu Trek - Day 3</name>
    <rtept lat="28.22813" lon="84.87366">
      <ele>866.1085119999269</ele>
    </rtept>
    <rtept lat="28.22821" lon="84.87362">
      <ele>868.8681279998318</ele>
    </rtept>
    <rtept lat="28.22844" lon="84.87358">
      <ele>868.1900159997796</ele>
    </rtept>
    <rtept lat="28.22863" lon="84.87349">
      <ele>869.5653919997841</ele>
    </rtept>
    <rtept lat="28.22869" lon="84.87343">
      <ele>871.2674720000355</ele>
    </rtept>
    <rtept lat="28.22879" lon="84.87323">
      <ele>872.5708159998134</ele>
    </rtept>
    <rtept lat="28.22892" lon="84.87303">
      <ele>876.6153920000256</ele>
    </rtept>
    <rtept lat="28.22914" lon="84.87259">
      <ele>885.1164159999529</ele>
    </rtept>
    <rtept lat="28.22931" lon="84.87205">
      <ele>879.7091999999608</ele>
    </rtept>
    <rtept lat="28.22942" lon="84.87191">
      <ele>876.9050879999642</ele>
    </rtept>
    <rtept lat="28.22956" lon="84.87156">
      <ele>883.7816960000001</ele>
    </rtept>
    <rtept lat="28.22969" lon="84.8714">
      <ele>882.4937600001265</ele>
    </rtept>
    <rtept lat="28.22993" lon="84.87111">
      <ele>872.28790399997</ele>
    </rtept>
    <rtept lat="28.23002" lon="84.8707">
      <ele>878.7804799999974</ele>
    </rtept>
    <rtept lat="28.2301" lon="84.87056">
      <ele>877.0179199999903</ele>
    </rtept>
    <rtept lat="28.23024" lon="84.87042">
      <ele>878.79584000007</ele>
    </rtept>
    <rtept lat="28.23039" lon="84.87017">
      <ele>879.234495999989</ele>
    </rtept>
    <rtept lat="28.23052" lon="84.87002">
      <ele>877.6775680000462</ele>
    </rtept>
    <rtept lat="28.2306" lon="84.86996">
      <ele>878.8835199997237</ele>
    </rtept>
    <rtept lat="28.23091" lon="84.86986">
      <ele>878.2404159999533</ele>
    </rtept>
    <rtept lat="28.23097" lon="84.8698">
      <ele>879.1009600000377</ele>
    </rtept>
    <rtept lat="28.23105" lon="84.86984">
      <ele>878.1851200000787</ele>
    </rtept>
    <rtept lat="28.23154" lon="84.87027">
      <ele>889.899071999864</ele>
    </rtept>
    <rtept lat="28.23158" lon="84.87032">
      <ele>890.8822399998257</ele>
    </rtept>
    <rtept lat="28.23162" lon="84.87042">
      <ele>889.1801600001496</ele>
    </rtept>
    <rtept lat="28.23152" lon="84.87052">
      <ele>881.7641600000171</ele>
    </rtept>
    <rtept lat="28.23155" lon="84.8707699">
      <ele>884.4950679998886</ele>
    </rtept>
    <rtept lat="28.2315" lon="84.87094">
      <ele>881.4304000000479</ele>
    </rtept>
    <rtept lat="28.23152" lon="84.8713099">
      <ele>883.5042275199835</ele>
    </rtept>
    <rtept lat="28.23146" lon="84.87167">
      <ele>881.1049279998961</ele>
    </rtept>
    <rtept lat="28.23145" lon="84.8719799">
      <ele>880.6056383999482</ele>
    </rtept>
    <rtept lat="28.23149" lon="84.8722499">
      <ele>877.0707889600443</ele>
    </rtept>
    <rtept lat="28.23154" lon="84.87243">
      <ele>875.24291200008</ele>
    </rtept>
    <rtept lat="28.23156" lon="84.87269">
      <ele>873.4146880000611</ele>
    </rtept>
    <rtept lat="28.23167" lon="84.8730099">
      <ele>876.7128585600809</ele>
    </rtept>
    <rtept lat="28.23172" lon="84.87307">
      <ele>879.1720639999645</ele>
    </rtept>
    <rtept lat="28.23173" lon="84.87336">
      <ele>877.5884479998763</ele>
    </rtept>
    <rtept lat="28.23165" lon="84.87361">
      <ele>871.3515199999431</ele>
    </rtept>
    <rtept lat="28.23155" lon="84.87376">
      <ele>863.3171199998293</ele>
    </rtept>
    <rtept lat="28.23152" lon="84.87384">
      <ele>860.035071999956</ele>
    </rtept>
    <rtept lat="28.23155" lon="84.87389">
      <ele>859.7153599997204</ele>
    </rtept>
    <rtept lat="28.2318" lon="84.874">
      <ele>860.0000000003704</ele>
    </rtept>
    <rtept lat="28.23199" lon="84.87414">
      <ele>856.9380480001967</ele>
    </rtept>
    <rtept lat="28.23223" lon="84.87427">
      <ele>862.2431680004141</ele>
    </rtept>
    <rtept lat="28.23254" lon="84.87451">
      <ele>860.886207999972</ele>
    </rtept>
    <rtept lat="28.23289" lon="84.87474">
      <ele>854.1608639999243</ele>
    </rtept>
    <rtept lat="28.23309" lon="84.87486">
      <ele>853.1134720001148</ele>
    </rtept>
    <rtept lat="28.23318" lon="84.8748899">
      <ele>854.032024960058</ele>
    </rtept>
    <rtept lat="28.23328" lon="84.87496">
      <ele>851.8704639999103</ele>
    </rtept>
    <rtept lat="28.23348" lon="84.87508">
      <ele>852.2237440000586</ele>
    </rtept>
    <rtept lat="28.23379" lon="84.8752">
      <ele>854.6132799997571</ele>
    </rtept>
    <rtept lat="28.23394" lon="84.87541">
      <ele>853.4765759999823</ele>
    </rtept>
    <rtept lat="28.23413" lon="84.87555">
      <ele>852.9669599998349</ele>
    </rtept>
    <rtept lat="28.23427" lon="84.8756">
      <ele>852.0433599996152</ele>
    </rtept>
    <rtept lat="28.23449" lon="84.87564">
      <ele>852.082143999682</ele>
    </rtept>
    <rtept lat="28.23474" lon="84.87578">
      <ele>844.9571839994313</ele>
    </rtept>
    <rtept lat="28.23537" lon="84.87596">
      <ele>859.4710399993209</ele>
    </rtept>
    <rtept lat="28.23575" lon="84.87597">
      <ele>862.5860000004933</ele>
    </rtept>
    <rtept lat="28.23587" lon="84.87608">
      <ele>852.9744319998324</ele>
    </rtept>
    <rtept lat="28.23612" lon="84.8760999">
      <ele>849.8240684800312</ele>
    </rtept>
    <rtept lat="28.23637" lon="84.87605">
      <ele>847.9909599993913</ele>
    </rtept>
    <rtept lat="28.2367" lon="84.87609">
      <ele>840.5374399995213</ele>
    </rtept>
    <rtept lat="28.23683" lon="84.87602">
      <ele>851.25276800025</ele>
    </rtept>
    <rtept lat="28.23721" lon="84.87603">
      <ele>853.6029119999852</ele>
    </rtept>
    <rtept lat="28.23732" lon="84.87607">
      <ele>851.4118080000965</ele>
    </rtept>
    <rtept lat="28.23755" lon="84.87599">
      <ele>856.659599999925</ele>
    </rtept>
    <rtept lat="28.23763" lon="84.87594">
      <ele>858.0945600000122</ele>
    </rtept>
    <rtept lat="28.23771" lon="84.87591">
      <ele>858.0592799997823</ele>
    </rtept>
    <rtept lat="28.23779" lon="84.87593">
      <ele>855.4126880001293</ele>
    </rtept>
    <rtept lat="28.23794" lon="84.87587">
      <ele>853.0829119997765</ele>
    </rtept>
    <rtept lat="28.23801" lon="84.87588">
      <ele>850.3195520002531</ele>
    </rtept>
    <rtept lat="28.23807" lon="84.8759199">
      <ele>846.8129849600226</ele>
    </rtept>
    <rtept lat="28.2381" lon="84.8759">
      <ele>847.66879999992</ele>
    </rtept>
    <rtept lat="28.23822" lon="84.87594">
      <ele>843.6920960000233</ele>
    </rtept>
    <rtept lat="28.23889" lon="84.87594">
      <ele>841.4015680000116</ele>
    </rtept>
    <rtept lat="28.23913" lon="84.87588">
      <ele>848.3101120003844</ele>
    </rtept>
    <rtept lat="28.2392" lon="84.87584">
      <ele>853.7468800003072</ele>
    </rtept>
    <rtept lat="28.23942" lon="84.87589">
      <ele>858.322048000105</ele>
    </rtept>
    <rtept lat="28.23962" lon="84.87591">
      <ele>869.4198399994721</ele>
    </rtept>
    <rtept lat="28.23973" lon="84.87597">
      <ele>870.3942400005174</ele>
    </rtept>
    <rtept lat="28.2398" lon="84.87604">
      <ele>864.1647999996317</ele>
    </rtept>
    <rtept lat="28.23998" lon="84.8760099">
      <ele>870.5113408000389</ele>
    </rtept>
    <rtept lat="28.24002" lon="84.876">
      <ele>872.4015999993505</ele>
    </rtept>
    <rtept lat="28.24009" lon="84.87603">
      <ele>868.7582559999678</ele>
    </rtept>
    <rtept lat="28.24031" lon="84.876">
      <ele>878.6887999993568</ele>
    </rtept>
    <rtept lat="28.24054" lon="84.87604">
      <ele>900.3063679995378</ele>
    </rtept>
    <rtept lat="28.24063" lon="84.87608">
      <ele>907.5300159997223</ele>
    </rtept>
    <rtept lat="28.24067" lon="84.87607">
      <ele>914.0409760003664</ele>
    </rtept>
    <rtept lat="28.24073" lon="84.8760999">
      <ele>918.5528660799248</ele>
    </rtept>
    <rtept lat="28.24083" lon="84.87611">
      <ele>930.6879520002244</ele>
    </rtept>
    <rtept lat="28.24088" lon="84.87618">
      <ele>922.0899199993327</ele>
    </rtept>
    <rtept lat="28.24102" lon="84.87616">
      <ele>928.9961600000727</ele>
    </rtept>
    <rtept lat="28.24107" lon="84.87618">
      <ele>929.230879999703</ele>
    </rtept>
    <rtept lat="28.24112" lon="84.87626">
      <ele>927.5862399998194</ele>
    </rtept>
    <rtept lat="28.24119" lon="84.87632">
      <ele>928.8361599996159</ele>
    </rtept>
    <rtept lat="28.24154" lon="84.87643">
      <ele>931.3031680000744</ele>
    </rtept>
    <rtept lat="28.24168" lon="84.87636">
      <ele>937.0030719994701</ele>
    </rtept>
    <rtept lat="28.24188" lon="84.87637">
      <ele>939.2059840003793</ele>
    </rtept>
    <rtept lat="28.24202" lon="84.87641">
      <ele>936.5993279995582</ele>
    </rtept>
    <rtept lat="28.24208" lon="84.87644">
      <ele>933.8302079998323</ele>
    </rtept>
    <rtept lat="28.24217" lon="84.87646">
      <ele>931.1921280003271</ele>
    </rtept>
    <rtept lat="28.24228" lon="84.8765899">
      <ele>920.8195142400424</ele>
    </rtept>
    <rtept lat="28.24242" lon="84.8765899">
      <ele>918.0209433600742</ele>
    </rtept>
    <rtept lat="28.2425" lon="84.87671">
      <ele>907.4759999997168</ele>
    </rtept>
    <rtept lat="28.24256" lon="84.87676">
      <ele>901.5336959995193</ele>
    </rtept>
    <rtept lat="28.24267" lon="84.87673">
      <ele>903.6058560005657</ele>
    </rtept>
    <rtept lat="28.24272" lon="84.87673">
      <ele>903.0816960005989</ele>
    </rtept>
    <rtept lat="28.2428" lon="84.87675">
      <ele>900.2279999998391</ele>
    </rtept>
    <rtept lat="28.24285" lon="84.87678">
      <ele>897.0081600004065</ele>
    </rtept>
    <rtept lat="28.243" lon="84.8768">
      <ele>895.7279999996607</ele>
    </rtept>
    <rtept lat="28.24306" lon="84.87688">
      <ele>887.4234240000045</ele>
    </rtept>
    <rtept lat="28.24311" lon="84.87694">
      <ele>883.2462719995495</ele>
    </rtept>
    <rtept lat="28.24317" lon="84.87705">
      <ele>876.7361600002324</ele>
    </rtept>
    <rtept lat="28.2435" lon="84.87746">
      <ele>863.4672000000531</ele>
    </rtept>
    <rtept lat="28.2439" lon="84.87784">
      <ele>861.0121599999298</ele>
    </rtept>
    <rtept lat="28.24393" lon="84.87796">
      <ele>861.3076479999164</ele>
    </rtept>
    <rtept lat="28.24407" lon="84.87815">
      <ele>865.3246399999351</ele>
    </rtept>
    <rtept lat="28.24423" lon="84.87842">
      <ele>864.2479999998382</ele>
    </rtept>
    <rtept lat="28.24435" lon="84.87854">
      <ele>862.5199999999822</ele>
    </rtept>
    <rtept lat="28.24466" lon="84.87878">
      <ele>866.8977279998612</ele>
    </rtept>
    <rtept lat="28.24474" lon="84.8789">
      <ele>865.0076799999609</ele>
    </rtept>
    <rtept lat="28.24481" lon="84.87898">
      <ele>864.2669440000587</ele>
    </rtept>
    <rtept lat="28.24489" lon="84.87902">
      <ele>865.099264000103</ele>
    </rtept>
    <rtept lat="28.24508" lon="84.87924">
      <ele>864.3961600001089</ele>
    </rtept>
    <rtept lat="28.24519" lon="84.87934">
      <ele>864.8180800000305</ele>
    </rtept>
    <rtept lat="28.24539" lon="84.87949">
      <ele>864.9747679999433</ele>
    </rtept>
    <rtept lat="28.24552" lon="84.87952">
      <ele>864.4795520000051</ele>
    </rtept>
    <rtept lat="28.24567" lon="84.8795899">
      <ele>864.5025422400186</ele>
    </rtept>
    <rtept lat="28.24607" lon="84.87955">
      <ele>874.9807200002047</ele>
    </rtept>
    <rtept lat="28.24625" lon="84.87964">
      <ele>876.2000000002275</ele>
    </rtept>
    <rtept lat="28.24633" lon="84.87966">
      <ele>877.3805119999538</ele>
    </rtept>
    <rtept lat="28.24652" lon="84.87969">
      <ele>878.9787520001748</ele>
    </rtept>
    <rtept lat="28.24662" lon="84.87967">
      <ele>881.0964159997819</ele>
    </rtept>
    <rtept lat="28.24687" lon="84.8797">
      <ele>879.739360000013</ele>
    </rtept>
    <rtept lat="28.24728" lon="84.87984">
      <ele>874.190847999879</ele>
    </rtept>
    <rtept lat="28.24742" lon="84.87987">
      <ele>871.6912960002937</ele>
    </rtept>
    <rtept lat="28.24756" lon="84.87993">
      <ele>865.3789119998185</ele>
    </rtept>
    <rtept lat="28.24767" lon="84.88002">
      <ele>854.9841279999819</ele>
    </rtept>
    <rtept lat="28.24776" lon="84.8800399">
      <ele>852.7910540800124</ele>
    </rtept>
    <rtept lat="28.24797" lon="84.88013">
      <ele>863.2324640004529</ele>
    </rtept>
    <rtept lat="28.24813" lon="84.8801">
      <ele>872.6358400001444</ele>
    </rtept>
    <rtept lat="28.2483" lon="84.88005">
      <ele>878.2072000002962</ele>
    </rtept>
    <rtept lat="28.24846" lon="84.87997">
      <ele>892.9747840000393</ele>
    </rtept>
    <rtept lat="28.24851" lon="84.87997">
      <ele>895.1643039999581</ele>
    </rtept>
    <rtept lat="28.24857" lon="84.87999">
      <ele>895.8825759994153</ele>
    </rtept>
    <rtept lat="28.24863" lon="84.88005">
      <ele>892.3444000002763</ele>
    </rtept>
    <rtept lat="28.24869" lon="84.88022">
      <ele>873.7820800006839</ele>
    </rtept>
    <rtept lat="28.24888" lon="84.8802">
      <ele>876.3135999996721</ele>
    </rtept>
    <rtept lat="28.24899" lon="84.88024">
      <ele>876.4049599998533</ele>
    </rtept>
    <rtept lat="28.24907" lon="84.88024">
      <ele>881.4852799998943</ele>
    </rtept>
    <rtept lat="28.24914" lon="84.88027">
      <ele>882.1548800005556</ele>
    </rtept>
    <rtept lat="28.24917" lon="84.88031">
      <ele>880.3132320004586</ele>
    </rtept>
    <rtept lat="28.24924" lon="84.8803">
      <ele>880.547519999657</ele>
    </rtept>
    <rtept lat="28.24932" lon="84.88021">
      <ele>890.7042559992266</ele>
    </rtept>
    <rtept lat="28.24945" lon="84.88014">
      <ele>902.5057600004018</ele>
    </rtept>
    <rtept lat="28.2496" lon="84.88017">
      <ele>915.97983999894</ele>
    </rtept>
    <rtept lat="28.24971" lon="84.8801">
      <ele>941.8235200002563</ele>
    </rtept>
    <rtept lat="28.2498" lon="84.88008">
      <ele>951.8518399988887</ele>
    </rtept>
    <rtept lat="28.24988" lon="84.8801">
      <ele>953.6748800002673</ele>
    </rtept>
    <rtept lat="28.25006" lon="84.88031">
      <ele>927.3322880009956</ele>
    </rtept>
    <rtept lat="28.25009" lon="84.88036">
      <ele>918.6297920006803</ele>
    </rtept>
    <rtept lat="28.2502" lon="84.88037">
      <ele>918.3579200001034</ele>
    </rtept>
    <rtept lat="28.25035" lon="84.88034">
      <ele>928.3419199995694</ele>
    </rtept>
    <rtept lat="28.25056" lon="84.88037">
      <ele>938.689120000138</ele>
    </rtept>
    <rtept lat="28.25073" lon="84.8804399">
      <ele>926.2988992001622</ele>
    </rtept>
    <rtept lat="28.25087" lon="84.88048">
      <ele>921.446463999134</ele>
    </rtept>
    <rtept lat="28.25093" lon="84.88056">
      <ele>909.9815679995723</ele>
    </rtept>
    <rtept lat="28.25114" lon="84.8807">
      <ele>892.3107199992161</ele>
    </rtept>
    <rtept lat="28.25116" lon="84.88078">
      <ele>881.0366719996246</ele>
    </rtept>
    <rtept lat="28.25114" lon="84.881">
      <ele>866.3935999999692</ele>
    </rtept>
    <rtept lat="28.25116" lon="84.88104">
      <ele>866.2328959999868</ele>
    </rtept>
    <rtept lat="28.25132" lon="84.88093">
      <ele>879.368863999591</ele>
    </rtept>
    <rtept lat="28.25135" lon="84.88095">
      <ele>879.9008000000216</ele>
    </rtept>
    <rtept lat="28.25136" lon="84.88102">
      <ele>875.6142079994652</ele>
    </rtept>
    <rtept lat="28.25134" lon="84.8811">
      <ele>869.4953599997406</ele>
    </rtept>
    <rtept lat="28.25138" lon="84.88121">
      <ele>866.9507840001406</ele>
    </rtept>
    <rtept lat="28.25151" lon="84.88136">
      <ele>867.2826879999617</ele>
    </rtept>
    <rtept lat="28.25161" lon="84.88141">
      <ele>868.9130239998553</ele>
    </rtept>
    <rtept lat="28.25171" lon="84.88149">
      <ele>867.5047040000144</ele>
    </rtept>
    <rtept lat="28.2519" lon="84.88178">
      <ele>865.1388799999492</ele>
    </rtept>
    <rtept lat="28.25198" lon="84.88198">
      <ele>867.5447680000045</ele>
    </rtept>
    <rtept lat="28.25206" lon="84.88208">
      <ele>868.8540159999895</ele>
    </rtept>
    <rtept lat="28.25209" lon="84.88208">
      <ele>869.715423999958</ele>
    </rtept>
    <rtept lat="28.25213" lon="84.88217">
      <ele>870.3248320000207</ele>
    </rtept>
    <rtept lat="28.25249" lon="84.8822">
      <ele>869.9180800000677</ele>
    </rtept>
    <rtept lat="28.2526" lon="84.88215">
      <ele>869.2672000001388</ele>
    </rtept>
    <rtept lat="28.25271" lon="84.88204">
      <ele>871.259871999844</ele>
    </rtept>
    <rtept lat="28.25272" lon="84.88196">
      <ele>874.3912959997301</ele>
    </rtept>
    <rtept lat="28.25279" lon="84.88195">
      <ele>873.6755199998483</ele>
    </rtept>
    <rtept lat="28.2529" lon="84.88176">
      <ele>883.956480000011</ele>
    </rtept>
    <rtept lat="28.253" lon="84.88175">
      <ele>884.5800000002026</ele>
    </rtept>
    <rtept lat="28.25308" lon="84.8817">
      <ele>888.1145600003266</ele>
    </rtept>
    <rtept lat="28.25323" lon="84.8815599">
      <ele>900.2061627200252</ele>
    </rtept>
    <rtept lat="28.25327" lon="84.8815">
      <ele>906.0847999997955</ele>
    </rtept>
    <rtept lat="28.25333" lon="84.8815">
      <ele>907.899199999708</ele>
    </rtept>
    <rtept lat="28.25337" lon="84.88148">
      <ele>910.15059200033</ele>
    </rtept>
    <rtept lat="28.2534" lon="84.8813799">
      <ele>919.0055264000556</ele>
    </rtept>
    <rtept lat="28.25359" lon="84.88148">
      <ele>912.2541440002974</ele>
    </rtept>
    <rtept lat="28.25406" lon="84.8820099">
      <ele>897.4457999999527</ele>
    </rtept>
    <rtept lat="28.25413" lon="84.8822">
      <ele>897.5520000000442</ele>
    </rtept>
    <rtept lat="28.25413" lon="84.88243">
      <ele>893.7082080000096</ele>
    </rtept>
    <rtept lat="28.25403" lon="84.88263">
      <ele>888.3427679999955</ele>
    </rtept>
    <rtept lat="28.25379" lon="84.8829499">
      <ele>875.3546481599623</ele>
    </rtept>
    <rtept lat="28.25408" lon="84.88322">
      <ele>874.5985920002182</ele>
    </rtept>
    <rtept lat="28.25421" lon="84.88328">
      <ele>877.3440960000562</ele>
    </rtept>
    <rtept lat="28.25448" lon="84.88312">
      <ele>893.5907839997907</ele>
    </rtept>
    <rtept lat="28.25462" lon="84.88339">
      <ele>886.4178559998425</ele>
    </rtept>
    <rtept lat="28.25498" lon="84.88385">
      <ele>884.5564800000022</ele>
    </rtept>
    <rtept lat="28.25513" lon="84.88394">
      <ele>885.5604480001356</ele>
    </rtept>
    <rtept lat="28.2552" lon="84.88405">
      <ele>884.3303999999231</ele>
    </rtept>
    <rtept lat="28.25531" lon="84.88411">
      <ele>885.900671999922</ele>
    </rtept>
    <rtept lat="28.25542" lon="84.88408">
      <ele>889.3365120000624</ele>
    </rtept>
    <rtept lat="28.25553" lon="84.88409">
      <ele>892.1427840000006</ele>
    </rtept>
    <rtept lat="28.25562" lon="84.88418">
      <ele>893.03027199999</ele>
    </rtept>
    <rtept lat="28.25569" lon="84.8843">
      <ele>891.5286400001318</ele>
    </rtept>
    <rtept lat="28.25579" lon="84.88439">
      <ele>891.9891520001154</ele>
    </rtept>
    <rtept lat="28.25601" lon="84.88452">
      <ele>895.6219840001364</ele>
    </rtept>
    <rtept lat="28.25609" lon="84.88462">
      <ele>895.7959360000622</ele>
    </rtept>
    <rtept lat="28.25615" lon="84.88472">
      <ele>896.0182400000432</ele>
    </rtept>
    <rtept lat="28.25626" lon="84.88485">
      <ele>897.8240000000478</ele>
    </rtept>
    <rtept lat="28.2564" lon="84.88494">
      <ele>902.4803199999436</ele>
    </rtept>
    <rtept lat="28.25657" lon="84.88513">
      <ele>903.7377279998043</ele>
    </rtept>
    <rtept lat="28.25671" lon="84.88525">
      <ele>906.8056000002188</ele>
    </rtept>
    <rtept lat="28.25691" lon="84.88555">
      <ele>908.8601600004049</ele>
    </rtept>
    <rtept lat="28.25699" lon="84.88571">
      <ele>905.8216319997388</ele>
    </rtept>
    <rtept lat="28.25717" lon="84.88616">
      <ele>891.5345599998088</ele>
    </rtept>
    <rtept lat="28.25722" lon="84.88627">
      <ele>887.1051200001717</ele>
    </rtept>
    <rtept lat="28.25739" lon="84.8864399">
      <ele>879.1476713599977</ele>
    </rtept>
    <rtept lat="28.25754" lon="84.8866199">
      <ele>879.5384383999555</ele>
    </rtept>
    <rtept lat="28.25786" lon="84.88691">
      <ele>888.0818559999906</ele>
    </rtept>
    <rtept lat="28.2581" lon="84.88718">
      <ele>870.6377599999931</ele>
    </rtept>
    <rtept lat="28.25825" lon="84.88731">
      <ele>860.4575999999904</ele>
    </rtept>
    <rtept lat="28.25843" lon="84.88758">
      <ele>861.5131200000171</ele>
    </rtept>
    <rtept lat="28.25858" lon="84.88766">
      <ele>867.9254399998692</ele>
    </rtept>
    <rtept lat="28.25868" lon="84.88776">
      <ele>875.9842559998916</ele>
    </rtept>
    <rtept lat="28.25879" lon="84.88791">
      <ele>879.3403679999082</ele>
    </rtept>
    <rtept lat="28.25898" lon="84.88806">
      <ele>883.647488000317</ele>
    </rtept>
    <rtept lat="28.25907" lon="84.8881">
      <ele>885.2499200003823</ele>
    </rtept>
    <rtept lat="28.25919" lon="84.8881">
      <ele>889.7331200002852</ele>
    </rtept>
    <rtept lat="28.25938" lon="84.88819">
      <ele>884.4805760003044</ele>
    </rtept>
    <rtept lat="28.26012" lon="84.88849">
      <ele>875.328575999856</ele>
    </rtept>
    <rtept lat="28.26022" lon="84.88848">
      <ele>877.1637119999367</ele>
    </rtept>
    <rtept lat="28.26067" lon="84.88862">
      <ele>908.5225280000386</ele>
    </rtept>
    <rtept lat="28.26096" lon="84.88875">
      <ele>914.7799999999813</ele>
    </rtept>
    <rtept lat="28.26164" lon="84.88883">
      <ele>918.8743680000824</ele>
    </rtept>
    <rtept lat="28.26202" lon="84.88879">
      <ele>920.0064959999778</ele>
    </rtept>
    <rtept lat="28.26229" lon="84.88899">
      <ele>905.7746079996102</ele>
    </rtept>
    <rtept lat="28.2625" lon="84.8895299">
      <ele>907.9993199999732</ele>
    </rtept>
    <rtept lat="28.26271" lon="84.8896199">
      <ele>914.3195620799803</ele>
    </rtept>
    <rtept lat="28.26286" lon="84.8896">
      <ele>915.8288000000068</ele>
    </rtept>
    <rtept lat="28.26302" lon="84.88946">
      <ele>915.2441599999952</ele>
    </rtept>
    <rtept lat="28.26318" lon="84.8893">
      <ele>913.3689600000255</ele>
    </rtept>
    <rtept lat="28.26345" lon="84.88925">
      <ele>913.4280000000355</ele>
    </rtept>
    <rtept lat="28.26363" lon="84.88921">
      <ele>915.3191360001002</ele>
    </rtept>
    <rtept lat="28.26407" lon="84.88932">
      <ele>928.4925760000275</ele>
    </rtept>
    <rtept lat="28.26415" lon="84.8893499">
      <ele>927.219630400008</ele>
    </rtept>
    <rtept lat="28.26428" lon="84.88942">
      <ele>930.2934399999755</ele>
    </rtept>
    <rtept lat="28.26464" lon="84.88969">
      <ele>937.819999999994</ele>
    </rtept>
    <rtept lat="28.2648" lon="84.88968">
      <ele>938.2976000000228</ele>
    </rtept>
    <rtept lat="28.26509" lon="84.88957">
      <ele>943.7822719998634</ele>
    </rtept>
    <rtept lat="28.26522" lon="84.88959">
      <ele>944.8781119999916</ele>
    </rtept>
    <rtept lat="28.26526" lon="84.88952">
      <ele>944.8282880000334</ele>
    </rtept>
    <rtept lat="28.26525" lon="84.8894399">
      <ele>944.7255640000236</ele>
    </rtept>
    <rtept lat="28.26527" lon="84.88939">
      <ele>948.3087519995506</ele>
    </rtept>
    <rtept lat="28.26531" lon="84.88941">
      <ele>949.0776960001135</ele>
    </rtept>
    <rtept lat="28.26538" lon="84.88952">
      <ele>951.2427519999957</ele>
    </rtept>
    <rtept lat="28.26544" lon="84.8897099">
      <ele>951.8757011200548</ele>
    </rtept>
    <rtept lat="28.26549" lon="84.88992">
      <ele>944.1521919998313</ele>
    </rtept>
    <rtept lat="28.26561" lon="84.89003">
      <ele>942.941168000003</ele>
    </rtept>
    <rtept lat="28.26583" lon="84.8904699">
      <ele>941.6024177600599</ele>
    </rtept>
    <rtept lat="28.26595" lon="84.89059">
      <ele>936.9525599999434</ele>
    </rtept>
    <rtept lat="28.26615" lon="84.89061">
      <ele>937.7347200000381</ele>
    </rtept>
    <rtept lat="28.26622" lon="84.89066">
      <ele>938.3832960000731</ele>
    </rtept>
    <rtept lat="28.2663" lon="84.8906499">
      <ele>940.0088976000305</ele>
    </rtept>
    <rtept lat="28.26644" lon="84.89069">
      <ele>941.904223999689</ele>
    </rtept>
    <rtept lat="28.26648" lon="84.89073">
      <ele>941.9399359998531</ele>
    </rtept>
    <rtept lat="28.26653" lon="84.89089">
      <ele>939.5905759999877</ele>
    </rtept>
    <rtept lat="28.26672" lon="84.8912299">
      <ele>942.7228268799779</ele>
    </rtept>
    <rtept lat="28.26691" lon="84.89152">
      <ele>945.186527999969</ele>
    </rtept>
    <rtept lat="28.26701" lon="84.89172">
      <ele>941.8227519997414</ele>
    </rtept>
    <rtept lat="28.26705" lon="84.89187">
      <ele>938.7313600001435</ele>
    </rtept>
    <rtept lat="28.26715" lon="84.89209">
      <ele>938.0230400000992</ele>
    </rtept>
    <rtept lat="28.26724" lon="84.8922">
      <ele>940.7878400000002</ele>
    </rtept>
    <rtept lat="28.2678" lon="84.89269">
      <ele>956.9796800001338</ele>
    </rtept>
    <rtept lat="28.26786" lon="84.8929">
      <ele>967.9926399997858</ele>
    </rtept>
    <rtept lat="28.26797" lon="84.89313">
      <ele>984.0195999998864</ele>
    </rtept>
    <rtept lat="28.26821" lon="84.89339">
      <ele>989.6451519999997</ele>
    </rtept>
    <rtept lat="28.26876" lon="84.89368">
      <ele>986.4270719998257</ele>
    </rtept>
    <rtept lat="28.26891" lon="84.89372">
      <ele>980.9204159998562</ele>
    </rtept>
    <rtept lat="28.26903" lon="84.89373">
      <ele>977.0171519997069</ele>
    </rtept>
    <rtept lat="28.26917" lon="84.89366">
      <ele>977.1938880001658</ele>
    </rtept>
    <rtept lat="28.26927" lon="84.89364">
      <ele>978.6693119997087</ele>
    </rtept>
    <rtept lat="28.26963" lon="84.8936499">
      <ele>981.3913995200002</ele>
    </rtept>
    <rtept lat="28.26978" lon="84.89371">
      <ele>980.6119040000962</ele>
    </rtept>
    <rtept lat="28.26997" lon="84.89382">
      <ele>977.8704319996833</ele>
    </rtept>
    <rtept lat="28.27017" lon="84.89396">
      <ele>977.2039359994299</ele>
    </rtept>
    <rtept lat="28.27037" lon="84.8940499">
      <ele>975.1998419201052</ele>
    </rtept>
    <rtept lat="28.27049" lon="84.89419">
      <ele>965.9392960004059</ele>
    </rtept>
    <rtept lat="28.27071" lon="84.89429">
      <ele>966.2628640002108</ele>
    </rtept>
    <rtept lat="28.27084" lon="84.89442">
      <ele>961.5343360002579</ele>
    </rtept>
    <rtept lat="28.27094" lon="84.89458">
      <ele>960.271039999722</ele>
    </rtept>
    <rtept lat="28.2712" lon="84.8948">
      <ele>963.4031999999208</ele>
    </rtept>
    <rtept lat="28.27134" lon="84.89488">
      <ele>962.7517439999658</ele>
    </rtept>
    <rtept lat="28.27147" lon="84.89503">
      <ele>957.8093919998081</ele>
    </rtept>
    <rtept lat="28.27164" lon="84.89514">
      <ele>954.8091520000994</ele>
    </rtept>
    <rtept lat="28.27174" lon="84.89518">
      <ele>956.7151360002621</ele>
    </rtept>
    <rtept lat="28.27196" lon="84.89523">
      <ele>962.9180480001697</ele>
    </rtept>
    <rtept lat="28.27212" lon="84.89539">
      <ele>959.5633599995803</ele>
    </rtept>
    <rtept lat="28.27217" lon="84.89548">
      <ele>954.9323199994592</ele>
    </rtept>
    <rtept lat="28.27223" lon="84.89564">
      <ele>947.6360000000185</ele>
    </rtept>
    <rtept lat="28.27234" lon="84.8958">
      <ele>948.4640000002557</ele>
    </rtept>
    <rtept lat="28.27242" lon="84.89601">
      <ele>944.6076799998319</ele>
    </rtept>
    <rtept lat="28.27268" lon="84.89639">
      <ele>947.6604480000846</ele>
    </rtept>
    <rtept lat="28.27268" lon="84.89652">
      <ele>947.2448640000772</ele>
    </rtept>
    <rtept lat="28.27266" lon="84.89671">
      <ele>946.3987199999195</ele>
    </rtept>
    <rtept lat="28.27284" lon="84.89697">
      <ele>953.8015679999615</ele>
    </rtept>
    <rtept lat="28.27301" lon="84.89726">
      <ele>955.8446079999525</ele>
    </rtept>
    <rtept lat="28.27323" lon="84.89751">
      <ele>953.4170400000705</ele>
    </rtept>
    <rtept lat="28.27347" lon="84.8977">
      <ele>952.2220799999882</ele>
    </rtept>
    <rtept lat="28.27362" lon="84.89779">
      <ele>950.7704320001224</ele>
    </rtept>
    <rtept lat="28.2738" lon="84.89804">
      <ele>953.4476800005167</ele>
    </rtept>
    <rtept lat="28.27389" lon="84.89809">
      <ele>955.8565600002669</ele>
    </rtept>
    <rtept lat="28.27407" lon="84.8982599">
      <ele>959.4010407999529</ele>
    </rtept>
    <rtept lat="28.27428" lon="84.89843">
      <ele>959.1821439998474</ele>
    </rtept>
    <rtept lat="28.27442" lon="84.8984">
      <ele>965.2940800002385</ele>
    </rtept>
    <rtept lat="28.27458" lon="84.89843">
      <ele>967.4439359996377</ele>
    </rtept>
    <rtept lat="28.27483" lon="84.8984399">
      <ele>969.1634246400289</ele>
    </rtept>
    <rtept lat="28.27498" lon="84.89843">
      <ele>969.3938879995698</ele>
    </rtept>
    <rtept lat="28.27513" lon="84.8985">
      <ele>963.2808000001386</ele>
    </rtept>
    <rtept lat="28.27546" lon="84.89856">
      <ele>954.9009279996087</ele>
    </rtept>
    <rtept lat="28.27575" lon="84.8985299">
      <ele>953.6691360000501</ele>
    </rtept>
    <rtept lat="28.27596" lon="84.89846">
      <ele>955.2798719999685</ele>
    </rtept>
    <rtept lat="28.27614" lon="84.89854">
      <ele>946.040512000246</ele>
    </rtept>
    <rtept lat="28.2763" lon="84.8985">
      <ele>950.2960000000634</ele>
    </rtept>
    <rtept lat="28.27634" lon="84.89846">
      <ele>952.3569280000004</ele>
    </rtept>
    <rtept lat="28.27644" lon="84.89839">
      <ele>956.5409279997951</ele>
    </rtept>
    <rtept lat="28.27664" lon="84.8983499">
      <ele>964.4317708800362</ele>
    </rtept>
    <rtept lat="28.27682" lon="84.89842">
      <ele>969.2288639999276</ele>
    </rtept>
    <rtept lat="28.27704" lon="84.89856">
      <ele>966.0385919996558</ele>
    </rtept>
    <rtept lat="28.27735" lon="84.89838">
      <ele>993.8342399997127</ele>
    </rtept>
    <rtept lat="28.27746" lon="84.89846">
      <ele>989.0666880000255</ele>
    </rtept>
    <rtept lat="28.27765" lon="84.89842">
      <ele>992.6217599999264</ele>
    </rtept>
    <rtept lat="28.27778" lon="84.89854">
      <ele>989.0483840000868</ele>
    </rtept>
    <rtept lat="28.27783" lon="84.89852">
      <ele>989.7413119998347</ele>
    </rtept>
    <rtept lat="28.27791" lon="84.89856">
      <ele>988.2206719998601</ele>
    </rtept>
    <rtept lat="28.27799" lon="84.89855">
      <ele>988.5766399999916</ele>
    </rtept>
    <rtept lat="28.27819" lon="84.89849">
      <ele>994.2972640003376</ele>
    </rtept>
    <rtept lat="28.27828" lon="84.8986199">
      <ele>984.9562102400001</ele>
    </rtept>
    <rtept lat="28.27835" lon="84.89849">
      <ele>997.6211200004232</ele>
    </rtept>
    <rtept lat="28.27867" lon="84.8984">
      <ele>1021.4041600005438</ele>
    </rtept>
    <rtept lat="28.27884" lon="84.89857">
      <ele>1016.0479359989178</ele>
    </rtept>
    <rtept lat="28.27915" lon="84.89871">
      <ele>1030.4896800008232</ele>
    </rtept>
    <rtept lat="28.27941" lon="84.89888">
      <ele>1008.6080639993297</ele>
    </rtept>
    <rtept lat="28.27975" lon="84.89899">
      <ele>994.142800000263</ele>
    </rtept>
    <rtept lat="28.28005" lon="84.8990199">
      <ele>992.8867312000946</ele>
    </rtept>
    <rtept lat="28.28024" lon="84.89912">
      <ele>985.9530880002679</ele>
    </rtept>
    <rtept lat="28.28035" lon="84.89913">
      <ele>990.2513599999348</ele>
    </rtept>
    <rtept lat="28.28045" lon="84.89928">
      <ele>986.80783999965</ele>
    </rtept>
    <rtept lat="28.28055" lon="84.89926">
      <ele>992.0451200002333</ele>
    </rtept>
    <rtept lat="28.28064" lon="84.89935">
      <ele>983.2259200001649</ele>
    </rtept>
    <rtept lat="28.28056" lon="84.9000499">
      <ele>971.5262575999268</ele>
    </rtept>
    <rtept lat="28.28096" lon="84.90015">
      <ele>979.2732799998264</ele>
    </rtept>
    <rtept lat="28.28129" lon="84.90009">
      <ele>975.3733120002917</ele>
    </rtept>
    <rtept lat="28.28174" lon="84.9001399">
      <ele>976.5405113599319</ele>
    </rtept>
    <rtept lat="28.28205" lon="84.90006">
      <ele>982.4158399999287</ele>
    </rtept>
    <rtept lat="28.28244" lon="84.90004">
      <ele>996.4471040001552</ele>
    </rtept>
    <rtept lat="28.28311" lon="84.9004">
      <ele>1022.1408000000789</ele>
    </rtept>
    <rtept lat="28.28361" lon="84.9004099">
      <ele>1033.311675840003</ele>
    </rtept>
    <rtept lat="28.28461" lon="84.9007">
      <ele>1019.6039999999418</ele>
    </rtept>
    <rtept lat="28.28566" lon="84.90129">
      <ele>960.4432960001254</ele>
    </rtept>
    <rtept lat="28.28602" lon="84.90114">
      <ele>942.456447999885</ele>
    </rtept>
    <rtept lat="28.2863" lon="84.90119">
      <ele>941.7263999999846</ele>
    </rtept>
    <rtept lat="28.28663" lon="84.90131">
      <ele>943.6030719999568</ele>
    </rtept>
    <rtept lat="28.28701" lon="84.90122">
      <ele>944.2164159998443</ele>
    </rtept>
    <rtept lat="28.2873" lon="84.9012">
      <ele>946.4160000000307</ele>
    </rtept>
    <rtept lat="28.28752" lon="84.90116">
      <ele>949.0460160002345</ele>
    </rtept>
    <rtept lat="28.28786" lon="84.90118">
      <ele>961.2301439998056</ele>
    </rtept>
    <rtept lat="28.28805" lon="84.9011">
      <ele>961.7943999999592</ele>
    </rtept>
    <rtept lat="28.28849" lon="84.90113">
      <ele>972.6009279996564</ele>
    </rtept>
    <rtept lat="28.28892" lon="84.90096">
      <ele>982.9907839998776</ele>
    </rtept>
    <rtept lat="28.28919" lon="84.90098">
      <ele>997.3708160003888</ele>
    </rtept>
    <rtept lat="28.28981" lon="84.90113">
      <ele>1051.0472639991606</ele>
    </rtept>
    <rtept lat="28.29082" lon="84.9012599">
      <ele>1099.5703049599526</ele>
    </rtept>
    <rtept lat="28.29158" lon="84.90115">
      <ele>1023.9865600001364</ele>
    </rtept>
    <rtept lat="28.29202" lon="84.90121">
      <ele>1006.2963200001558</ele>
    </rtept>
    <rtept lat="28.29221" lon="84.90131">
      <ele>1004.7569599997115</ele>
    </rtept>
    <rtept lat="28.29232" lon="84.90127">
      <ele>996.7692159998497</ele>
    </rtept>
    <rtept lat="28.29245" lon="84.90123">
      <ele>988.6074400000149</ele>
    </rtept>
    <rtept lat="28.29269" lon="84.9014">
      <ele>978.489759999799</ele>
    </rtept>
    <rtept lat="28.29276" lon="84.90141">
      <ele>974.6757759998789</ele>
    </rtept>
    <rtept lat="28.29286" lon="84.90148">
      <ele>974.1534720001258</ele>
    </rtept>
    <rtept lat="28.29303" lon="84.90165">
      <ele>972.6748799999816</ele>
    </rtept>
    <rtept lat="28.29309" lon="84.90174">
      <ele>972.4756800000731</ele>
    </rtept>
    <rtept lat="28.29312" lon="84.9019299">
      <ele>975.4978223999883</ele>
    </rtept>
    <rtept lat="28.29293" lon="84.90174">
      <ele>977.6013120001394</ele>
    </rtept>
    <rtept lat="28.29293" lon="84.90181">
      <ele>979.0649280000157</ele>
    </rtept>
    <rtept lat="28.29297" lon="84.90187">
      <ele>978.6018240000287</ele>
    </rtept>
    <rtept lat="28.29318" lon="84.90225">
      <ele>982.6103999998433</ele>
    </rtept>
    <rtept lat="28.29329" lon="84.90231">
      <ele>979.1130720000529</ele>
    </rtept>
    <rtept lat="28.29346" lon="84.9024699">
      <ele>977.0477251200089</ele>
    </rtept>
    <rtept lat="28.29369" lon="84.90283">
      <ele>983.577039999898</ele>
    </rtept>
    <rtept lat="28.29383" lon="84.90304">
      <ele>984.1566400000356</ele>
    </rtept>
    <rtept lat="28.29427" lon="84.90347">
      <ele>991.3298559999578</ele>
    </rtept>
    <rtept lat="28.29454" lon="84.90382">
      <ele>991.5359999999334</ele>
    </rtept>
    <rtept lat="28.29505" lon="84.9043499">
      <ele>992.3612743999975</ele>
    </rtept>
    <rtept lat="28.29534" lon="84.90486">
      <ele>994.4215040000032</ele>
    </rtept>
    <rtept lat="28.29548" lon="84.90516">
      <ele>988.1966719997656</ele>
    </rtept>
    <rtept lat="28.29555" lon="84.90544">
      <ele>994.0780800000067</ele>
    </rtept>
  </rte>
  <rte>
    <name>Manaslu Trek - Day 4</name>
    <rtept lat="28.29558" lon="84.90576">
      <ele>1002.6103039999684</ele>
    </rtept>
    <rtept lat="28.2957" lon="84.90606">
      <ele>999.4505599999975</ele>
    </rtept>
    <rtept lat="28.29574" lon="84.90607">
      <ele>999.14182400001</ele>
    </rtept>
    <rtept lat="28.29606" lon="84.90654">
      <ele>997.2751360002059</ele>
    </rtept>
    <rtept lat="28.29622" lon="84.90655">
      <ele>991.6926399997543</ele>
    </rtept>
    <rtept lat="28.29645" lon="84.90654">
      <ele>980.4176000001912</ele>
    </rtept>
    <rtept lat="28.2965" lon="84.90658">
      <ele>980.2160000000864</ele>
    </rtept>
    <rtept lat="28.29654" lon="84.90665">
      <ele>980.7271999999735</ele>
    </rtept>
    <rtept lat="28.29662" lon="84.90676">
      <ele>980.8666880001107</ele>
    </rtept>
    <rtept lat="28.29679" lon="84.90684">
      <ele>978.4138880000182</ele>
    </rtept>
    <rtept lat="28.29693" lon="84.90687">
      <ele>976.2121279999739</ele>
    </rtept>
    <rtept lat="28.29699" lon="84.90696">
      <ele>977.3828159999504</ele>
    </rtept>
    <rtept lat="28.29703" lon="84.90705">
      <ele>979.5429599999558</ele>
    </rtept>
    <rtept lat="28.29713" lon="84.90719">
      <ele>982.5974880000026</ele>
    </rtept>
    <rtept lat="28.2972" lon="84.90736">
      <ele>986.5916799999226</ele>
    </rtept>
    <rtept lat="28.2973" lon="84.90748">
      <ele>989.7356800001845</ele>
    </rtept>
    <rtept lat="28.29736" lon="84.9076">
      <ele>992.8374400000538</ele>
    </rtept>
    <rtept lat="28.29741" lon="84.90763">
      <ele>993.6356319999402</ele>
    </rtept>
    <rtept lat="28.29749" lon="84.90774">
      <ele>996.1791040000852</ele>
    </rtept>
    <rtept lat="28.29758" lon="84.90782">
      <ele>995.6293120000024</ele>
    </rtept>
    <rtept lat="28.29775" lon="84.90791">
      <ele>996.2128000000345</ele>
    </rtept>
    <rtept lat="28.29807" lon="84.90827">
      <ele>1004.0231360000878</ele>
    </rtept>
    <rtept lat="28.29813" lon="84.90827">
      <ele>1003.0226240000579</ele>
    </rtept>
    <rtept lat="28.29825" lon="84.90837">
      <ele>1004.3444000002199</ele>
    </rtept>
    <rtept lat="28.29853" lon="84.90848">
      <ele>1002.929407999949</ele>
    </rtept>
    <rtept lat="28.29877" lon="84.9085">
      <ele>999.1120000000365</ele>
    </rtept>
    <rtept lat="28.29978" lon="84.90888">
      <ele>994.6453119999464</ele>
    </rtept>
    <rtept lat="28.30028" lon="84.90894">
      <ele>1005.4625280000699</ele>
    </rtept>
    <rtept lat="28.30049" lon="84.909">
      <ele>1006.2384000003929</ele>
    </rtept>
    <rtept lat="28.30064" lon="84.90906">
      <ele>1006.3763199997255</ele>
    </rtept>
    <rtept lat="28.30075" lon="84.90906">
      <ele>1002.8439999997228</ele>
    </rtept>
    <rtept lat="28.30089" lon="84.90903">
      <ele>998.2764160000883</ele>
    </rtept>
    <rtept lat="28.3012" lon="84.90912">
      <ele>1008.5219200001429</ele>
    </rtept>
    <rtept lat="28.3013" lon="84.90906">
      <ele>1009.8870399998576</ele>
    </rtept>
    <rtept lat="28.30142" lon="84.90903">
      <ele>1012.2653120000953</ele>
    </rtept>
    <rtept lat="28.30147" lon="84.90912">
      <ele>1019.1231680000698</ele>
    </rtept>
    <rtept lat="28.30154" lon="84.90909">
      <ele>1018.3824320003691</ele>
    </rtept>
    <rtept lat="28.30163" lon="84.90893">
      <ele>1010.5026079998692</ele>
    </rtept>
    <rtept lat="28.3017" lon="84.90884">
      <ele>1006.7740799999215</ele>
    </rtept>
    <rtept lat="28.30184" lon="84.90876">
      <ele>1004.0058240000166</ele>
    </rtept>
    <rtept lat="28.30201" lon="84.90873">
      <ele>1005.7090720000597</ele>
    </rtept>
    <rtept lat="28.30206" lon="84.90866">
      <ele>1005.6749439999675</ele>
    </rtept>
    <rtept lat="28.30227" lon="84.9085">
      <ele>1009.2575999999939</ele>
    </rtept>
    <rtept lat="28.30238" lon="84.90851">
      <ele>1013.5597439999948</ele>
    </rtept>
    <rtept lat="28.30259" lon="84.90837">
      <ele>1019.5073760000403</ele>
    </rtept>
    <rtept lat="28.30276" lon="84.90832">
      <ele>1022.7027839999623</ele>
    </rtept>
    <rtept lat="28.30293" lon="84.90832">
      <ele>1024.5295680000281</ele>
    </rtept>
    <rtept lat="28.30313" lon="84.90819">
      <ele>1024.5120000000884</ele>
    </rtept>
    <rtept lat="28.30319" lon="84.90812">
      <ele>1024.2959999999448</ele>
    </rtept>
    <rtept lat="28.30329" lon="84.90814">
      <ele>1026.8880000000772</ele>
    </rtept>
    <rtept lat="28.30377" lon="84.90805">
      <ele>1028.1080000000957</ele>
    </rtept>
    <rtept lat="28.30396" lon="84.9078399">
      <ele>1025.0337673599659</ele>
    </rtept>
    <rtept lat="28.30409" lon="84.90777">
      <ele>1025.843999999946</ele>
    </rtept>
    <rtept lat="28.30425" lon="84.90778">
      <ele>1031.1160000001173</ele>
    </rtept>
    <rtept lat="28.30439" lon="84.90773">
      <ele>1035.217152000072</ele>
    </rtept>
    <rtept lat="28.30452" lon="84.90772">
      <ele>1041.8376959999623</ele>
    </rtept>
    <rtept lat="28.30469" lon="84.90764">
      <ele>1050.1741440000637</ele>
    </rtept>
    <rtept lat="28.30476" lon="84.90747">
      <ele>1048.3544960002384</ele>
    </rtept>
    <rtept lat="28.3049" lon="84.9074">
      <ele>1050.156799999724</ele>
    </rtept>
    <rtept lat="28.30508" lon="84.90715">
      <ele>1043.7387200000846</ele>
    </rtept>
    <rtept lat="28.30516" lon="84.90706">
      <ele>1044.6536960001163</ele>
    </rtept>
    <rtept lat="28.3053" lon="84.90686">
      <ele>1042.6390399997092</ele>
    </rtept>
    <rtept lat="28.30548" lon="84.90675">
      <ele>1047.4472000000824</ele>
    </rtept>
    <rtept lat="28.30563" lon="84.90671">
      <ele>1052.7232320002606</ele>
    </rtept>
    <rtept lat="28.30573" lon="84.90669">
      <ele>1056.0070079998673</ele>
    </rtept>
    <rtept lat="28.30579" lon="84.90657">
      <ele>1052.4954240000172</ele>
    </rtept>
    <rtept lat="28.30595" lon="84.9064">
      <ele>1054.9704000002055</ele>
    </rtept>
    <rtept lat="28.30604" lon="84.90633">
      <ele>1057.5524479997903</ele>
    </rtept>
    <rtept lat="28.30614" lon="84.90618">
      <ele>1053.8426240003564</ele>
    </rtept>
    <rtept lat="28.30626" lon="84.9058699">
      <ele>1050.35636192008</ele>
    </rtept>
    <rtept lat="28.30634" lon="84.90585">
      <ele>1054.5051199999457</ele>
    </rtept>
    <rtept lat="28.3064" lon="84.90565">
      <ele>1056.967199999977</ele>
    </rtept>
    <rtept lat="28.30653" lon="84.90549">
      <ele>1062.5523359999338</ele>
    </rtept>
    <rtept lat="28.30659" lon="84.90523">
      <ele>1060.5018880000748</ele>
    </rtept>
    <rtept lat="28.30692" lon="84.90513">
      <ele>1071.5712640000581</ele>
    </rtept>
    <rtept lat="28.30706" lon="84.90506">
      <ele>1072.593856000262</ele>
    </rtept>
    <rtept lat="28.30711" lon="84.90499">
      <ele>1070.654175999932</ele>
    </rtept>
    <rtept lat="28.30724" lon="84.90494">
      <ele>1070.9556479997973</ele>
    </rtept>
    <rtept lat="28.30739" lon="84.9048399">
      <ele>1069.0984828799867</ele>
    </rtept>
    <rtept lat="28.30763" lon="84.90476">
      <ele>1070.053055999816</ele>
    </rtept>
    <rtept lat="28.30788" lon="84.90464">
      <ele>1071.7569280000441</ele>
    </rtept>
    <rtept lat="28.30819" lon="84.90458">
      <ele>1080.0238079998776</ele>
    </rtept>
    <rtept lat="28.30834" lon="84.9046">
      <ele>1085.0563200000781</ele>
    </rtept>
    <rtept lat="28.3085" lon="84.9045">
      <ele>1085.159999999936</ele>
    </rtept>
    <rtept lat="28.30869" lon="84.90434">
      <ele>1084.6956480000817</ele>
    </rtept>
    <rtept lat="28.30881" lon="84.9042599">
      <ele>1085.3147947200112</ele>
    </rtept>
    <rtept lat="28.30899" lon="84.90402">
      <ele>1082.6598080001045</ele>
    </rtept>
    <rtept lat="28.30918" lon="84.90387">
      <ele>1083.1097920000007</ele>
    </rtept>
    <rtept lat="28.30932" lon="84.9036">
      <ele>1083.9337599998921</ele>
    </rtept>
    <rtept lat="28.30939" lon="84.90363">
      <ele>1088.3719840001418</ele>
    </rtept>
    <rtept lat="28.30952" lon="84.90358">
      <ele>1093.598784000111</ele>
    </rtept>
    <rtept lat="28.30985" lon="84.9034">
      <ele>1103.9592000000735</ele>
    </rtept>
    <rtept lat="28.30999" lon="84.90338">
      <ele>1107.0960959999672</ele>
    </rtept>
    <rtept lat="28.31024" lon="84.90345">
      <ele>1107.563520000129</ele>
    </rtept>
    <rtept lat="28.31066" lon="84.90344">
      <ele>1095.7173760001351</ele>
    </rtept>
    <rtept lat="28.31086" lon="84.90348">
      <ele>1103.6665600002736</ele>
    </rtept>
    <rtept lat="28.3114" lon="84.90336">
      <ele>1126.8950400008412</ele>
    </rtept>
    <rtept lat="28.31168" lon="84.90317">
      <ele>1121.6117760001634</ele>
    </rtept>
    <rtept lat="28.31194" lon="84.9032">
      <ele>1123.8316799998913</ele>
    </rtept>
    <rtept lat="28.3124" lon="84.90337">
      <ele>1116.832479999839</ele>
    </rtept>
    <rtept lat="28.31267" lon="84.90369">
      <ele>1121.0116159998104</ele>
    </rtept>
    <rtept lat="28.31282" lon="84.9038999">
      <ele>1133.101120000012</ele>
    </rtept>
    <rtept lat="28.31306" lon="84.90413">
      <ele>1132.8256639998528</ele>
    </rtept>
    <rtept lat="28.31313" lon="84.9042599">
      <ele>1133.8921515199672</ele>
    </rtept>
    <rtept lat="28.31319" lon="84.90446">
      <ele>1137.2935040000543</ele>
    </rtept>
    <rtept lat="28.3131" lon="84.90456">
      <ele>1150.1705600004584</ele>
    </rtept>
    <rtept lat="28.31313" lon="84.90468">
      <ele>1159.9216639998056</ele>
    </rtept>
    <rtept lat="28.31324" lon="84.90473">
      <ele>1152.9468800000313</ele>
    </rtept>
    <rtept lat="28.31355" lon="84.90497">
      <ele>1155.0737600004202</ele>
    </rtept>
    <rtept lat="28.31375" lon="84.90505">
      <ele>1149.0300000001243</ele>
    </rtept>
    <rtept lat="28.31388" lon="84.90504">
      <ele>1144.706687999963</ele>
    </rtept>
    <rtept lat="28.31404" lon="84.90562">
      <ele>1147.9539200000077</ele>
    </rtept>
    <rtept lat="28.31424" lon="84.90597">
      <ele>1154.9931199997354</ele>
    </rtept>
    <rtept lat="28.31442" lon="84.90599">
      <ele>1149.924320000154</ele>
    </rtept>
    <rtept lat="28.31446" lon="84.90606">
      <ele>1151.1952639998776</ele>
    </rtept>
    <rtept lat="28.31464" lon="84.90616">
      <ele>1157.4450559999775</ele>
    </rtept>
    <rtept lat="28.31472" lon="84.9062299">
      <ele>1163.164272319937</ele>
    </rtept>
    <rtept lat="28.31478" lon="84.9063199">
      <ele>1169.4612755200137</ele>
    </rtept>
    <rtept lat="28.3148" lon="84.90643">
      <ele>1178.4779199999723</ele>
    </rtept>
    <rtept lat="28.31486" lon="84.90651">
      <ele>1184.7206079997309</ele>
    </rtept>
    <rtept lat="28.31498" lon="84.90653">
      <ele>1185.9296320004744</ele>
    </rtept>
    <rtept lat="28.31517" lon="84.9066">
      <ele>1187.0905599997998</ele>
    </rtept>
    <rtept lat="28.3155" lon="84.90679">
      <ele>1180.7872000000823</ele>
    </rtept>
    <rtept lat="28.31563" lon="84.90684">
      <ele>1178.5255360003353</ele>
    </rtept>
    <rtept lat="28.31582" lon="84.90684">
      <ele>1168.7799040003267</ele>
    </rtept>
    <rtept lat="28.31594" lon="84.90682">
      <ele>1164.3122559996189</ele>
    </rtept>
    <rtept lat="28.31599" lon="84.90675">
      <ele>1157.3464000002107</ele>
    </rtept>
    <rtept lat="28.31616" lon="84.90665">
      <ele>1147.6260799999686</ele>
    </rtept>
    <rtept lat="28.31621" lon="84.90661">
      <ele>1144.0956319999566</ele>
    </rtept>
    <rtept lat="28.31657" lon="84.90668">
      <ele>1140.6898879994383</ele>
    </rtept>
    <rtept lat="28.31675" lon="84.90668">
      <ele>1143.3487999993952</ele>
    </rtept>
    <rtept lat="28.31696" lon="84.90654">
      <ele>1140.8400000005176</ele>
    </rtept>
    <rtept lat="28.31706" lon="84.90651">
      <ele>1142.0279999998593</ele>
    </rtept>
    <rtept lat="28.31716" lon="84.90653">
      <ele>1146.6360000002865</ele>
    </rtept>
    <rtept lat="28.31728" lon="84.90653">
      <ele>1147.4040000002424</ele>
    </rtept>
    <rtept lat="28.31744" lon="84.90647">
      <ele>1139.8439999998927</ele>
    </rtept>
    <rtept lat="28.31817" lon="84.90647">
      <ele>1142.590735999881</ele>
    </rtept>
    <rtept lat="28.31842" lon="84.9065">
      <ele>1154.6191999996024</ele>
    </rtept>
    <rtept lat="28.31869" lon="84.90643">
      <ele>1162.2698400000195</ele>
    </rtept>
    <rtept lat="28.31912" lon="84.90638">
      <ele>1170.4182399999772</ele>
    </rtept>
    <rtept lat="28.3193" lon="84.9064099">
      <ele>1177.0061439999333</ele>
    </rtept>
    <rtept lat="28.31942" lon="84.90651">
      <ele>1184.275839999957</ele>
    </rtept>
    <rtept lat="28.31951" lon="84.90651">
      <ele>1187.4422079999758</ele>
    </rtept>
    <rtept lat="28.31986" lon="84.9064">
      <ele>1196.1561600000498</ele>
    </rtept>
    <rtept lat="28.31999" lon="84.90651">
      <ele>1200.5436959999738</ele>
    </rtept>
    <rtept lat="28.32011" lon="84.9065">
      <ele>1199.9663999999084</ele>
    </rtept>
    <rtept lat="28.32018" lon="84.90655">
      <ele>1200.399839999925</ele>
    </rtept>
    <rtept lat="28.32028" lon="84.90669">
      <ele>1202.8320319999316</ele>
    </rtept>
    <rtept lat="28.3204" lon="84.90677">
      <ele>1210.2900799997456</ele>
    </rtept>
    <rtept lat="28.32061" lon="84.90679">
      <ele>1219.968095999987</ele>
    </rtept>
    <rtept lat="28.32074" lon="84.90683">
      <ele>1228.021727999994</ele>
    </rtept>
    <rtept lat="28.32092" lon="84.90686">
      <ele>1234.4136959996495</ele>
    </rtept>
    <rtept lat="28.32107" lon="84.90691">
      <ele>1237.8552959997664</ele>
    </rtept>
    <rtept lat="28.32135" lon="84.90685">
      <ele>1230.7628000004227</ele>
    </rtept>
    <rtept lat="28.32165" lon="84.90691">
      <ele>1235.3509599996232</ele>
    </rtept>
    <rtept lat="28.32186" lon="84.907">
      <ele>1246.9487999995858</ele>
    </rtept>
    <rtept lat="28.32198" lon="84.90698">
      <ele>1244.6464640005247</ele>
    </rtept>
    <rtept lat="28.32212" lon="84.90704">
      <ele>1248.6663679993896</ele>
    </rtept>
    <rtept lat="28.3222" lon="84.90704">
      <ele>1246.83007999948</ele>
    </rtept>
    <rtept lat="28.3223" lon="84.90706">
      <ele>1242.5574400002283</ele>
    </rtept>
    <rtept lat="28.32234" lon="84.90702">
      <ele>1236.5347840001732</ele>
    </rtept>
    <rtept lat="28.32266" lon="84.9071">
      <ele>1227.7427199999968</ele>
    </rtept>
    <rtept lat="28.32285" lon="84.90723">
      <ele>1239.5013599998804</ele>
    </rtept>
    <rtept lat="28.32319" lon="84.90734">
      <ele>1256.5571840002917</ele>
    </rtept>
    <rtept lat="28.32342" lon="84.90736">
      <ele>1265.2639999997064</ele>
    </rtept>
    <rtept lat="28.3236" lon="84.90733">
      <ele>1260.9440000001832</ele>
    </rtept>
    <rtept lat="28.3236" lon="84.9073499">
      <ele>1262.9499199999827</ele>
    </rtept>
    <rtept lat="28.32374" lon="84.90736">
      <ele>1264.1292799997236</ele>
    </rtept>
    <rtept lat="28.32383" lon="84.90733">
      <ele>1261.6992800001549</ele>
    </rtept>
    <rtept lat="28.32397" lon="84.90733">
      <ele>1262.5909280001254</ele>
    </rtept>
    <rtept lat="28.32405" lon="84.9073499">
      <ele>1264.6055815999816</ele>
    </rtept>
    <rtept lat="28.32403" lon="84.9074399">
      <ele>1270.7770961599924</ele>
    </rtept>
    <rtept lat="28.32433" lon="84.90741">
      <ele>1271.8806559999578</ele>
    </rtept>
    <rtept lat="28.32438" lon="84.90728">
      <ele>1270.0033280000625</ele>
    </rtept>
    <rtept lat="28.32444" lon="84.90734">
      <ele>1273.136192000031</ele>
    </rtept>
    <rtept lat="28.32439" lon="84.90753">
      <ele>1276.7903359996214</ele>
    </rtept>
    <rtept lat="28.32439" lon="84.90758">
      <ele>1280.1008959997257</ele>
    </rtept>
    <rtept lat="28.32453" lon="84.90754">
      <ele>1283.5327039997696</ele>
    </rtept>
    <rtept lat="28.32467" lon="84.90759">
      <ele>1296.7861760000085</ele>
    </rtept>
    <rtept lat="28.3249" lon="84.90757">
      <ele>1304.8051200005477</ele>
    </rtept>
    <rtept lat="28.32516" lon="84.90745">
      <ele>1298.941439999922</ele>
    </rtept>
    <rtept lat="28.32525" lon="84.9073499">
      <ele>1296.706271999998</ele>
    </rtept>
    <rtept lat="28.32538" lon="84.9073">
      <ele>1295.7372800001572</ele>
    </rtept>
    <rtept lat="28.32574" lon="84.9073499">
      <ele>1297.2704323199946</ele>
    </rtept>
    <rtept lat="28.32606" lon="84.90746">
      <ele>1290.525504000066</ele>
    </rtept>
    <rtept lat="28.32614" lon="84.90754">
      <ele>1289.562047999953</ele>
    </rtept>
    <rtept lat="28.32617" lon="84.90768">
      <ele>1292.413247999957</ele>
    </rtept>
    <rtept lat="28.32622" lon="84.90769">
      <ele>1291.6837440000652</ele>
    </rtept>
    <rtept lat="28.3264" lon="84.90808">
      <ele>1298.0540799999794</ele>
    </rtept>
    <rtept lat="28.32649" lon="84.90842">
      <ele>1301.1280000000293</ele>
    </rtept>
    <rtept lat="28.32654" lon="84.90848">
      <ele>1300.263999999961</ele>
    </rtept>
    <rtept lat="28.32664" lon="84.90855">
      <ele>1298.3559999999943</ele>
    </rtept>
    <rtept lat="28.32676" lon="84.9086">
      <ele>1300.2313600000803</ele>
    </rtept>
    <rtept lat="28.32683" lon="84.90864">
      <ele>1301.7798719999587</ele>
    </rtept>
    <rtept lat="28.32694" lon="84.90859">
      <ele>1304.3632960001055</ele>
    </rtept>
    <rtept lat="28.32706" lon="84.9086">
      <ele>1305.2025600001314</ele>
    </rtept>
    <rtept lat="28.32751" lon="84.90897">
      <ele>1302.0835360000349</ele>
    </rtept>
    <rtept lat="28.32789" lon="84.90934">
      <ele>1304.211616000006</ele>
    </rtept>
    <rtept lat="28.32806" lon="84.90958">
      <ele>1306.8152320001855</ele>
    </rtept>
    <rtept lat="28.3283" lon="84.9098">
      <ele>1321.0032000006095</ele>
    </rtept>
    <rtept lat="28.3287" lon="84.90991">
      <ele>1314.3478399997653</ele>
    </rtept>
    <rtept lat="28.32881" lon="84.91">
      <ele>1315.12399999984</ele>
    </rtept>
    <rtept lat="28.32904" lon="84.9100799">
      <ele>1314.1432022399965</ele>
    </rtept>
    <rtept lat="28.32911" lon="84.91006">
      <ele>1311.4607040000596</ele>
    </rtept>
    <rtept lat="28.32924" lon="84.90991">
      <ele>1308.7319999999677</ele>
    </rtept>
    <rtept lat="28.3294" lon="84.90987">
      <ele>1310.891999999988</ele>
    </rtept>
    <rtept lat="28.32956" lon="84.90978">
      <ele>1314.2764160000215</ele>
    </rtept>
    <rtept lat="28.32959" lon="84.90969">
      <ele>1315.2416479999922</ele>
    </rtept>
    <rtept lat="28.32958" lon="84.90874">
      <ele>1315.4734079999791</ele>
    </rtept>
    <rtept lat="28.32956" lon="84.90867">
      <ele>1315.1508480000061</ele>
    </rtept>
    <rtept lat="28.32952" lon="84.90862">
      <ele>1314.6197759999834</ele>
    </rtept>
    <rtept lat="28.32945" lon="84.90859">
      <ele>1313.5308000001069</ele>
    </rtept>
    <rtept lat="28.32943" lon="84.90855">
      <ele>1312.2863200001118</ele>
    </rtept>
    <rtept lat="28.3295" lon="84.90856">
      <ele>1313.663999999908</ele>
    </rtept>
    <rtept lat="28.32947" lon="84.90853">
      <ele>1312.5429599999911</ele>
    </rtept>
    <rtept lat="28.32948" lon="84.9085">
      <ele>1312.2240000000731</ele>
    </rtept>
    <rtept lat="28.32956" lon="84.90851">
      <ele>1314.5553600000385</ele>
    </rtept>
    <rtept lat="28.32965" lon="84.90849">
      <ele>1317.2676000000204</ele>
    </rtept>
    <rtept lat="28.32971" lon="84.90832">
      <ele>1323.0204479999763</ele>
    </rtept>
    <rtept lat="28.32974" lon="84.90832">
      <ele>1324.6713600001094</ele>
    </rtept>
    <rtept lat="28.32978" lon="84.90821">
      <ele>1325.153759999927</ele>
    </rtept>
    <rtept lat="28.32983" lon="84.90815">
      <ele>1327.412400000142</ele>
    </rtept>
    <rtept lat="28.33" lon="84.9080199">
      <ele>1335.817879999846</ele>
    </rtept>
    <rtept lat="28.33024" lon="84.90789">
      <ele>1340.2957759997414</ele>
    </rtept>
    <rtept lat="28.33041" lon="84.90777">
      <ele>1353.8120959999985</ele>
    </rtept>
    <rtept lat="28.33088" lon="84.90713">
      <ele>1348.6344319996879</ele>
    </rtept>
    <rtept lat="28.33099" lon="84.90711">
      <ele>1362.042992000185</ele>
    </rtept>
    <rtept lat="28.33126" lon="84.90715">
      <ele>1414.0076800001914</ele>
    </rtept>
    <rtept lat="28.33145" lon="84.90702">
      <ele>1440.519200000281</ele>
    </rtept>
    <rtept lat="28.33177" lon="84.90673">
      <ele>1457.867759999367</ele>
    </rtept>
    <rtept lat="28.3319" lon="84.90666">
      <ele>1465.6560000003676</ele>
    </rtept>
    <rtept lat="28.33202" lon="84.90652">
      <ele>1466.1573120000432</ele>
    </rtept>
    <rtept lat="28.33203" lon="84.90644">
      <ele>1459.2432960003039</ele>
    </rtept>
    <rtept lat="28.33197" lon="84.90633">
      <ele>1442.468399999655</ele>
    </rtept>
    <rtept lat="28.33196" lon="84.9062">
      <ele>1436.279999999822</ele>
    </rtept>
    <rtept lat="28.33239" lon="84.906">
      <ele>1458.4840000004426</ele>
    </rtept>
    <rtept lat="28.33411" lon="84.90445">
      <ele>1508.8052799996267</ele>
    </rtept>
    <rtept lat="28.33425" lon="84.90434">
      <ele>1504.65680000102</ele>
    </rtept>
    <rtept lat="28.3343" lon="84.90422">
      <ele>1487.2630399989916</ele>
    </rtept>
    <rtept lat="28.33448" lon="84.90409">
      <ele>1493.8799039994742</ele>
    </rtept>
    <rtept lat="28.33461" lon="84.90396">
      <ele>1496.5456319999953</ele>
    </rtept>
    <rtept lat="28.33476" lon="84.90376">
      <ele>1498.7420800004481</ele>
    </rtept>
    <rtept lat="28.3348" lon="84.90366">
      <ele>1494.894400000384</ele>
    </rtept>
    <rtept lat="28.33479" lon="84.90356">
      <ele>1486.3495360001732</ele>
    </rtept>
    <rtept lat="28.33485" lon="84.90348">
      <ele>1488.485920000085</ele>
    </rtept>
    <rtept lat="28.33495" lon="84.90355">
      <ele>1507.4463999993543</ele>
    </rtept>
    <rtept lat="28.33503" lon="84.90365">
      <ele>1526.2035999999443</ele>
    </rtept>
    <rtept lat="28.3353" lon="84.90363">
      <ele>1542.429280000364</ele>
    </rtept>
    <rtept lat="28.33548" lon="84.90379">
      <ele>1565.133184000054</ele>
    </rtept>
    <rtept lat="28.33568" lon="84.9038099">
      <ele>1569.6350329600052</ele>
    </rtept>
    <rtept lat="28.33622" lon="84.90373">
      <ele>1544.7791040002705</ele>
    </rtept>
    <rtept lat="28.33657" lon="84.90339">
      <ele>1543.3170079999948</ele>
    </rtept>
    <rtept lat="28.33673" lon="84.90311">
      <ele>1565.6930720003418</ele>
    </rtept>
    <rtept lat="28.3372" lon="84.90268">
      <ele>1551.066879999848</ele>
    </rtept>
    <rtept lat="28.33727" lon="84.9025599">
      <ele>1545.272641279959</ele>
    </rtept>
    <rtept lat="28.33732" lon="84.90243">
      <ele>1548.9107840011168</ele>
    </rtept>
    <rtept lat="28.33737" lon="84.90235">
      <ele>1552.5048800002824</ele>
    </rtept>
    <rtept lat="28.33734" lon="84.9022899">
      <ele>1568.3403094398936</ele>
    </rtept>
    <rtept lat="28.33739" lon="84.90214">
      <ele>1586.0335359996616</ele>
    </rtept>
    <rtept lat="28.33785" lon="84.902">
      <ele>1523.8679999999088</ele>
    </rtept>
    <rtept lat="28.33795" lon="84.90201">
      <ele>1501.8244799996683</ele>
    </rtept>
    <rtept lat="28.33808" lon="84.90206">
      <ele>1476.3972479996005</ele>
    </rtept>
    <rtept lat="28.3382" lon="84.90207">
      <ele>1460.1062400004787</ele>
    </rtept>
    <rtept lat="28.33839" lon="84.90213">
      <ele>1426.3718880000154</ele>
    </rtept>
    <rtept lat="28.33854" lon="84.9021099">
      <ele>1414.5895286402501</ele>
    </rtept>
    <rtept lat="28.33868" lon="84.90217">
      <ele>1395.0437440001367</ele>
    </rtept>
    <rtept lat="28.33886" lon="84.90217">
      <ele>1374.3906880001284</ele>
    </rtept>
    <rtept lat="28.339" lon="84.90212">
      <ele>1367.939200000344</ele>
    </rtept>
    <rtept lat="28.33901" lon="84.90219">
      <ele>1362.5030559997879</ele>
    </rtept>
    <rtept lat="28.33904" lon="84.90225">
      <ele>1358.6456000000205</ele>
    </rtept>
    <rtept lat="28.33905" lon="84.90138">
      <ele>1416.6601599998896</ele>
    </rtept>
    <rtept lat="28.3391" lon="84.90139">
      <ele>1406.3231999996576</ele>
    </rtept>
    <rtept lat="28.33914" lon="84.90138">
      <ele>1398.6302079998188</ele>
    </rtept>
    <rtept lat="28.33909" lon="84.90131">
      <ele>1410.1497760003356</ele>
    </rtept>
    <rtept lat="28.33915" lon="84.90131">
      <ele>1398.72856000013</ele>
    </rtept>
    <rtept lat="28.33918" lon="84.90125">
      <ele>1395.7239999999751</ele>
    </rtept>
    <rtept lat="28.33912" lon="84.90107">
      <ele>1412.3199039995243</ele>
    </rtept>
    <rtept lat="28.33927" lon="84.90111">
      <ele>1393.150047999883</ele>
    </rtept>
    <rtept lat="28.33948" lon="84.90112">
      <ele>1372.221823999548</ele>
    </rtept>
    <rtept lat="28.33977" lon="84.90102">
      <ele>1349.4108479996858</ele>
    </rtept>
    <rtept lat="28.34009" lon="84.9009899">
      <ele>1337.5502851200376</ele>
    </rtept>
    <rtept lat="28.34018" lon="84.90093">
      <ele>1336.2319679998645</ele>
    </rtept>
    <rtept lat="28.34029" lon="84.90092">
      <ele>1332.0937280000717</ele>
    </rtept>
    <rtept lat="28.34089" lon="84.90067">
      <ele>1321.436575999504</ele>
    </rtept>
    <rtept lat="28.34112" lon="84.9005899">
      <ele>1319.9170953600003</ele>
    </rtept>
    <rtept lat="28.34145" lon="84.90038">
      <ele>1320.5673600001767</ele>
    </rtept>
    <rtept lat="28.34163" lon="84.90018">
      <ele>1317.8243199997028</ele>
    </rtept>
    <rtept lat="28.34171" lon="84.90015">
      <ele>1315.6760800002307</ele>
    </rtept>
    <rtept lat="28.34179" lon="84.90012">
      <ele>1314.9487359999625</ele>
    </rtept>
    <rtept lat="28.34188" lon="84.90002">
      <ele>1314.284032000061</ele>
    </rtept>
    <rtept lat="28.34196" lon="84.90003">
      <ele>1310.6280959999901</ele>
    </rtept>
    <rtept lat="28.342" lon="84.89993">
      <ele>1313.9280000001338</ele>
    </rtept>
    <rtept lat="28.3423" lon="84.8998">
      <ele>1316.0527999999908</ele>
    </rtept>
    <rtept lat="28.34238" lon="84.89971">
      <ele>1315.3959040000793</ele>
    </rtept>
    <rtept lat="28.34262" lon="84.89965">
      <ele>1309.2390400001802</ele>
    </rtept>
    <rtept lat="28.34277" lon="84.89955">
      <ele>1307.5880799998233</ele>
    </rtept>
    <rtept lat="28.34286" lon="84.8994">
      <ele>1308.3913599999314</ele>
    </rtept>
    <rtept lat="28.34289" lon="84.89925">
      <ele>1312.8388000001662</ele>
    </rtept>
    <rtept lat="28.34289" lon="84.89905">
      <ele>1321.3225599998575</ele>
    </rtept>
    <rtept lat="28.34289" lon="84.89892">
      <ele>1327.297983999784</ele>
    </rtept>
    <rtept lat="28.34293" lon="84.89882">
      <ele>1332.4004800000093</ele>
    </rtept>
    <rtept lat="28.34298" lon="84.89872">
      <ele>1337.706880000183</ele>
    </rtept>
    <rtept lat="28.34296" lon="84.8986199">
      <ele>1348.129859199884</ele>
    </rtept>
    <rtept lat="28.34292" lon="84.89854">
      <ele>1359.2424960003475</ele>
    </rtept>
    <rtept lat="28.34304" lon="84.8984">
      <ele>1360.8259200005825</ele>
    </rtept>
    <rtept lat="28.34316" lon="84.89838">
      <ele>1354.4496639996642</ele>
    </rtept>
    <rtept lat="28.34332" lon="84.89839">
      <ele>1343.5315839995092</ele>
    </rtept>
    <rtept lat="28.34349" lon="84.89843">
      <ele>1330.6882719996038</ele>
    </rtept>
    <rtept lat="28.34371" lon="84.8984399">
      <ele>1317.7084859199401</ele>
    </rtept>
    <rtept lat="28.34385" lon="84.89849">
      <ele>1307.1455200002454</ele>
    </rtept>
    <rtept lat="28.34397" lon="84.89846">
      <ele>1304.5914560000278</ele>
    </rtept>
    <rtept lat="28.34407" lon="84.89839">
      <ele>1304.7350239998127</ele>
    </rtept>
    <rtept lat="28.34441" lon="84.8980799">
      <ele>1306.7176232000465</ele>
    </rtept>
    <rtept lat="28.3446" lon="84.898">
      <ele>1306.864000000181</ele>
    </rtept>
    <rtept lat="28.34461" lon="84.89791">
      <ele>1310.6320480001968</ele>
    </rtept>
    <rtept lat="28.34476" lon="84.89789">
      <ele>1306.625279999879</ele>
    </rtept>
    <rtept lat="28.34498" lon="84.89794">
      <ele>1301.3462399997763</ele>
    </rtept>
    <rtept lat="28.34565" lon="84.89782">
      <ele>1299.475360000058</ele>
    </rtept>
    <rtept lat="28.34619" lon="84.89779">
      <ele>1303.4334879999903</ele>
    </rtept>
    <rtept lat="28.34669" lon="84.89771">
      <ele>1302.2769920000337</ele>
    </rtept>
    <rtept lat="28.34688" lon="84.8977">
      <ele>1294.4940800000488</ele>
    </rtept>
    <rtept lat="28.34718" lon="84.89763">
      <ele>1287.5079999998943</ele>
    </rtept>
    <rtept lat="28.34721" lon="84.89747">
      <ele>1289.3582560000461</ele>
    </rtept>
    <rtept lat="28.3473" lon="84.89739">
      <ele>1290.3438399999447</ele>
    </rtept>
    <rtept lat="28.34736" lon="84.8971399">
      <ele>1297.6252819200945</ele>
    </rtept>
    <rtept lat="28.34733" lon="84.89702">
      <ele>1304.8332480001307</ele>
    </rtept>
    <rtept lat="28.34751" lon="84.89688">
      <ele>1309.0325760001588</ele>
    </rtept>
    <rtept lat="28.3476" lon="84.89677">
      <ele>1312.2590399998096</ele>
    </rtept>
    <rtept lat="28.34786" lon="84.89671">
      <ele>1311.4254720000754</ele>
    </rtept>
    <rtept lat="28.34792" lon="84.89667">
      <ele>1312.0495680000454</ele>
    </rtept>
    <rtept lat="28.34834" lon="84.89645">
      <ele>1318.9217599998665</ele>
    </rtept>
    <rtept lat="28.34861" lon="84.89634">
      <ele>1328.693408000373</ele>
    </rtept>
    <rtept lat="28.34882" lon="84.89628">
      <ele>1328.130431999697</ele>
    </rtept>
    <rtept lat="28.34908" lon="84.89628">
      <ele>1327.6478719996321</ele>
    </rtept>
    <rtept lat="28.34936" lon="84.89632">
      <ele>1330.5449599997908</ele>
    </rtept>
    <rtept lat="28.34962" lon="84.89628">
      <ele>1329.9119999996142</ele>
    </rtept>
    <rtept lat="28.34999" lon="84.89614">
      <ele>1336.8776959997217</ele>
    </rtept>
    <rtept lat="28.35015" lon="84.89619">
      <ele>1329.399919999532</ele>
    </rtept>
    <rtept lat="28.35023" lon="84.89607">
      <ele>1340.5269120003936</ele>
    </rtept>
    <rtept lat="28.35035" lon="84.89599">
      <ele>1342.1465600002261</ele>
    </rtept>
    <rtept lat="28.35093" lon="84.89578">
      <ele>1336.4303679998093</ele>
    </rtept>
    <rtept lat="28.35116" lon="84.89582">
      <ele>1329.781759999954</ele>
    </rtept>
    <rtept lat="28.35127" lon="84.89579">
      <ele>1328.9818399996554</ele>
    </rtept>
    <rtept lat="28.35141" lon="84.89573">
      <ele>1328.6682719999326</ele>
    </rtept>
    <rtept lat="28.3515" lon="84.89559">
      <ele>1334.6424000000472</ele>
    </rtept>
    <rtept lat="28.35169" lon="84.89559">
      <ele>1329.8096640000945</ele>
    </rtept>
    <rtept lat="28.35177" lon="84.89549">
      <ele>1336.5227040003467</ele>
    </rtept>
    <rtept lat="28.35182" lon="84.89534">
      <ele>1345.0554239997282</ele>
    </rtept>
    <rtept lat="28.35192" lon="84.89521">
      <ele>1345.6294719998793</ele>
    </rtept>
    <rtept lat="28.35198" lon="84.8950799">
      <ele>1346.5622496000008</ele>
    </rtept>
    <rtept lat="28.35197" lon="84.89495">
      <ele>1346.9138399997917</ele>
    </rtept>
    <rtept lat="28.35208" lon="84.89474">
      <ele>1334.0075519998954</ele>
    </rtept>
    <rtept lat="28.3521" lon="84.89451">
      <ele>1333.9675200000245</ele>
    </rtept>
    <rtept lat="28.35218" lon="84.89417">
      <ele>1322.9767040000263</ele>
    </rtept>
    <rtept lat="28.35228" lon="84.8941399">
      <ele>1319.0153657599888</ele>
    </rtept>
    <rtept lat="28.35228" lon="84.89402">
      <ele>1318.3316479999824</ele>
    </rtept>
    <rtept lat="28.35232" lon="84.89389">
      <ele>1317.3011840000036</ele>
    </rtept>
    <rtept lat="28.35228" lon="84.89357">
      <ele>1316.0140799999817</ele>
    </rtept>
    <rtept lat="28.35231" lon="84.89342">
      <ele>1314.6489600000543</ele>
    </rtept>
    <rtept lat="28.35237" lon="84.89326">
      <ele>1313.0768640000028</ele>
    </rtept>
    <rtept lat="28.3524" lon="84.89307">
      <ele>1313.6289600000841</ele>
    </rtept>
    <rtept lat="28.35245" lon="84.89295">
      <ele>1311.776799999945</ele>
    </rtept>
    <rtept lat="28.35244" lon="84.89284">
      <ele>1313.3432319998512</ele>
    </rtept>
    <rtept lat="28.3525" lon="84.8926199">
      <ele>1312.2734400000563</ele>
    </rtept>
    <rtept lat="28.35249" lon="84.89252">
      <ele>1314.259775999961</ele>
    </rtept>
    <rtept lat="28.35256" lon="84.89241">
      <ele>1310.8178879999605</ele>
    </rtept>
    <rtept lat="28.35254" lon="84.89236">
      <ele>1310.3320319999175</ele>
    </rtept>
    <rtept lat="28.35241" lon="84.89219">
      <ele>1314.7560800000774</ele>
    </rtept>
    <rtept lat="28.35241" lon="84.89207">
      <ele>1315.7842400000309</ele>
    </rtept>
    <rtept lat="28.35229" lon="84.89179">
      <ele>1328.3439999999894</ele>
    </rtept>
    <rtept lat="28.35218" lon="84.89164">
      <ele>1341.270975999976</ele>
    </rtept>
    <rtept lat="28.35218" lon="84.8915899">
      <ele>1341.7500121599444</ele>
    </rtept>
    <rtept lat="28.35247" lon="84.89134">
      <ele>1333.7649919999956</ele>
    </rtept>
    <rtept lat="28.3529" lon="84.89096">
      <ele>1391.3859199994845</ele>
    </rtept>
    <rtept lat="28.35297" lon="84.89094">
      <ele>1391.5811839999808</ele>
    </rtept>
    <rtept lat="28.35303" lon="84.89099">
      <ele>1387.244335999855</ele>
    </rtept>
    <rtept lat="28.35304" lon="84.89106">
      <ele>1382.510912000268</ele>
    </rtept>
    <rtept lat="28.35306" lon="84.89112">
      <ele>1378.4869759999049</ele>
    </rtept>
    <rtept lat="28.35307" lon="84.89137">
      <ele>1359.0230720003667</ele>
    </rtept>
    <rtept lat="28.35323" lon="84.89183">
      <ele>1337.1821120000686</ele>
    </rtept>
    <rtept lat="28.35333" lon="84.89189">
      <ele>1340.5108159997983</ele>
    </rtept>
    <rtept lat="28.353417" lon="84.891952">
      <ele>1343.4334662397582</ele>
    </rtept>
    <rtept lat="28.353515" lon="84.891914">
      <ele>1352.0409728001146</ele>
    </rtept>
    <rtept lat="28.353646" lon="84.89193">
      <ele>1356.1556991998636</ele>
    </rtept>
    <rtept lat="28.353707" lon="84.892043">
      <ele>1342.464384799903</ele>
    </rtept>
    <rtept lat="28.353759" lon="84.89208">
      <ele>1336.0518559993398</ele>
    </rtept>
    <rtept lat="28.354494" lon="84.891978">
      <ele>1313.3374028802402</ele>
    </rtept>
    <rtept lat="28.354587" lon="84.891954">
      <ele>1314.110216320069</ele>
    </rtept>
    <rtept lat="28.354928" lon="84.891968">
      <ele>1309.483018239964</ele>
    </rtept>
    <rtept lat="28.3551" lon="84.891959">
      <ele>1308.7100319999981</ele>
    </rtept>
    <rtept lat="28.355342" lon="84.891989">
      <ele>1312.5990844797457</ele>
    </rtept>
    <rtept lat="28.355549" lon="84.891914">
      <ele>1313.145838719994</ele>
    </rtept>
    <rtept lat="28.355756" lon="84.891903">
      <ele>1309.1643136000005</ele>
    </rtept>
    <rtept lat="28.355892" lon="84.891796">
      <ele>1310.8389068800313</ele>
    </rtept>
    <rtept lat="28.355853" lon="84.8914999">
      <ele>1314.3764906080296</ele>
    </rtept>
    <rtept lat="28.355862" lon="84.891281">
      <ele>1325.092536959717</ele>
    </rtept>
    <rtept lat="28.35581" lon="84.8911399">
      <ele>1334.5574020799868</ele>
    </rtept>
    <rtept lat="28.35591" lon="84.89104">
      <ele>1337.2841599996148</ele>
    </rtept>
    <rtept lat="28.35598" lon="84.89091">
      <ele>1341.7539199997507</ele>
    </rtept>
    <rtept lat="28.35602" lon="84.89081">
      <ele>1344.0555199998173</ele>
    </rtept>
    <rtept lat="28.35622" lon="84.89079">
      <ele>1330.2280000001565</ele>
    </rtept>
    <rtept lat="28.35626" lon="84.89071">
      <ele>1331.380000000111</ele>
    </rtept>
    <rtept lat="28.35644" lon="84.89064">
      <ele>1326.239935999835</ele>
    </rtept>
    <rtept lat="28.35649" lon="84.89059">
      <ele>1326.769135999856</ele>
    </rtept>
    <rtept lat="28.35651" lon="84.89051">
      <ele>1329.0214559997933</ele>
    </rtept>
    <rtept lat="28.35649" lon="84.89042">
      <ele>1332.9660479997417</ele>
    </rtept>
    <rtept lat="28.35653" lon="84.89039">
      <ele>1331.949552000143</ele>
    </rtept>
    <rtept lat="28.35667" lon="84.89034">
      <ele>1325.2253760000199</ele>
    </rtept>
    <rtept lat="28.35677" lon="84.89027">
      <ele>1322.9750079999305</ele>
    </rtept>
    <rtept lat="28.35679" lon="84.89021">
      <ele>1324.6079680001394</ele>
    </rtept>
    <rtept lat="28.35679" lon="84.89011">
      <ele>1328.4498879997207</ele>
    </rtept>
    <rtept lat="28.3568" lon="84.89004">
      <ele>1330.445440000052</ele>
    </rtept>
    <rtept lat="28.3569" lon="84.88996">
      <ele>1326.0303999999505</ele>
    </rtept>
    <rtept lat="28.35693" lon="84.88987">
      <ele>1327.0153600000701</ele>
    </rtept>
    <rtept lat="28.35702" lon="84.88974">
      <ele>1327.9816319999363</ele>
    </rtept>
    <rtept lat="28.35712" lon="84.8896199">
      <ele>1330.1772988800853</ele>
    </rtept>
    <rtept lat="28.35721" lon="84.88957">
      <ele>1328.5686719998198</ele>
    </rtept>
    <rtept lat="28.3574" lon="84.88959">
      <ele>1324.0974400000794</ele>
    </rtept>
    <rtept lat="28.35747" lon="84.88957">
      <ele>1323.3967359998487</ele>
    </rtept>
    <rtept lat="28.35754" lon="84.8894399">
      <ele>1324.6636249600278</ele>
    </rtept>
    <rtept lat="28.35761" lon="84.88937">
      <ele>1325.295231999977</ele>
    </rtept>
    <rtept lat="28.35777" lon="84.88933">
      <ele>1319.4972160000286</ele>
    </rtept>
    <rtept lat="28.35783" lon="84.8893">
      <ele>1319.5382399998002</ele>
    </rtept>
    <rtept lat="28.35797" lon="84.88908">
      <ele>1326.5999999996247</ele>
    </rtept>
    <rtept lat="28.35811" lon="84.88885">
      <ele>1335.9251199997586</ele>
    </rtept>
    <rtept lat="28.35818" lon="84.88882">
      <ele>1336.0097920001924</ele>
    </rtept>
    <rtept lat="28.35836" lon="84.8888599">
      <ele>1331.0302643199936</ele>
    </rtept>
    <rtept lat="28.35854" lon="84.88893">
      <ele>1326.880447999911</ele>
    </rtept>
    <rtept lat="28.35864" lon="84.88893">
      <ele>1326.2695679999185</ele>
    </rtept>
    <rtept lat="28.35875" lon="84.88888">
      <ele>1326.8359999999814</ele>
    </rtept>
    <rtept lat="28.35925" lon="84.88887">
      <ele>1330.1100000000731</ele>
    </rtept>
    <rtept lat="28.35937" lon="84.88883">
      <ele>1331.5960800000212</ele>
    </rtept>
    <rtept lat="28.35946" lon="84.88883">
      <ele>1331.780128000026</ele>
    </rtept>
    <rtept lat="28.35967" lon="84.88875">
      <ele>1331.781999999973</ele>
    </rtept>
    <rtept lat="28.35973" lon="84.88866">
      <ele>1332.574143999969</ele>
    </rtept>
    <rtept lat="28.36" lon="84.88843">
      <ele>1341.5639999999964</ele>
    </rtept>
    <rtept lat="28.3601" lon="84.88842">
      <ele>1343.6390400000894</ele>
    </rtept>
    <rtept lat="28.36025" lon="84.88836">
      <ele>1348.4687999998105</ele>
    </rtept>
    <rtept lat="28.3604" lon="84.88828">
      <ele>1348.4140800004106</ele>
    </rtept>
    <rtept lat="28.36069" lon="84.8882">
      <ele>1343.567840000093</ele>
    </rtept>
    <rtept lat="28.36103" lon="84.88798">
      <ele>1339.1605760000405</ele>
    </rtept>
    <rtept lat="28.36133" lon="84.88782">
      <ele>1340.456895999822</ele>
    </rtept>
    <rtept lat="28.3616" lon="84.88784">
      <ele>1336.6662400001205</ele>
    </rtept>
    <rtept lat="28.36172" lon="84.8878299">
      <ele>1335.655680640023</ele>
    </rtept>
    <rtept lat="28.3622" lon="84.88763">
      <ele>1335.9228799998964</ele>
    </rtept>
    <rtept lat="28.36258" lon="84.88739">
      <ele>1340.2856640001917</ele>
    </rtept>
    <rtept lat="28.36268" lon="84.88725">
      <ele>1344.777600000244</ele>
    </rtept>
    <rtept lat="28.36275" lon="84.88719">
      <ele>1345.3111999998143</ele>
    </rtept>
    <rtept lat="28.36311" lon="84.88726">
      <ele>1329.988000000053</ele>
    </rtept>
    <rtept lat="28.36319" lon="84.88719">
      <ele>1332.383135999776</ele>
    </rtept>
    <rtept lat="28.36324" lon="84.8871">
      <ele>1336.9430399997811</ele>
    </rtept>
    <rtept lat="28.36342" lon="84.88703">
      <ele>1338.012576000156</ele>
    </rtept>
    <rtept lat="28.3635" lon="84.88706">
      <ele>1336.0895999998334</ele>
    </rtept>
    <rtept lat="28.36368" lon="84.88701">
      <ele>1336.726943999895</ele>
    </rtept>
    <rtept lat="28.36382" lon="84.88693">
      <ele>1340.244895999662</ele>
    </rtept>
    <rtept lat="28.36415" lon="84.88683">
      <ele>1344.9370399999152</ele>
    </rtept>
    <rtept lat="28.36424" lon="84.88677">
      <ele>1345.868000000045</ele>
    </rtept>
    <rtept lat="28.36455" lon="84.88674">
      <ele>1345.969759999899</ele>
    </rtept>
    <rtept lat="28.36459" lon="84.8867099">
      <ele>1347.4356324800121</ele>
    </rtept>
    <rtept lat="28.3647" lon="84.8867099">
      <ele>1348.58819840001</ele>
    </rtept>
    <rtept lat="28.3648" lon="84.88669">
      <ele>1347.6780799999617</ele>
    </rtept>
    <rtept lat="28.36488" lon="84.88665">
      <ele>1347.1323199998924</ele>
    </rtept>
    <rtept lat="28.365" lon="84.88651">
      <ele>1350.3319999999776</ele>
    </rtept>
    <rtept lat="28.36523" lon="84.88651">
      <ele>1348.209007999945</ele>
    </rtept>
    <rtept lat="28.36548" lon="84.88647">
      <ele>1352.7690879998202</ele>
    </rtept>
    <rtept lat="28.36558" lon="84.88649">
      <ele>1352.2157760004557</ele>
    </rtept>
    <rtept lat="28.36573" lon="84.88647">
      <ele>1353.9643679997184</ele>
    </rtept>
    <rtept lat="28.36581" lon="84.8865299">
      <ele>1347.3936523200764</ele>
    </rtept>
    <rtept lat="28.36593" lon="84.88657">
      <ele>1344.6950399992206</ele>
    </rtept>
    <rtept lat="28.36611" lon="84.8866">
      <ele>1343.8223999997892</ele>
    </rtept>
    <rtept lat="28.36621" lon="84.88651">
      <ele>1361.341887999802</ele>
    </rtept>
    <rtept lat="28.36628" lon="84.88651">
      <ele>1364.3275839998612</ele>
    </rtept>
    <rtept lat="28.3664" lon="84.88647">
      <ele>1372.295679999771</ele>
    </rtept>
    <rtept lat="28.36668" lon="84.8864399">
      <ele>1374.929549440068</ele>
    </rtept>
    <rtept lat="28.3668" lon="84.88638">
      <ele>1379.364799999748</ele>
    </rtept>
    <rtept lat="28.36694" lon="84.88637">
      <ele>1379.9825600000597</ele>
    </rtept>
    <rtept lat="28.36705" lon="84.88632">
      <ele>1383.772320000218</ele>
    </rtept>
    <rtept lat="28.36722" lon="84.88631">
      <ele>1382.2799040004384</ele>
    </rtept>
    <rtept lat="28.3673" lon="84.88627">
      <ele>1387.0164800002997</ele>
    </rtept>
    <rtept lat="28.36737" lon="84.88629">
      <ele>1386.9878239998413</ele>
    </rtept>
    <rtept lat="28.36744" lon="84.8863">
      <ele>1387.7753599995674</ele>
    </rtept>
    <rtept lat="28.36761" lon="84.88629">
      <ele>1389.1462399998716</ele>
    </rtept>
    <rtept lat="28.36766" lon="84.88624">
      <ele>1391.2486399999555</ele>
    </rtept>
    <rtept lat="28.36773" lon="84.8862">
      <ele>1391.9455999998822</ele>
    </rtept>
    <rtept lat="28.36786" lon="84.88615">
      <ele>1395.705919999988</ele>
    </rtept>
    <rtept lat="28.36793" lon="84.88616">
      <ele>1397.768863999862</ele>
    </rtept>
    <rtept lat="28.36806" lon="84.88622">
      <ele>1398.836544000318</ele>
    </rtept>
    <rtept lat="28.36813" lon="84.88621">
      <ele>1401.1028159997127</ele>
    </rtept>
    <rtept lat="28.36817" lon="84.88616">
      <ele>1404.8010239997686</ele>
    </rtept>
    <rtept lat="28.36823" lon="84.88609">
      <ele>1410.136000000281</ele>
    </rtept>
    <rtept lat="28.36829" lon="84.88604">
      <ele>1414.6720000003443</ele>
    </rtept>
    <rtept lat="28.36834" lon="84.88605">
      <ele>1415.130400000167</ele>
    </rtept>
    <rtept lat="28.36854" lon="84.88614">
      <ele>1413.7758720001311</ele>
    </rtept>
    <rtept lat="28.3687" lon="84.88617">
      <ele>1413.1630399996218</ele>
    </rtept>
    <rtept lat="28.36887" lon="84.88624">
      <ele>1409.8426879999727</ele>
    </rtept>
    <rtept lat="28.36903" lon="84.88621">
      <ele>1411.4964959995473</ele>
    </rtept>
    <rtept lat="28.36913" lon="84.88627">
      <ele>1405.1005920004568</ele>
    </rtept>
    <rtept lat="28.36922" lon="84.88629">
      <ele>1401.87283199972</ele>
    </rtept>
    <rtept lat="28.36982" lon="84.88625">
      <ele>1416.6199999996622</ele>
    </rtept>
    <rtept lat="28.36998" lon="84.88629">
      <ele>1411.4878399997524</ele>
    </rtept>
    <rtept lat="28.37011" lon="84.88628">
      <ele>1411.175072000059</ele>
    </rtept>
    <rtept lat="28.37028" lon="84.88622">
      <ele>1414.4225920004671</ele>
    </rtept>
    <rtept lat="28.37062" lon="84.88617">
      <ele>1424.4188159993741</ele>
    </rtept>
    <rtept lat="28.37085" lon="84.88617">
      <ele>1423.5952799993536</ele>
    </rtept>
    <rtept lat="28.37094" lon="84.88612">
      <ele>1428.923711999499</ele>
    </rtept>
    <rtept lat="28.37103" lon="84.88601">
      <ele>1436.7554240000827</ele>
    </rtept>
    <rtept lat="28.37108" lon="84.88602">
      <ele>1436.6065279998627</ele>
    </rtept>
    <rtept lat="28.37119" lon="84.88609">
      <ele>1432.5622560003055</ele>
    </rtept>
    <rtept lat="28.3713" lon="84.88608">
      <ele>1433.7014399994152</ele>
    </rtept>
    <rtept lat="28.3714" lon="84.88603">
      <ele>1439.137439999517</ele>
    </rtept>
    <rtept lat="28.37152" lon="84.88605">
      <ele>1439.6587200002941</ele>
    </rtept>
    <rtept lat="28.37165" lon="84.88602">
      <ele>1446.0825599997227</ele>
    </rtept>
    <rtept lat="28.37194" lon="84.88616">
      <ele>1451.382079999473</ele>
    </rtept>
    <rtept lat="28.37208" lon="84.88621">
      <ele>1455.4182719994235</ele>
    </rtept>
    <rtept lat="28.37213" lon="84.88627">
      <ele>1452.1499040003305</ele>
    </rtept>
    <rtept lat="28.37225" lon="84.8863499">
      <ele>1450.0792320001387</ele>
    </rtept>
    <rtept lat="28.37233" lon="84.88643">
      <ele>1443.9343039996388</ele>
    </rtept>
    <rtept lat="28.37244" lon="84.8865">
      <ele>1439.6336000002016</ele>
    </rtept>
    <rtept lat="28.37254" lon="84.88652">
      <ele>1438.667647999572</ele>
    </rtept>
    <rtept lat="28.37259" lon="84.88657">
      <ele>1434.123727999461</ele>
    </rtept>
    <rtept lat="28.3727" lon="84.88672">
      <ele>1421.5865600003315</ele>
    </rtept>
    <rtept lat="28.37281" lon="84.88681">
      <ele>1411.1001440003265</ele>
    </rtept>
    <rtept lat="28.37294" lon="84.88685">
      <ele>1402.7465600005594</ele>
    </rtept>
    <rtept lat="28.37307" lon="84.88686">
      <ele>1398.417536000147</ele>
    </rtept>
    <rtept lat="28.37356" lon="84.8867099">
      <ele>1420.4083443200793</ele>
    </rtept>
    <rtept lat="28.37368" lon="84.88657">
      <ele>1441.5364799989688</ele>
    </rtept>
    <rtept lat="28.37392" lon="84.88639">
      <ele>1461.8267199991958</ele>
    </rtept>
    <rtept lat="28.37413" lon="84.8862599">
      <ele>1469.9769372800731</ele>
    </rtept>
    <rtept lat="28.37488" lon="84.88622">
      <ele>1474.2693760006125</ele>
    </rtept>
    <rtept lat="28.37505" lon="84.8861">
      <ele>1487.7048000000657</ele>
    </rtept>
    <rtept lat="28.37537" lon="84.8861">
      <ele>1488.6108800000868</ele>
    </rtept>
    <rtept lat="28.37554" lon="84.88612">
      <ele>1487.9262079994278</ele>
    </rtept>
    <rtept lat="28.37578" lon="84.88605">
      <ele>1490.6627200001888</ele>
    </rtept>
    <rtept lat="28.37584" lon="84.88601">
      <ele>1492.5390400000754</ele>
    </rtept>
    <rtept lat="28.37595" lon="84.88599">
      <ele>1494.074799999417</ele>
    </rtept>
    <rtept lat="28.37614" lon="84.88607">
      <ele>1484.5412159995637</ele>
    </rtept>
    <rtept lat="28.37628" lon="84.88609">
      <ele>1480.5915840004627</ele>
    </rtept>
    <rtept lat="28.37637" lon="84.88629">
      <ele>1462.1730399997941</ele>
    </rtept>
    <rtept lat="28.37651" lon="84.88645">
      <ele>1449.8032800002443</ele>
    </rtept>
    <rtept lat="28.37657" lon="84.8865">
      <ele>1447.1472000001277</ele>
    </rtept>
    <rtept lat="28.37666" lon="84.88651">
      <ele>1447.8018239999553</ele>
    </rtept>
    <rtept lat="28.37675" lon="84.88654">
      <ele>1447.3944000002</ele>
    </rtept>
    <rtept lat="28.37693" lon="84.88654">
      <ele>1449.5768640002277</ele>
    </rtept>
    <rtept lat="28.37722" lon="84.8864399">
      <ele>1460.4737782400766</ele>
    </rtept>
    <rtept lat="28.37734" lon="84.88647">
      <ele>1465.1647679998086</ele>
    </rtept>
    <rtept lat="28.37748" lon="84.88657">
      <ele>1464.967775999423</ele>
    </rtept>
    <rtept lat="28.37793" lon="84.8867">
      <ele>1460.0993599994656</ele>
    </rtept>
    <rtept lat="28.3783" lon="84.8868899">
      <ele>1442.2601504000163</ele>
    </rtept>
    <rtept lat="28.37843" lon="84.88697">
      <ele>1435.640143999589</ele>
    </rtept>
    <rtept lat="28.37852" lon="84.88698">
      <ele>1434.902144000403</ele>
    </rtept>
    <rtept lat="28.37853" lon="84.88701">
      <ele>1432.8957919997622</ele>
    </rtept>
    <rtept lat="28.37851" lon="84.88704">
      <ele>1430.7330560000587</ele>
    </rtept>
    <rtept lat="28.37855" lon="84.88705">
      <ele>1430.3875999998727</ele>
    </rtept>
    <rtept lat="28.37859" lon="84.88704">
      <ele>1431.336704000053</ele>
    </rtept>
    <rtept lat="28.37874" lon="84.88715">
      <ele>1428.7513599997062</ele>
    </rtept>
    <rtept lat="28.37878" lon="84.88724">
      <ele>1424.3341439994895</ele>
    </rtept>
    <rtept lat="28.37887" lon="84.8873">
      <ele>1420.5835200003778</ele>
    </rtept>
    <rtept lat="28.37917" lon="84.88745">
      <ele>1422.7483199998467</ele>
    </rtept>
    <rtept lat="28.37926" lon="84.88758">
      <ele>1416.7904639999526</ele>
    </rtept>
    <rtept lat="28.37931" lon="84.8877">
      <ele>1409.3289600003855</ele>
    </rtept>
    <rtept lat="28.37997" lon="84.88837">
      <ele>1404.2720000001698</ele>
    </rtept>
    <rtept lat="28.38007" lon="84.88843">
      <ele>1404.0403040000117</ele>
    </rtept>
    <rtept lat="28.38022" lon="84.88845">
      <ele>1405.8473599998126</ele>
    </rtept>
    <rtept lat="28.38041" lon="84.88852">
      <ele>1407.4634880000367</ele>
    </rtept>
    <rtept lat="28.38061" lon="84.88873">
      <ele>1406.5678880001888</ele>
    </rtept>
    <rtept lat="28.38093" lon="84.88897">
      <ele>1410.042383999963</ele>
    </rtept>
    <rtept lat="28.38118" lon="84.8892">
      <ele>1409.9119999999266</ele>
    </rtept>
    <rtept lat="28.38135" lon="84.88932">
      <ele>1408.4720000000852</ele>
    </rtept>
    <rtept lat="28.3815" lon="84.88947">
      <ele>1406.0479999999234</ele>
    </rtept>
    <rtept lat="28.38156" lon="84.8895">
      <ele>1406.2640000000447</ele>
    </rtept>
    <rtept lat="28.3816" lon="84.88948">
      <ele>1407.2719999998535</ele>
    </rtept>
    <rtept lat="28.38169" lon="84.88938">
      <ele>1411.7855359998807</ele>
    </rtept>
    <rtept lat="28.38174" lon="84.88938">
      <ele>1413.2802559999375</ele>
    </rtept>
    <rtept lat="28.38179" lon="84.88936">
      <ele>1415.3270720000612</ele>
    </rtept>
    <rtept lat="28.38186" lon="84.88946">
      <ele>1415.005951999995</ele>
    </rtept>
    <rtept lat="28.38196" lon="84.88955">
      <ele>1417.1307199999774</ele>
    </rtept>
    <rtept lat="28.38215" lon="84.88967">
      <ele>1423.0311200000524</ele>
    </rtept>
    <rtept lat="28.38239" lon="84.88985">
      <ele>1431.4058400001895</ele>
    </rtept>
    <rtept lat="28.38252" lon="84.88997">
      <ele>1435.4379839998228</ele>
    </rtept>
    <rtept lat="28.38262" lon="84.8901">
      <ele>1431.7795199997745</ele>
    </rtept>
    <rtept lat="28.3827" lon="84.89018">
      <ele>1429.786559999954</ele>
    </rtept>
    <rtept lat="28.38278" lon="84.89031">
      <ele>1425.5941440000388</ele>
    </rtept>
    <rtept lat="28.38285" lon="84.89035">
      <ele>1426.8648000001522</ele>
    </rtept>
    <rtept lat="28.38305" lon="84.8905599">
      <ele>1424.5935712000507</ele>
    </rtept>
    <rtept lat="28.38314" lon="84.89061">
      <ele>1427.816000000264</ele>
    </rtept>
    <rtept lat="28.38322" lon="84.89072">
      <ele>1427.9600000000146</ele>
    </rtept>
    <rtept lat="28.38335" lon="84.8907399">
      <ele>1434.9755936000145</ele>
    </rtept>
    <rtept lat="28.38366" lon="84.89098">
      <ele>1440.952639999993</ele>
    </rtept>
    <rtept lat="28.38382" lon="84.8912">
      <ele>1440.0486400001098</ele>
    </rtept>
    <rtept lat="28.3842" lon="84.89151">
      <ele>1446.2313600001664</ele>
    </rtept>
    <rtept lat="28.3843" lon="84.89167">
      <ele>1441.6257599997332</ele>
    </rtept>
    <rtept lat="28.38443" lon="84.89183">
      <ele>1438.2174239999947</ele>
    </rtept>
    <rtept lat="28.38459" lon="84.89195">
      <ele>1437.4360000002653</ele>
    </rtept>
    <rtept lat="28.38478" lon="84.89202">
      <ele>1438.6263039998876</ele>
    </rtept>
    <rtept lat="28.384825" lon="84.892023">
      <ele>1438.8293440002346</ele>
    </rtept>
    <rtept lat="28.385107" lon="84.89204">
      <ele>1439.0669440001545</ele>
    </rtept>
    <rtept lat="28.385421" lon="84.89204">
      <ele>1438.6182336001123</ele>
    </rtept>
    <rtept lat="28.38546" lon="84.89204">
      <ele>1438.710336000109</ele>
    </rtept>
    <rtept lat="28.38568" lon="84.89209">
      <ele>1438.0692480000928</ele>
    </rtept>
    <rtept lat="28.38572" lon="84.89207">
      <ele>1438.612415999907</ele>
    </rtept>
    <rtept lat="28.38579" lon="84.89198">
      <ele>1440.967967999909</ele>
    </rtept>
    <rtept lat="28.38585" lon="84.89196">
      <ele>1441.5580800000607</ele>
    </rtept>
    <rtept lat="28.38598" lon="84.89185">
      <ele>1443.435839999893</ele>
    </rtept>
    <rtept lat="28.38609" lon="84.8918">
      <ele>1442.4321599999798</ele>
    </rtept>
    <rtept lat="28.38612" lon="84.89186">
      <ele>1441.6177280000409</ele>
    </rtept>
    <rtept lat="28.38619" lon="84.89191">
      <ele>1441.2832160000344</ele>
    </rtept>
    <rtept lat="28.38655" lon="84.89211">
      <ele>1439.8713599999637</ele>
    </rtept>
    <rtept lat="28.38664" lon="84.89212">
      <ele>1440.7906559999344</ele>
    </rtept>
    <rtept lat="28.3869" lon="84.89196">
      <ele>1441.8979200000417</ele>
    </rtept>
    <rtept lat="28.38704" lon="84.89193">
      <ele>1442.2957759999565</ele>
    </rtept>
    <rtept lat="28.38732" lon="84.89197">
      <ele>1442.563615999977</ele>
    </rtept>
    <rtept lat="28.38742" lon="84.89203">
      <ele>1442.376703999876</ele>
    </rtept>
    <rtept lat="28.38765" lon="84.89204">
      <ele>1441.8560000001144</ele>
    </rtept>
    <rtept lat="28.38778" lon="84.89207">
      <ele>1440.301919999912</ele>
    </rtept>
    <rtept lat="28.38785" lon="84.89207">
      <ele>1440.7403999999003</ele>
    </rtept>
    <rtept lat="28.38795" lon="84.89203">
      <ele>1442.6771999998225</ele>
    </rtept>
    <rtept lat="28.38801" lon="84.89203">
      <ele>1443.2085599998127</ele>
    </rtept>
    <rtept lat="28.38804" lon="84.89207">
      <ele>1441.9305599998524</ele>
    </rtept>
    <rtept lat="28.38826" lon="84.89202">
      <ele>1447.287615999882</ele>
    </rtept>
    <rtept lat="28.38851" lon="84.89192">
      <ele>1449.0640000000358</ele>
    </rtept>
    <rtept lat="28.38859" lon="84.89196">
      <ele>1445.8314880000928</ele>
    </rtept>
    <rtept lat="28.38867" lon="84.89194">
      <ele>1444.258783999763</ele>
    </rtept>
    <rtept lat="28.38878" lon="84.8919">
      <ele>1442.3225599997056</ele>
    </rtept>
    <rtept lat="28.38884" lon="84.89185">
      <ele>1442.5443199998351</ele>
    </rtept>
    <rtept lat="28.38951" lon="84.8915899">
      <ele>1444.176657119995</ele>
    </rtept>
    <rtept lat="28.38963" lon="84.8915899">
      <ele>1442.0904945600105</ele>
    </rtept>
    <rtept lat="28.39004" lon="84.89171">
      <ele>1436.8898559999711</ele>
    </rtept>
    <rtept lat="28.39026" lon="84.89183">
      <ele>1434.105471999993</ele>
    </rtept>
    <rtept lat="28.39036" lon="84.89187">
      <ele>1432.8159999999834</ele>
    </rtept>
    <rtept lat="28.3907" lon="84.89192">
      <ele>1430.1830400000067</ele>
    </rtept>
    <rtept lat="28.39088" lon="84.89184">
      <ele>1432.071167999961</ele>
    </rtept>
    <rtept lat="28.3909" lon="84.89173">
      <ele>1433.9932800000486</ele>
    </rtept>
    <rtept lat="28.3909" lon="84.89163">
      <ele>1435.91567999981</ele>
    </rtept>
    <rtept lat="28.39087" lon="84.89153">
      <ele>1438.0369439999176</ele>
    </rtept>
    <rtept lat="28.39087" lon="84.89145">
      <ele>1440.0909599998363</ele>
    </rtept>
    <rtept lat="28.3909" lon="84.8914099">
      <ele>1441.6523663999928</ele>
    </rtept>
    <rtept lat="28.39095" lon="84.89142">
      <ele>1442.2689600000965</ele>
    </rtept>
    <rtept lat="28.39093" lon="84.89129">
      <ele>1444.860336000057</ele>
    </rtept>
    <rtept lat="28.39094" lon="84.8912299">
      <ele>1446.267161280028</ele>
    </rtept>
    <rtept lat="28.39096" lon="84.89122">
      <ele>1446.704255999914</ele>
    </rtept>
    <rtept lat="28.39111" lon="84.89325">
      <ele>1456.4943999995362</ele>
    </rtept>
    <rtept lat="28.39103" lon="84.89333">
      <ele>1462.2820480004673</ele>
    </rtept>
    <rtept lat="28.39098" lon="84.89335">
      <ele>1464.3985599996622</ele>
    </rtept>
    <rtept lat="28.39096" lon="84.89339">
      <ele>1470.409407999452</ele>
    </rtept>
    <rtept lat="28.3912" lon="84.89349">
      <ele>1488.4835199998845</ele>
    </rtept>
    <rtept lat="28.39147" lon="84.89369">
      <ele>1490.762928000582</ele>
    </rtept>
    <rtept lat="28.39173" lon="84.89381">
      <ele>1487.6797920002273</ele>
    </rtept>
    <rtept lat="28.39193" lon="84.89386">
      <ele>1481.7304320002245</ele>
    </rtept>
    <rtept lat="28.39205" lon="84.89378">
      <ele>1484.0262400003546</ele>
    </rtept>
    <rtept lat="28.39216" lon="84.89379">
      <ele>1490.7504639998</ele>
    </rtept>
    <rtept lat="28.39229" lon="84.89378">
      <ele>1496.1055360003108</ele>
    </rtept>
    <rtept lat="28.39239" lon="84.89369">
      <ele>1495.7992480002283</ele>
    </rtept>
    <rtept lat="28.39243" lon="84.89362">
      <ele>1494.8164479999905</ele>
    </rtept>
    <rtept lat="28.39254" lon="84.89357">
      <ele>1498.1159999999318</ele>
    </rtept>
    <rtept lat="28.39265" lon="84.89361">
      <ele>1502.2919999998753</ele>
    </rtept>
    <rtept lat="28.39279" lon="84.89362">
      <ele>1506.2696319999304</ele>
    </rtept>
    <rtept lat="28.39297" lon="84.8937">
      <ele>1509.0217599997814</ele>
    </rtept>
    <rtept lat="28.39301" lon="84.89379">
      <ele>1513.5655359997756</ele>
    </rtept>
    <rtept lat="28.39288" lon="84.89385">
      <ele>1515.9899200000273</ele>
    </rtept>
    <rtept lat="28.39271" lon="84.89398">
      <ele>1519.0640959999876</ele>
    </rtept>
    <rtept lat="28.39268" lon="84.89409">
      <ele>1523.6565440002437</ele>
    </rtept>
    <rtept lat="28.39263" lon="84.89415">
      <ele>1525.4002399998137</ele>
    </rtept>
    <rtept lat="28.39264" lon="84.8942299">
      <ele>1528.6878483199728</ele>
    </rtept>
    <rtept lat="28.39261" lon="84.8944099">
      <ele>1534.3637796799994</ele>
    </rtept>
    <rtept lat="28.39252" lon="84.89452">
      <ele>1535.6284160000146</ele>
    </rtept>
    <rtept lat="28.39259" lon="84.89455">
      <ele>1537.0728799998994</ele>
    </rtept>
    <rtept lat="28.39257" lon="84.89461">
      <ele>1537.8378079999927</ele>
    </rtept>
    <rtept lat="28.39258" lon="84.89469">
      <ele>1539.3174079999374</ele>
    </rtept>
    <rtept lat="28.39262" lon="84.89476">
      <ele>1540.9172480000934</ele>
    </rtept>
    <rtept lat="28.3927" lon="84.8948">
      <ele>1542.358400000069</ele>
    </rtept>
    <rtept lat="28.39271" lon="84.89531">
      <ele>1551.539695999881</ele>
    </rtept>
    <rtept lat="28.39283" lon="84.89557">
      <ele>1558.2177760000977</ele>
    </rtept>
    <rtept lat="28.39287" lon="84.89579">
      <ele>1561.6562080000765</ele>
    </rtept>
    <rtept lat="28.39302" lon="84.89615">
      <ele>1568.7984000001939</ele>
    </rtept>
    <rtept lat="28.39309" lon="84.89622">
      <ele>1572.0489599999887</ele>
    </rtept>
    <rtept lat="28.39314" lon="84.89631">
      <ele>1574.9836799999937</ele>
    </rtept>
    <rtept lat="28.39334" lon="84.89628">
      <ele>1573.9962240000873</ele>
    </rtept>
  </rte>
  <rte>
    <name>Manaslu Trek - Day 5</name>
    <rtept lat="28.39365" lon="84.89628">
      <ele>1571.5160000000137</ele>
    </rtept>
    <rtept lat="28.39378" lon="84.89631">
      <ele>1569.3920000000062</ele>
    </rtept>
    <rtept lat="28.39415" lon="84.89644">
      <ele>1567.678239999981</ele>
    </rtept>
    <rtept lat="28.39452" lon="84.89661">
      <ele>1559.3046079998808</ele>
    </rtept>
    <rtept lat="28.39477" lon="84.89673">
      <ele>1557.4912160001907</ele>
    </rtept>
    <rtept lat="28.39482" lon="84.89685">
      <ele>1562.1843200000176</ele>
    </rtept>
    <rtept lat="28.39487" lon="84.89701">
      <ele>1568.2531359998186</ele>
    </rtept>
    <rtept lat="28.39492" lon="84.8970499">
      <ele>1569.4671942399739</ele>
    </rtept>
    <rtept lat="28.395" lon="84.89708">
      <ele>1569.9280000000585</ele>
    </rtept>
    <rtept lat="28.39509" lon="84.89706">
      <ele>1569.845919999896</ele>
    </rtept>
    <rtept lat="28.39518" lon="84.89699">
      <ele>1567.8673600000818</ele>
    </rtept>
    <rtept lat="28.39523" lon="84.89698">
      <ele>1567.4699199999673</ele>
    </rtept>
    <rtept lat="28.39536" lon="84.89702">
      <ele>1568.5870719998939</ele>
    </rtept>
    <rtept lat="28.39545" lon="84.89702">
      <ele>1568.1438399998772</ele>
    </rtept>
    <rtept lat="28.39555" lon="84.89698">
      <ele>1565.2206399999484</ele>
    </rtept>
    <rtept lat="28.39562" lon="84.89699">
      <ele>1567.1076160001546</ele>
    </rtept>
    <rtept lat="28.39576" lon="84.89695">
      <ele>1568.374240000137</ele>
    </rtept>
    <rtept lat="28.39598" lon="84.89703">
      <ele>1578.5800000000913</ele>
    </rtept>
    <rtept lat="28.3962" lon="84.89686">
      <ele>1577.2374400002439</ele>
    </rtept>
    <rtept lat="28.39653" lon="84.89671">
      <ele>1572.4572639999024</ele>
    </rtept>
    <rtept lat="28.39673" lon="84.89667">
      <ele>1576.3414720000942</ele>
    </rtept>
    <rtept lat="28.39688" lon="84.89655">
      <ele>1577.1596800002394</ele>
    </rtept>
    <rtept lat="28.39708" lon="84.89643">
      <ele>1575.611775999741</ele>
    </rtept>
    <rtept lat="28.39726" lon="84.89642">
      <ele>1576.40153600031</ele>
    </rtept>
    <rtept lat="28.39751" lon="84.89651">
      <ele>1579.2006080002716</ele>
    </rtept>
    <rtept lat="28.39768" lon="84.8964699">
      <ele>1577.1217145599821</ele>
    </rtept>
    <rtept lat="28.39786" lon="84.89634">
      <ele>1574.7121919998779</ele>
    </rtept>
    <rtept lat="28.39822" lon="84.89621">
      <ele>1585.9790079997795</ele>
    </rtept>
    <rtept lat="28.3985" lon="84.8959">
      <ele>1574.911999999806</ele>
    </rtept>
    <rtept lat="28.39872" lon="84.89572">
      <ele>1569.6400639998694</ele>
    </rtept>
    <rtept lat="28.39901" lon="84.89557">
      <ele>1573.7399840003739</ele>
    </rtept>
    <rtept lat="28.39936" lon="84.89518">
      <ele>1565.5499519997893</ele>
    </rtept>
    <rtept lat="28.39961" lon="84.89509">
      <ele>1568.8875839997609</ele>
    </rtept>
    <rtept lat="28.39973" lon="84.895">
      <ele>1569.3639999998352</ele>
    </rtept>
    <rtept lat="28.40028" lon="84.89474">
      <ele>1584.9354879999162</ele>
    </rtept>
    <rtept lat="28.40053" lon="84.89473">
      <ele>1588.9065759997861</ele>
    </rtept>
    <rtept lat="28.40063" lon="84.89472">
      <ele>1588.0642880003963</ele>
    </rtept>
    <rtept lat="28.40125" lon="84.8941399">
      <ele>1568.795500000034</ele>
    </rtept>
    <rtept lat="28.40139" lon="84.8941">
      <ele>1577.9487999996945</ele>
    </rtept>
    <rtept lat="28.40158" lon="84.89408">
      <ele>1589.0252800000294</ele>
    </rtept>
    <rtept lat="28.40169" lon="84.89403">
      <ele>1593.656031999985</ele>
    </rtept>
    <rtept lat="28.40182" lon="84.89392">
      <ele>1592.4749439997765</ele>
    </rtept>
    <rtept lat="28.40197" lon="84.89385">
      <ele>1590.889839999988</ele>
    </rtept>
    <rtept lat="28.40209" lon="84.89376">
      <ele>1586.7940480000523</ele>
    </rtept>
    <rtept lat="28.40247" lon="84.89371">
      <ele>1593.0709279999446</ele>
    </rtept>
    <rtept lat="28.40267" lon="84.89371">
      <ele>1594.0519999999187</ele>
    </rtept>
    <rtept lat="28.40299" lon="84.89358">
      <ele>1580.4582720000276</ele>
    </rtept>
    <rtept lat="28.40326" lon="84.89366">
      <ele>1576.1313919999186</ele>
    </rtept>
    <rtept lat="28.40344" lon="84.89367">
      <ele>1578.1519999999975</ele>
    </rtept>
    <rtept lat="28.40385" lon="84.89361">
      <ele>1585.449200000017</ele>
    </rtept>
    <rtept lat="28.40405" lon="84.89354">
      <ele>1587.9140800000073</ele>
    </rtept>
    <rtept lat="28.40443" lon="84.89357">
      <ele>1586.394783999934</ele>
    </rtept>
    <rtept lat="28.40456" lon="84.8935599">
      <ele>1584.0957935999868</ele>
    </rtept>
    <rtept lat="28.40472" lon="84.89353">
      <ele>1579.2110399998596</ele>
    </rtept>
    <rtept lat="28.40489" lon="84.89358">
      <ele>1589.8775360000716</ele>
    </rtept>
    <rtept lat="28.40509" lon="84.89361">
      <ele>1597.2284479997356</ele>
    </rtept>
    <rtept lat="28.40531" lon="84.89373">
      <ele>1601.6223680001403</ele>
    </rtept>
    <rtept lat="28.4056" lon="84.89377">
      <ele>1598.0640000002795</ele>
    </rtept>
    <rtept lat="28.40574" lon="84.8937399">
      <ele>1597.1920800000157</ele>
    </rtept>
    <rtept lat="28.40589" lon="84.89368">
      <ele>1594.319328000285</ele>
    </rtept>
    <rtept lat="28.40625" lon="84.8934699">
      <ele>1583.7659199999543</ele>
    </rtept>
    <rtept lat="28.40633" lon="84.89346">
      <ele>1585.8092800005288</ele>
    </rtept>
    <rtept lat="28.40639" lon="84.8935">
      <ele>1592.811200000354</ele>
    </rtept>
    <rtept lat="28.40662" lon="84.8938">
      <ele>1616.2828799999052</ele>
    </rtept>
    <rtept lat="28.40673" lon="84.89385">
      <ele>1615.9843200000382</ele>
    </rtept>
    <rtept lat="28.40703" lon="84.8939">
      <ele>1610.644960000241</ele>
    </rtept>
    <rtept lat="28.40718" lon="84.89407">
      <ele>1618.7826879999182</ele>
    </rtept>
    <rtept lat="28.40752" lon="84.89422">
      <ele>1617.8610560003833</ele>
    </rtept>
    <rtept lat="28.40773" lon="84.89434">
      <ele>1622.4039679999457</ele>
    </rtept>
    <rtept lat="28.40796" lon="84.89439">
      <ele>1619.697152000117</ele>
    </rtept>
    <rtept lat="28.40821" lon="84.8944099">
      <ele>1620.2499441599641</ele>
    </rtept>
    <rtept lat="28.40839" lon="84.8944999">
      <ele>1629.1949999999638</ele>
    </rtept>
    <rtept lat="28.40879" lon="84.89461">
      <ele>1640.4332320000087</ele>
    </rtept>
    <rtept lat="28.40902" lon="84.89454">
      <ele>1636.958528000377</ele>
    </rtept>
    <rtept lat="28.40929" lon="84.89449">
      <ele>1635.2960000002386</ele>
    </rtept>
    <rtept lat="28.40953" lon="84.89438">
      <ele>1630.791263999931</ele>
    </rtept>
    <rtept lat="28.40974" lon="84.89436">
      <ele>1629.5874560003192</ele>
    </rtept>
    <rtept lat="28.40991" lon="84.8942299">
      <ele>1624.2887153599552</ele>
    </rtept>
    <rtept lat="28.41011" lon="84.89417">
      <ele>1621.7815040001387</ele>
    </rtept>
    <rtept lat="28.41067" lon="84.89427">
      <ele>1625.942528000405</ele>
    </rtept>
    <rtept lat="28.41087" lon="84.89422">
      <ele>1618.9360640003415</ele>
    </rtept>
    <rtept lat="28.41135" lon="84.89431">
      <ele>1628.0448800005606</ele>
    </rtept>
    <rtept lat="28.41153" lon="84.89427">
      <ele>1629.9941440007196</ele>
    </rtept>
    <rtept lat="28.41169" lon="84.89419">
      <ele>1627.8569439993696</ele>
    </rtept>
    <rtept lat="28.41184" lon="84.89409">
      <ele>1627.1440000004343</ele>
    </rtept>
    <rtept lat="28.41196" lon="84.89403">
      <ele>1628.8480320000704</ele>
    </rtept>
    <rtept lat="28.41215" lon="84.89387">
      <ele>1623.6905600004538</ele>
    </rtept>
    <rtept lat="28.41233" lon="84.89377">
      <ele>1619.0981920001834</ele>
    </rtept>
    <rtept lat="28.41261" lon="84.8936499">
      <ele>1606.833212319955</ele>
    </rtept>
    <rtept lat="28.41282" lon="84.89371">
      <ele>1601.9797759999258</ele>
    </rtept>
    <rtept lat="28.41329" lon="84.8940499">
      <ele>1611.6045276799493</ele>
    </rtept>
    <rtept lat="28.41342" lon="84.89428">
      <ele>1619.981887999857</ele>
    </rtept>
    <rtept lat="28.41349" lon="84.89429">
      <ele>1621.7912479999416</ele>
    </rtept>
    <rtept lat="28.4136" lon="84.89418">
      <ele>1621.1782400001423</ele>
    </rtept>
    <rtept lat="28.41371" lon="84.8941399">
      <ele>1620.8528542399615</ele>
    </rtept>
    <rtept lat="28.41382" lon="84.89419">
      <ele>1623.6181759997555</ele>
    </rtept>
    <rtept lat="28.41401" lon="84.89436">
      <ele>1629.763648000368</ele>
    </rtept>
    <rtept lat="28.41438" lon="84.89447">
      <ele>1627.8133759998912</ele>
    </rtept>
    <rtept lat="28.41455" lon="84.89446">
      <ele>1625.6081599998088</ele>
    </rtept>
    <rtept lat="28.41466" lon="84.89449">
      <ele>1626.5862080001625</ele>
    </rtept>
    <rtept lat="28.41488" lon="84.89448">
      <ele>1625.2341120000544</ele>
    </rtept>
    <rtept lat="28.41511" lon="84.89451">
      <ele>1622.2901759999274</ele>
    </rtept>
    <rtept lat="28.41528" lon="84.89463">
      <ele>1620.2826880002092</ele>
    </rtept>
    <rtept lat="28.41563" lon="84.8952599">
      <ele>1622.407534559987</ele>
    </rtept>
    <rtept lat="28.41572" lon="84.8953499">
      <ele>1621.9609862399682</ele>
    </rtept>
    <rtept lat="28.41575" lon="84.89546">
      <ele>1624.3416000000295</ele>
    </rtept>
    <rtept lat="28.41593" lon="84.89561">
      <ele>1621.6871680003244</ele>
    </rtept>
    <rtept lat="28.41603" lon="84.89565">
      <ele>1617.8291200002275</ele>
    </rtept>
    <rtept lat="28.41646" lon="84.89588">
      <ele>1604.906112000213</ele>
    </rtept>
    <rtept lat="28.41692" lon="84.89616">
      <ele>1594.8136319995094</ele>
    </rtept>
    <rtept lat="28.41694" lon="84.8962899">
      <ele>1604.0424393599271</ele>
    </rtept>
    <rtept lat="28.41704" lon="84.89639">
      <ele>1611.0601279997247</ele>
    </rtept>
    <rtept lat="28.4172" lon="84.89634">
      <ele>1604.7062399995302</ele>
    </rtept>
    <rtept lat="28.41748" lon="84.89612">
      <ele>1579.4889599995045</ele>
    </rtept>
    <rtept lat="28.41782" lon="84.89604">
      <ele>1568.0505599999658</ele>
    </rtept>
    <rtept lat="28.41799" lon="84.8961099">
      <ele>1570.4232551999628</ele>
    </rtept>
    <rtept lat="28.41834" lon="84.89658">
      <ele>1584.1305599999996</ele>
    </rtept>
    <rtept lat="28.41851" lon="84.89676">
      <ele>1593.6941760000395</ele>
    </rtept>
    <rtept lat="28.41865" lon="84.89675">
      <ele>1593.647999999767</ele>
    </rtept>
    <rtept lat="28.41885" lon="84.89668">
      <ele>1591.204320000219</ele>
    </rtept>
    <rtept lat="28.419" lon="84.89658">
      <ele>1586.7600000000195</ele>
    </rtept>
    <rtept lat="28.41916" lon="84.89659">
      <ele>1590.3600000002675</ele>
    </rtept>
    <rtept lat="28.41936" lon="84.89664">
      <ele>1593.8127360004025</ele>
    </rtept>
    <rtept lat="28.41947" lon="84.89657">
      <ele>1587.3922399997493</ele>
    </rtept>
    <rtept lat="28.41961" lon="84.89661">
      <ele>1588.1597599997801</ele>
    </rtept>
    <rtept lat="28.41978" lon="84.89668">
      <ele>1587.575808000283</ele>
    </rtept>
    <rtept lat="28.41994" lon="84.8967">
      <ele>1585.9209599995495</ele>
    </rtept>
    <rtept lat="28.42038" lon="84.89661">
      <ele>1593.3077759995485</ele>
    </rtept>
    <rtept lat="28.4205" lon="84.89651">
      <ele>1584.465600000919</ele>
    </rtept>
    <rtept lat="28.42062" lon="84.89639">
      <ele>1569.4966399994576</ele>
    </rtept>
    <rtept lat="28.42074" lon="84.89635">
      <ele>1570.7011199998092</ele>
    </rtept>
    <rtept lat="28.42088" lon="84.89641">
      <ele>1579.908128000558</ele>
    </rtept>
    <rtept lat="28.42105" lon="84.89639">
      <ele>1572.57751999921</ele>
    </rtept>
    <rtept lat="28.4211" lon="84.89621">
      <ele>1560.7814399997962</ele>
    </rtept>
    <rtept lat="28.42145" lon="84.8961999">
      <ele>1571.7543791998721</ele>
    </rtept>
    <rtept lat="28.42159" lon="84.89618">
      <ele>1567.6932480002374</ele>
    </rtept>
    <rtept lat="28.42172" lon="84.89599">
      <ele>1548.3705919998993</ele>
    </rtept>
    <rtept lat="28.42184" lon="84.89587">
      <ele>1543.817312000126</ele>
    </rtept>
    <rtept lat="28.42198" lon="84.89586">
      <ele>1545.5717119999915</ele>
    </rtept>
    <rtept lat="28.42222" lon="84.89587">
      <ele>1557.4050560001183</ele>
    </rtept>
    <rtept lat="28.42232" lon="84.89584">
      <ele>1555.1715840005456</ele>
    </rtept>
    <rtept lat="28.42258" lon="84.89579">
      <ele>1554.878784000169</ele>
    </rtept>
    <rtept lat="28.42276" lon="84.8957">
      <ele>1558.0358400001385</ele>
    </rtept>
    <rtept lat="28.42289" lon="84.89567">
      <ele>1563.1376159997233</ele>
    </rtept>
    <rtept lat="28.42301" lon="84.89563">
      <ele>1565.7008159998245</ele>
    </rtept>
    <rtept lat="28.42324" lon="84.89545">
      <ele>1579.1894399999915</ele>
    </rtept>
    <rtept lat="28.42357" lon="84.89534">
      <ele>1597.3331520000893</ele>
    </rtept>
    <rtept lat="28.42396" lon="84.89512">
      <ele>1617.7722239998488</ele>
    </rtept>
    <rtept lat="28.42411" lon="84.89507">
      <ele>1624.342223999812</ele>
    </rtept>
    <rtept lat="28.42433" lon="84.89504">
      <ele>1628.0087040001404</ele>
    </rtept>
    <rtept lat="28.42448" lon="84.89511">
      <ele>1627.410879999976</ele>
    </rtept>
    <rtept lat="28.42469" lon="84.89504">
      <ele>1626.1609599999206</ele>
    </rtept>
    <rtept lat="28.42523" lon="84.89513">
      <ele>1643.9449920004681</ele>
    </rtept>
    <rtept lat="28.42561" lon="84.89531">
      <ele>1635.0770719999596</ele>
    </rtept>
    <rtept lat="28.42575" lon="84.8953">
      <ele>1642.2319999997728</ele>
    </rtept>
    <rtept lat="28.42587" lon="84.89521">
      <ele>1655.6479519992881</ele>
    </rtept>
    <rtept lat="28.42602" lon="84.89532">
      <ele>1642.8325760000967</ele>
    </rtept>
    <rtept lat="28.42634" lon="84.8954399">
      <ele>1640.186367680043</ele>
    </rtept>
    <rtept lat="28.42645" lon="84.89539">
      <ele>1644.2941599994585</ele>
    </rtept>
    <rtept lat="28.42661" lon="84.89539">
      <ele>1639.5870879995184</ele>
    </rtept>
    <rtept lat="28.42677" lon="84.8956199">
      <ele>1622.2813206399937</ele>
    </rtept>
    <rtept lat="28.42727" lon="84.89594">
      <ele>1611.7953279999333</ele>
    </rtept>
    <rtept lat="28.42748" lon="84.89601">
      <ele>1610.757087999924</ele>
    </rtept>
    <rtept lat="28.4277" lon="84.8962899">
      <ele>1609.8475455999871</ele>
    </rtept>
    <rtept lat="28.4279" lon="84.8964">
      <ele>1609.4624000000179</ele>
    </rtept>
    <rtept lat="28.42831" lon="84.8964">
      <ele>1621.7975999999849</ele>
    </rtept>
    <rtept lat="28.42879" lon="84.8965">
      <ele>1628.274400000032</ele>
    </rtept>
    <rtept lat="28.42934" lon="84.89678">
      <ele>1642.4545920005332</ele>
    </rtept>
    <rtept lat="28.42955" lon="84.89683">
      <ele>1642.4615999996365</ele>
    </rtept>
    <rtept lat="28.42997" lon="84.8969">
      <ele>1641.7598400001177</ele>
    </rtept>
    <rtept lat="28.43013" lon="84.89696">
      <ele>1641.5342080004111</ele>
    </rtept>
    <rtept lat="28.43061" lon="84.8973">
      <ele>1664.7267200001172</ele>
    </rtept>
    <rtept lat="28.43086" lon="84.89753">
      <ele>1682.5579520003992</ele>
    </rtept>
    <rtept lat="28.43108" lon="84.89762">
      <ele>1689.4682240002778</ele>
    </rtept>
    <rtept lat="28.43122" lon="84.89763">
      <ele>1683.459072000438</ele>
    </rtept>
    <rtept lat="28.43144" lon="84.89752">
      <ele>1668.4717440000384</ele>
    </rtept>
    <rtept lat="28.43181" lon="84.89774">
      <ele>1674.7098239999316</ele>
    </rtept>
    <rtept lat="28.43193" lon="84.89765">
      <ele>1671.4279199999473</ele>
    </rtept>
    <rtept lat="28.432" lon="84.89757">
      <ele>1669.0240000000388</ele>
    </rtept>
    <rtept lat="28.43211" lon="84.8974999">
      <ele>1669.958643520051</ele>
    </rtept>
    <rtept lat="28.43243" lon="84.89748">
      <ele>1682.154848000009</ele>
    </rtept>
    <rtept lat="28.43253" lon="84.89755">
      <ele>1687.3644799998776</ele>
    </rtept>
    <rtept lat="28.43263" lon="84.8975899">
      <ele>1691.0574118399888</ele>
    </rtept>
    <rtept lat="28.43283" lon="84.89758">
      <ele>1694.0885760000283</ele>
    </rtept>
    <rtept lat="28.43293" lon="84.8975899">
      <ele>1692.4214188800174</ele>
    </rtept>
    <rtept lat="28.43313" lon="84.89754">
      <ele>1688.351776000135</ele>
    </rtept>
    <rtept lat="28.4334" lon="84.89752">
      <ele>1685.3391999999865</ele>
    </rtept>
    <rtept lat="28.43348" lon="84.89755">
      <ele>1685.1016000001905</ele>
    </rtept>
    <rtept lat="28.43376" lon="84.89758">
      <ele>1672.768255999695</ele>
    </rtept>
    <rtept lat="28.4339" lon="84.89757">
      <ele>1664.2985599998274</ele>
    </rtept>
    <rtept lat="28.43405" lon="84.8975899">
      <ele>1651.2539384000715</ele>
    </rtept>
    <rtept lat="28.43418" lon="84.8975899">
      <ele>1641.406092799972</ele>
    </rtept>
    <rtept lat="28.43425" lon="84.89756">
      <ele>1640.5880000000607</ele>
    </rtept>
    <rtept lat="28.43423" lon="84.89749">
      <ele>1642.9735039996922</ele>
    </rtept>
    <rtept lat="28.43417" lon="84.89743">
      <ele>1648.2197119999719</ele>
    </rtept>
    <rtept lat="28.43428" lon="84.89725">
      <ele>1656.2695999999682</ele>
    </rtept>
    <rtept lat="28.43428" lon="84.89719">
      <ele>1660.3206400003344</ele>
    </rtept>
    <rtept lat="28.4343" lon="84.89716">
      <ele>1661.5936000000231</ele>
    </rtept>
    <rtept lat="28.43435" lon="84.89724">
      <ele>1653.2628800002424</ele>
    </rtept>
    <rtept lat="28.43454" lon="84.89727">
      <ele>1647.7739839997137</ele>
    </rtept>
    <rtept lat="28.43462" lon="84.89731">
      <ele>1645.655455999735</ele>
    </rtept>
    <rtept lat="28.4347" lon="84.89731">
      <ele>1645.4273599996777</ele>
    </rtept>
    <rtept lat="28.43466" lon="84.8972299">
      <ele>1650.8218563200546</ele>
    </rtept>
    <rtept lat="28.43461" lon="84.89721">
      <ele>1651.660431999909</ele>
    </rtept>
    <rtept lat="28.4346" lon="84.89716">
      <ele>1655.177920000038</ele>
    </rtept>
    <rtept lat="28.43473" lon="84.89716">
      <ele>1655.6868160000604</ele>
    </rtept>
    <rtept lat="28.43486" lon="84.89729">
      <ele>1645.7272640001</ele>
    </rtept>
    <rtept lat="28.43494" lon="84.89734">
      <ele>1642.8325760000102</ele>
    </rtept>
    <rtept lat="28.43507" lon="84.8975899">
      <ele>1636.6563871999872</ele>
    </rtept>
    <rtept lat="28.43517" lon="84.8977">
      <ele>1634.4655999999607</ele>
    </rtept>
    <rtept lat="28.43525" lon="84.8978">
      <ele>1631.560000000025</ele>
    </rtept>
    <rtept lat="28.4353" lon="84.8979">
      <ele>1633.2864000000425</ele>
    </rtept>
    <rtept lat="28.43539" lon="84.89794">
      <ele>1634.1731519999107</ele>
    </rtept>
    <rtept lat="28.43547" lon="84.89804">
      <ele>1631.125536000224</ele>
    </rtept>
    <rtept lat="28.43575" lon="84.89829">
      <ele>1641.743999999934</ele>
    </rtept>
    <rtept lat="28.43608" lon="84.89852">
      <ele>1652.2897919998973</ele>
    </rtept>
    <rtept lat="28.43621" lon="84.89864">
      <ele>1653.9378559999775</ele>
    </rtept>
    <rtept lat="28.43643" lon="84.89888">
      <ele>1656.5873599999281</ele>
    </rtept>
    <rtept lat="28.43656" lon="84.89899">
      <ele>1658.8846719999776</ele>
    </rtept>
    <rtept lat="28.43674" lon="84.89923">
      <ele>1666.9251520001335</ele>
    </rtept>
    <rtept lat="28.43681" lon="84.89919">
      <ele>1666.2480640002427</ele>
    </rtept>
    <rtept lat="28.43698" lon="84.89917">
      <ele>1669.6098879997865</ele>
    </rtept>
    <rtept lat="28.43706" lon="84.89932">
      <ele>1680.3842560000674</ele>
    </rtept>
    <rtept lat="28.43703" lon="84.89918">
      <ele>1673.4166720000508</ele>
    </rtept>
    <rtept lat="28.43704" lon="84.89912">
      <ele>1674.1972480000288</ele>
    </rtept>
    <rtept lat="28.4371" lon="84.89922">
      <ele>1679.076160000046</ele>
    </rtept>
    <rtept lat="28.43714" lon="84.89936">
      <ele>1683.878272000012</ele>
    </rtept>
    <rtept lat="28.4372" lon="84.89941">
      <ele>1685.6713600000257</ele>
    </rtept>
    <rtept lat="28.4376" lon="84.89968">
      <ele>1695.984000000035</ele>
    </rtept>
    <rtept lat="28.43773" lon="84.89972">
      <ele>1698.2879999999996</ele>
    </rtept>
    <rtept lat="28.43791" lon="84.89972">
      <ele>1699.9698879999735</ele>
    </rtept>
    <rtept lat="28.43804" lon="84.89976">
      <ele>1699.0525439999722</ele>
    </rtept>
    <rtept lat="28.43816" lon="84.89975">
      <ele>1700.6152000001084</ele>
    </rtept>
    <rtept lat="28.43828" lon="84.89979">
      <ele>1700.580064000109</ele>
    </rtept>
    <rtept lat="28.43852" lon="84.89977">
      <ele>1701.44924799988</ele>
    </rtept>
    <rtept lat="28.43868" lon="84.89971">
      <ele>1703.0432640000367</ele>
    </rtept>
    <rtept lat="28.43881" lon="84.89972">
      <ele>1701.654815999918</ele>
    </rtept>
    <rtept lat="28.43886" lon="84.89975">
      <ele>1700.118400000118</ele>
    </rtept>
    <rtept lat="28.43894" lon="84.89971">
      <ele>1700.6252480000683</ele>
    </rtept>
    <rtept lat="28.43905" lon="84.89972">
      <ele>1698.2403199998382</ele>
    </rtept>
    <rtept lat="28.43914" lon="84.89976">
      <ele>1695.598720000012</ele>
    </rtept>
    <rtept lat="28.43924" lon="84.89979">
      <ele>1694.8063360001108</ele>
    </rtept>
    <rtept lat="28.43939" lon="84.89978">
      <ele>1695.6910719997668</ele>
    </rtept>
    <rtept lat="28.43985" lon="84.89969">
      <ele>1695.2504799997355</ele>
    </rtept>
    <rtept lat="28.44004" lon="84.8996">
      <ele>1697.650239999797</ele>
    </rtept>
    <rtept lat="28.44015" lon="84.89958">
      <ele>1700.072319999972</ele>
    </rtept>
    <rtept lat="28.44025" lon="84.89962">
      <ele>1699.5568000000544</ele>
    </rtept>
    <rtept lat="28.44041" lon="84.89973">
      <ele>1698.7414079996652</ele>
    </rtept>
    <rtept lat="28.4405" lon="84.89976">
      <ele>1699.780799999954</ele>
    </rtept>
    <rtept lat="28.44058" lon="84.89976">
      <ele>1701.6640639999453</ele>
    </rtept>
    <rtept lat="28.44066" lon="84.89974">
      <ele>1703.7278720005345</ele>
    </rtept>
    <rtept lat="28.44083" lon="84.89975">
      <ele>1703.2904000002552</ele>
    </rtept>
    <rtept lat="28.44094" lon="84.8999">
      <ele>1690.7475199997996</ele>
    </rtept>
    <rtept lat="28.44102" lon="84.89995">
      <ele>1687.6500799996702</ele>
    </rtept>
    <rtept lat="28.44145" lon="84.90012">
      <ele>1679.399839999949</ele>
    </rtept>
    <rtept lat="28.44164" lon="84.90013">
      <ele>1681.1477119997874</ele>
    </rtept>
    <rtept lat="28.44205" lon="84.90001">
      <ele>1708.16168000033</ele>
    </rtept>
    <rtept lat="28.44219" lon="84.90003">
      <ele>1713.2114719999227</ele>
    </rtept>
    <rtept lat="28.4426" lon="84.89998">
      <ele>1723.5241599999974</ele>
    </rtept>
    <rtept lat="28.44281" lon="84.89987">
      <ele>1744.4355039996778</ele>
    </rtept>
    <rtept lat="28.4433" lon="84.89974">
      <ele>1812.3865600004435</ele>
    </rtept>
    <rtept lat="28.44336" lon="84.89967">
      <ele>1822.4916159998147</ele>
    </rtept>
    <rtept lat="28.44366" lon="84.89958">
      <ele>1853.824000000065</ele>
    </rtept>
    <rtept lat="28.444" lon="84.89939">
      <ele>1887.398400000169</ele>
    </rtept>
    <rtept lat="28.44419" lon="84.89941">
      <ele>1900.3777439996777</ele>
    </rtept>
    <rtept lat="28.44432" lon="84.8994">
      <ele>1911.1948800000869</ele>
    </rtept>
    <rtept lat="28.44432" lon="84.89923">
      <ele>1927.0872959998524</ele>
    </rtept>
    <rtept lat="28.44441" lon="84.89919">
      <ele>1939.9777439996792</ele>
    </rtept>
    <rtept lat="28.44456" lon="84.89922">
      <ele>1945.8709759999833</ele>
    </rtept>
    <rtept lat="28.44469" lon="84.89921">
      <ele>1953.0312320003595</ele>
    </rtept>
    <rtept lat="28.44484" lon="84.89917">
      <ele>1965.357824000113</ele>
    </rtept>
    <rtept lat="28.44491" lon="84.8991099">
      <ele>1975.2712779200906</ele>
    </rtept>
    <rtept lat="28.44507" lon="84.89905">
      <ele>1988.5697599997939</ele>
    </rtept>
    <rtept lat="28.44519" lon="84.89897">
      <ele>2002.5078079993248</ele>
    </rtept>
    <rtept lat="28.44546" lon="84.89897">
      <ele>2020.1919359995113</ele>
    </rtept>
    <rtept lat="28.44562" lon="84.8989299">
      <ele>2032.119665280157</ele>
    </rtept>
    <rtept lat="28.44578" lon="84.89886">
      <ele>2045.0154880000625</ele>
    </rtept>
    <rtept lat="28.44595" lon="84.89876">
      <ele>2067.0716800004716</ele>
    </rtept>
    <rtept lat="28.44601" lon="84.89869">
      <ele>2081.0611359998775</ele>
    </rtept>
    <rtept lat="28.44604" lon="84.89849">
      <ele>2101.3050880002797</ele>
    </rtept>
    <rtept lat="28.44617" lon="84.89847">
      <ele>2110.639999999801</ele>
    </rtept>
    <rtept lat="28.44634" lon="84.89848">
      <ele>2117.5519999996923</ele>
    </rtept>
    <rtept lat="28.44665" lon="84.89834">
      <ele>2142.3838399997403</ele>
    </rtept>
    <rtept lat="28.4467" lon="84.8982">
      <ele>2150.3359999998734</ele>
    </rtept>
    <rtept lat="28.44673" lon="84.89796">
      <ele>2163.4730880000884</ele>
    </rtept>
    <rtept lat="28.4469" lon="84.89806">
      <ele>2166.449599999907</ele>
    </rtept>
    <rtept lat="28.44708" lon="84.89786">
      <ele>2170.9480319999716</ele>
    </rtept>
    <rtept lat="28.44757" lon="84.89758">
      <ele>2164.3627839999917</ele>
    </rtept>
    <rtept lat="28.44776" lon="84.89752">
      <ele>2159.4417280000325</ele>
    </rtept>
    <rtept lat="28.44783" lon="84.89743">
      <ele>2157.241504000012</ele>
    </rtept>
    <rtept lat="28.44797" lon="84.89737">
      <ele>2151.363423999953</ele>
    </rtept>
    <rtept lat="28.44821" lon="84.89733">
      <ele>2140.4400000000455</ele>
    </rtept>
    <rtept lat="28.44851" lon="84.89707">
      <ele>2129.0530560000175</ele>
    </rtept>
    <rtept lat="28.44881" lon="84.89746">
      <ele>2111.455168000003</ele>
    </rtept>
    <rtept lat="28.44885" lon="84.89748">
      <ele>2109.624639999976</ele>
    </rtept>
    <rtept lat="28.4489" lon="84.89745">
      <ele>2107.493600000077</ele>
    </rtept>
    <rtept lat="28.44894" lon="84.89736">
      <ele>2105.7975679998844</ele>
    </rtept>
    <rtept lat="28.44907" lon="84.89722">
      <ele>2102.847136000002</ele>
    </rtept>
    <rtept lat="28.44929" lon="84.89704">
      <ele>2098.696959999878</ele>
    </rtept>
    <rtept lat="28.4495" lon="84.89695">
      <ele>2099.007999999694</ele>
    </rtept>
    <rtept lat="28.44962" lon="84.89683">
      <ele>2091.9074560000427</ele>
    </rtept>
    <rtept lat="28.44991" lon="84.89666">
      <ele>2059.287359999851</ele>
    </rtept>
    <rtept lat="28.45041" lon="84.89627">
      <ele>1969.4031840000396</ele>
    </rtept>
    <rtept lat="28.451" lon="84.89593">
      <ele>1852.2432000012345</ele>
    </rtept>
    <rtept lat="28.45123" lon="84.89566">
      <ele>1781.1309120022402</ele>
    </rtept>
    <rtept lat="28.45224" lon="84.89503">
      <ele>1651.7204800004436</ele>
    </rtept>
    <rtept lat="28.4524" lon="84.89496">
      <ele>1663.863999999815</ele>
    </rtept>
    <rtept lat="28.45267" lon="84.89486">
      <ele>1711.7955519999334</ele>
    </rtept>
    <rtept lat="28.45285" lon="84.8947">
      <ele>1730.8872000001327</ele>
    </rtept>
    <rtept lat="28.45301" lon="84.8945899">
      <ele>1734.1300526399</ele>
    </rtept>
    <rtept lat="28.45317" lon="84.89464">
      <ele>1757.292383999639</ele>
    </rtept>
    <rtept lat="28.45318" lon="84.8945899">
      <ele>1754.6098857599382</ele>
    </rtept>
    <rtept lat="28.4532" lon="84.89452">
      <ele>1751.4595199998619</ele>
    </rtept>
    <rtept lat="28.45326" lon="84.89442">
      <ele>1749.76556799968</ele>
    </rtept>
    <rtept lat="28.45348" lon="84.89433">
      <ele>1748.877855999519</ele>
    </rtept>
    <rtept lat="28.45379" lon="84.89427">
      <ele>1742.088112000947</ele>
    </rtept>
    <rtept lat="28.45395" lon="84.89429">
      <ele>1737.8275999997334</ele>
    </rtept>
    <rtept lat="28.45418" lon="84.8942299">
      <ele>1690.1949123196434</ele>
    </rtept>
    <rtept lat="28.45428" lon="84.89413">
      <ele>1650.6870080014069</ele>
    </rtept>
    <rtept lat="28.4545" lon="84.8941">
      <ele>1630.5359999979419</ele>
    </rtept>
    <rtept lat="28.45462" lon="84.89404">
      <ele>1608.6215040015693</ele>
    </rtept>
    <rtept lat="28.4547" lon="84.89406">
      <ele>1617.0633599983987</ele>
    </rtept>
    <rtept lat="28.45488" lon="84.89398">
      <ele>1592.5575679996125</ele>
    </rtept>
    <rtept lat="28.45498" lon="84.89385">
      <ele>1553.2078400000564</ele>
    </rtept>
    <rtept lat="28.45524" lon="84.89345">
      <ele>1465.9406400003809</ele>
    </rtept>
    <rtept lat="28.45537" lon="84.89342">
      <ele>1488.122944001521</ele>
    </rtept>
    <rtept lat="28.45556" lon="84.89321">
      <ele>1470.3370559978703</ele>
    </rtept>
    <rtept lat="28.45563" lon="84.89289">
      <ele>1371.8513439970034</ele>
    </rtept>
    <rtept lat="28.45562" lon="84.89275">
      <ele>1309.0376000022486</ele>
    </rtept>
    <rtept lat="28.45576" lon="84.89241">
      <ele>1327.431584002244</ele>
    </rtept>
    <rtept lat="28.45593" lon="84.89207">
      <ele>1639.048111998222</ele>
    </rtept>
    <rtept lat="28.45611" lon="84.89162">
      <ele>1802.405503999338</ele>
    </rtept>
    <rtept lat="28.45626" lon="84.89144">
      <ele>1849.335103999695</ele>
    </rtept>
    <rtept lat="28.45638" lon="84.8914">
      <ele>1867.085119999536</ele>
    </rtept>
    <rtept lat="28.45637" lon="84.89125">
      <ele>1881.4700000000273</ele>
    </rtept>
    <rtept lat="28.45628" lon="84.89073">
      <ele>1924.7767679995973</ele>
    </rtept>
    <rtept lat="28.45625" lon="84.8906499">
      <ele>1930.3581000000434</ele>
    </rtept>
    <rtept lat="28.45635" lon="84.89067">
      <ele>1931.2082400000065</ele>
    </rtept>
    <rtept lat="28.45644" lon="84.89061">
      <ele>1937.6758720003534</ele>
    </rtept>
    <rtept lat="28.45655" lon="84.89049">
      <ele>1949.0484800000143</ele>
    </rtept>
    <rtept lat="28.45674" lon="84.89039">
      <ele>1958.8785920001922</ele>
    </rtept>
    <rtept lat="28.45691" lon="84.8903799">
      <ele>1961.0044884800354</ele>
    </rtept>
    <rtept lat="28.45706" lon="84.8902899">
      <ele>1965.7934457600181</ele>
    </rtept>
    <rtept lat="28.45738" lon="84.89">
      <ele>1975.9999999999843</ele>
    </rtept>
    <rtept lat="28.45753" lon="84.88981">
      <ele>1981.0685120000987</ele>
    </rtept>
    <rtept lat="28.4577" lon="84.88969">
      <ele>1981.0959999999802</ele>
    </rtept>
    <rtept lat="28.45787" lon="84.88943">
      <ele>1982.4479999999749</ele>
    </rtept>
    <rtept lat="28.45789" lon="84.88932">
      <ele>1982.6640000000443</ele>
    </rtept>
    <rtept lat="28.45803" lon="84.88928">
      <ele>1978.91999999998</ele>
    </rtept>
    <rtept lat="28.4581" lon="84.88931">
      <ele>1976.7654399999944</ele>
    </rtept>
    <rtept lat="28.45819" lon="84.88929">
      <ele>1974.509104000021</ele>
    </rtept>
    <rtept lat="28.45826" lon="84.8891699">
      <ele>1973.8161529600306</ele>
    </rtept>
    <rtept lat="28.45827" lon="84.88911">
      <ele>1973.8750720000226</ele>
    </rtept>
    <rtept lat="28.45845" lon="84.88906">
      <ele>1966.6374400000416</ele>
    </rtept>
    <rtept lat="28.4586" lon="84.889">
      <ele>1959.3279999999438</ele>
    </rtept>
    <rtept lat="28.4589" lon="84.88864">
      <ele>1944.9516799999233</ele>
    </rtept>
    <rtept lat="28.45898" lon="84.8884999">
      <ele>1942.28488767999</ele>
    </rtept>
    <rtept lat="28.45908" lon="84.88844">
      <ele>1937.3687679999582</ele>
    </rtept>
    <rtept lat="28.45926" lon="84.8884099">
      <ele>1926.805640319971</ele>
    </rtept>
    <rtept lat="28.45945" lon="84.88821">
      <ele>1914.9564799999653</ele>
    </rtept>
    <rtept lat="28.4595" lon="84.88805">
      <ele>1912.9319999999534</ele>
    </rtept>
    <rtept lat="28.45967" lon="84.88797">
      <ele>1901.6038080001492</ele>
    </rtept>
    <rtept lat="28.45982" lon="84.8878299">
      <ele>1892.4498985599573</ele>
    </rtept>
    <rtept lat="28.45989" lon="84.88761">
      <ele>1891.8143679999969</ele>
    </rtept>
    <rtept lat="28.45999" lon="84.88748">
      <ele>1886.512000000008</ele>
    </rtept>
    <rtept lat="28.46011" lon="84.8874">
      <ele>1878.7043199999907</ele>
    </rtept>
    <rtept lat="28.46022" lon="84.88726">
      <ele>1872.5071360000916</ele>
    </rtept>
    <rtept lat="28.46035" lon="84.88718">
      <ele>1864.9113600000906</ele>
    </rtept>
    <rtept lat="28.46074" lon="84.88698">
      <ele>1844.6340480001616</ele>
    </rtept>
    <rtept lat="28.46081" lon="84.8868899">
      <ele>1843.995822400089</ele>
    </rtept>
    <rtept lat="28.46087" lon="84.8867099">
      <ele>1845.8863355200172</ele>
    </rtept>
    <rtept lat="28.46089" lon="84.88659">
      <ele>1850.8304800001515</ele>
    </rtept>
    <rtept lat="28.46088" lon="84.88648">
      <ele>1858.1795199996632</ele>
    </rtept>
    <rtept lat="28.46085" lon="84.88639">
      <ele>1865.7891999995893</ele>
    </rtept>
    <rtept lat="28.46087" lon="84.88632">
      <ele>1867.8142080001114</ele>
    </rtept>
    <rtept lat="28.4609" lon="84.8863">
      <ele>1866.8303999998034</ele>
    </rtept>
    <rtept lat="28.46101" lon="84.88633">
      <ele>1858.0764959998403</ele>
    </rtept>
    <rtept lat="28.46114" lon="84.88618">
      <ele>1858.5219200001998</ele>
    </rtept>
    <rtept lat="28.4612" lon="84.886">
      <ele>1864.0000000001237</ele>
    </rtept>
    <rtept lat="28.4614" lon="84.88573">
      <ele>1867.2158400001153</ele>
    </rtept>
    <rtept lat="28.46145" lon="84.88554">
      <ele>1871.0316799997522</ele>
    </rtept>
    <rtept lat="28.46154" lon="84.88534">
      <ele>1875.1938560000733</ele>
    </rtept>
    <rtept lat="28.46153" lon="84.88521">
      <ele>1882.395951999978</ele>
    </rtept>
    <rtept lat="28.46164" lon="84.88488">
      <ele>1896.0530560004001</ele>
    </rtept>
    <rtept lat="28.4617" lon="84.88477">
      <ele>1901.2715199997122</ele>
    </rtept>
    <rtept lat="28.46174" lon="84.88457">
      <ele>1915.8500480003324</ele>
    </rtept>
    <rtept lat="28.46184" lon="84.88436">
      <ele>1932.653695999929</ele>
    </rtept>
    <rtept lat="28.46234" lon="84.8836">
      <ele>1988.4771199999352</ele>
    </rtept>
    <rtept lat="28.46261" lon="84.88313">
      <ele>2011.0520000002298</ele>
    </rtept>
    <rtept lat="28.46271" lon="84.88244">
      <ele>2029.4599999999125</ele>
    </rtept>
    <rtept lat="28.46303" lon="84.88158">
      <ele>2041.6447040000094</ele>
    </rtept>
    <rtept lat="28.46302" lon="84.88131">
      <ele>2046.0600000000127</ele>
    </rtept>
    <rtept lat="28.46343" lon="84.88075">
      <ele>2050.243199999889</ele>
    </rtept>
    <rtept lat="28.46377" lon="84.88023">
      <ele>2058.6072320000644</ele>
    </rtept>
    <rtept lat="28.46413" lon="84.87937">
      <ele>2079.6147520001814</ele>
    </rtept>
    <rtept lat="28.46445" lon="84.87902">
      <ele>2089.2694400001083</ele>
    </rtept>
    <rtept lat="28.46508" lon="84.87852">
      <ele>2103.8975360001878</ele>
    </rtept>
    <rtept lat="28.46562" lon="84.87842">
      <ele>2103.1691519998008</ele>
    </rtept>
    <rtept lat="28.46586" lon="84.87829">
      <ele>2104.1820479997896</ele>
    </rtept>
    <rtept lat="28.46611" lon="84.87821">
      <ele>2104.1195520001033</ele>
    </rtept>
    <rtept lat="28.46642" lon="84.87818">
      <ele>2103.8719999999917</ele>
    </rtept>
    <rtept lat="28.46665" lon="84.87811">
      <ele>2105.9599999998873</ele>
    </rtept>
    <rtept lat="28.46747" lon="84.8777099">
      <ele>2110.5477691200176</ele>
    </rtept>
    <rtept lat="28.46817" lon="84.87709">
      <ele>2082.766879999785</ele>
    </rtept>
    <rtept lat="28.46899" lon="84.87681">
      <ele>1962.0222400008186</ele>
    </rtept>
    <rtept lat="28.46926" lon="84.87657">
      <ele>1870.208704000508</ele>
    </rtept>
    <rtept lat="28.46956" lon="84.87656">
      <ele>1864.9410559994394</ele>
    </rtept>
    <rtept lat="28.46994" lon="84.87628">
      <ele>1837.269823999632</ele>
    </rtept>
    <rtept lat="28.47023" lon="84.8761899">
      <ele>1799.7536350398639</ele>
    </rtept>
    <rtept lat="28.47052" lon="84.87577">
      <ele>1799.8281279996754</ele>
    </rtept>
    <rtept lat="28.47081" lon="84.87542">
      <ele>1803.3838719997577</ele>
    </rtept>
    <rtept lat="28.47117" lon="84.8751599">
      <ele>1782.2677988799833</ele>
    </rtept>
    <rtept lat="28.4717" lon="84.87473">
      <ele>1787.2094400000858</ele>
    </rtept>
    <rtept lat="28.47173" lon="84.87442">
      <ele>1803.4120639999169</ele>
    </rtept>
    <rtept lat="28.47234" lon="84.87348">
      <ele>1807.031872000037</ele>
    </rtept>
    <rtept lat="28.47242" lon="84.87296">
      <ele>1827.2479999997481</ele>
    </rtept>
    <rtept lat="28.47247" lon="84.8728299">
      <ele>1828.47667999991</ele>
    </rtept>
    <rtept lat="28.47264" lon="84.87268">
      <ele>1824.0616319999538</ele>
    </rtept>
    <rtept lat="28.47292" lon="84.87251">
      <ele>1820.793727999747</ele>
    </rtept>
    <rtept lat="28.47307" lon="84.87238">
      <ele>1825.0572159994656</ele>
    </rtept>
    <rtept lat="28.47315" lon="84.87224">
      <ele>1832.6425599996223</ele>
    </rtept>
    <rtept lat="28.47329" lon="84.87203">
      <ele>1836.9316640003096</ele>
    </rtept>
    <rtept lat="28.47346" lon="84.87187">
      <ele>1837.4084159999395</ele>
    </rtept>
    <rtept lat="28.47355" lon="84.87168">
      <ele>1847.433120000184</ele>
    </rtept>
    <rtept lat="28.47371" lon="84.87156">
      <ele>1853.2167039997908</ele>
    </rtept>
    <rtept lat="28.47389" lon="84.87159">
      <ele>1846.8640000001863</ele>
    </rtept>
    <rtept lat="28.47404" lon="84.87135">
      <ele>1863.1716799995124</ele>
    </rtept>
    <rtept lat="28.47432" lon="84.87111">
      <ele>1863.2750400000061</ele>
    </rtept>
    <rtept lat="28.4745" lon="84.87087">
      <ele>1865.8016000003431</ele>
    </rtept>
    <rtept lat="28.47481" lon="84.87066">
      <ele>1860.0482879997514</ele>
    </rtept>
    <rtept lat="28.4751" lon="84.87042">
      <ele>1863.2966400004425</ele>
    </rtept>
    <rtept lat="28.47535" lon="84.87006">
      <ele>1873.4726400005184</ele>
    </rtept>
    <rtept lat="28.47591" lon="84.8697399">
      <ele>1855.0315524801617</ele>
    </rtept>
    <rtept lat="28.47617" lon="84.86961">
      <ele>1853.3647040004644</ele>
    </rtept>
    <rtept lat="28.47641" lon="84.86957">
      <ele>1844.2503520002203</ele>
    </rtept>
    <rtept lat="28.47654" lon="84.86942">
      <ele>1847.43174399965</ele>
    </rtept>
    <rtept lat="28.47666" lon="84.8691">
      <ele>1861.2457599999234</ele>
    </rtept>
    <rtept lat="28.47677" lon="84.8687">
      <ele>1870.9908799999398</ele>
    </rtept>
    <rtept lat="28.47691" lon="84.86839">
      <ele>1873.0349279998813</ele>
    </rtept>
    <rtept lat="28.47715" lon="84.86819">
      <ele>1871.7590400000324</ele>
    </rtept>
    <rtept lat="28.47739" lon="84.86802">
      <ele>1870.157311999951</ele>
    </rtept>
    <rtept lat="28.47772" lon="84.86766">
      <ele>1875.5999999999185</ele>
    </rtept>
    <rtept lat="28.47799" lon="84.86714">
      <ele>1873.7181440000809</ele>
    </rtept>
    <rtept lat="28.4781" lon="84.8668">
      <ele>1872.4864000000011</ele>
    </rtept>
    <rtept lat="28.47828" lon="84.8664299">
      <ele>1874.5454924798887</ele>
    </rtept>
    <rtept lat="28.47866" lon="84.86646">
      <ele>1867.1520000000282</ele>
    </rtept>
    <rtept lat="28.47872" lon="84.86645">
      <ele>1868.9159999999738</ele>
    </rtept>
    <rtept lat="28.47873" lon="84.8663">
      <ele>1870.8857600000315</ele>
    </rtept>
    <rtept lat="28.47878" lon="84.86641">
      <ele>1870.7880000000055</ele>
    </rtept>
    <rtept lat="28.4788" lon="84.86639">
      <ele>1871.4360000000074</ele>
    </rtept>
    <rtept lat="28.47881" lon="84.86629">
      <ele>1873.969375999829</ele>
    </rtept>
    <rtept lat="28.47885" lon="84.86633">
      <ele>1874.3979199999162</ele>
    </rtept>
    <rtept lat="28.47888" lon="84.86641">
      <ele>1873.6679999999992</ele>
    </rtept>
    <rtept lat="28.47887" lon="84.86646">
      <ele>1873.2000000000035</ele>
    </rtept>
    <rtept lat="28.47882" lon="84.86657">
      <ele>1871.3639999999837</ele>
    </rtept>
    <rtept lat="28.47883" lon="84.86661">
      <ele>1871.507999999979</ele>
    </rtept>
    <rtept lat="28.47882" lon="84.86663">
      <ele>1871.1479999999665</ele>
    </rtept>
    <rtept lat="28.47882" lon="84.86668">
      <ele>1870.8485759999382</ele>
    </rtept>
    <rtept lat="28.47887" lon="84.86668">
      <ele>1872.3404159999968</ele>
    </rtept>
    <rtept lat="28.47894" lon="84.86682">
      <ele>1874.5985920000294</ele>
    </rtept>
    <rtept lat="28.47925" lon="84.86698">
      <ele>1881.0544000001005</ele>
    </rtept>
    <rtept lat="28.47934" lon="84.86699">
      <ele>1880.2946559999275</ele>
    </rtept>
    <rtept lat="28.47968" lon="84.86693">
      <ele>1879.9210560003137</ele>
    </rtept>
    <rtept lat="28.47986" lon="84.86686">
      <ele>1883.8714879997542</ele>
    </rtept>
    <rtept lat="28.47998" lon="84.86677">
      <ele>1892.511487999725</ele>
    </rtept>
    <rtept lat="28.48058" lon="84.86655">
      <ele>1885.4228799997898</ele>
    </rtept>
    <rtept lat="28.48067" lon="84.86653">
      <ele>1881.888112000163</ele>
    </rtept>
    <rtept lat="28.48074" lon="84.86647">
      <ele>1882.114335999527</ele>
    </rtept>
    <rtept lat="28.4808" lon="84.86648">
      <ele>1878.4460800003603</ele>
    </rtept>
    <rtept lat="28.48091" lon="84.86653">
      <ele>1872.2440000001552</ele>
    </rtept>
    <rtept lat="28.48104" lon="84.86662">
      <ele>1864.216000000164</ele>
    </rtept>
    <rtept lat="28.4811" lon="84.86659">
      <ele>1865.40399999983</ele>
    </rtept>
    <rtept lat="28.48111" lon="84.86655">
      <ele>1867.9959999997272</ele>
    </rtept>
    <rtept lat="28.48128" lon="84.86657">
      <ele>1866.6655040003395</ele>
    </rtept>
    <rtept lat="28.48139" lon="84.86652">
      <ele>1871.2157760005448</ele>
    </rtept>
    <rtept lat="28.4816" lon="84.8665">
      <ele>1875.8879999998305</ele>
    </rtept>
    <rtept lat="28.48171" lon="84.86632">
      <ele>1889.3306239999108</ele>
    </rtept>
    <rtept lat="28.48179" lon="84.86626">
      <ele>1891.6599680001514</ele>
    </rtept>
    <rtept lat="28.48186" lon="84.86624">
      <ele>1891.901887999754</ele>
    </rtept>
    <rtept lat="28.48197" lon="84.8662499">
      <ele>1889.768613759998</ele>
    </rtept>
    <rtept lat="28.48198" lon="84.8662">
      <ele>1891.7699199997126</ele>
    </rtept>
    <rtept lat="28.48221" lon="84.86624">
      <ele>1883.2511679998538</ele>
    </rtept>
    <rtept lat="28.48228" lon="84.86622">
      <ele>1878.993856000116</ele>
    </rtept>
    <rtept lat="28.48249" lon="84.86615">
      <ele>1865.6761599998658</ele>
    </rtept>
    <rtept lat="28.48268" lon="84.86602">
      <ele>1867.8641919996992</ele>
    </rtept>
    <rtept lat="28.4828" lon="84.86599">
      <ele>1866.2784000001868</ele>
    </rtept>
    <rtept lat="28.48296" lon="84.86588">
      <ele>1874.3769599997156</ele>
    </rtept>
    <rtept lat="28.48303" lon="84.86586">
      <ele>1876.7601600001335</ele>
    </rtept>
    <rtept lat="28.48322" lon="84.86602">
      <ele>1862.106943999686</ele>
    </rtept>
    <rtept lat="28.4833" lon="84.86602">
      <ele>1860.1001599997105</ele>
    </rtept>
    <rtept lat="28.48345" lon="84.8658899">
      <ele>1868.5263344000891</ele>
    </rtept>
    <rtept lat="28.48362" lon="84.86592">
      <ele>1869.8899839998085</ele>
    </rtept>
    <rtept lat="28.48362" lon="84.866">
      <ele>1862.6992000000905</ele>
    </rtept>
    <rtept lat="28.4837" lon="84.866">
      <ele>1859.992000000073</ele>
    </rtept>
    <rtept lat="28.48385" lon="84.86595">
      <ele>1859.2612000001618</ele>
    </rtept>
    <rtept lat="28.48392" lon="84.86595">
      <ele>1856.2736000000962</ele>
    </rtept>
    <rtept lat="28.48398" lon="84.86602">
      <ele>1848.2902399996317</ele>
    </rtept>
    <rtept lat="28.48411" lon="84.86592">
      <ele>1847.521279999813</ele>
    </rtept>
    <rtept lat="28.4844" lon="84.86585">
      <ele>1839.8912000001017</ele>
    </rtept>
    <rtept lat="28.48446" lon="84.86577">
      <ele>1847.7917120002649</ele>
    </rtept>
    <rtept lat="28.48455" lon="84.86572">
      <ele>1855.4153600004167</ele>
    </rtept>
    <rtept lat="28.48492" lon="84.86559">
      <ele>1854.2154560001875</ele>
    </rtept>
    <rtept lat="28.48501" lon="84.86555">
      <ele>1851.1516000003091</ele>
    </rtept>
    <rtept lat="28.48499" lon="84.8656">
      <ele>1849.2108799999933</ele>
    </rtept>
    <rtept lat="28.48501" lon="84.86561">
      <ele>1848.082783999899</ele>
    </rtept>
    <rtept lat="28.48508" lon="84.86558">
      <ele>1847.5468160001042</ele>
    </rtept>
    <rtept lat="28.48511" lon="84.86559">
      <ele>1846.799456000055</ele>
    </rtept>
    <rtept lat="28.48528" lon="84.86554">
      <ele>1847.4990080010584</ele>
    </rtept>
    <rtept lat="28.48525" lon="84.86563">
      <ele>1844.66479999994</ele>
    </rtept>
    <rtept lat="28.48523" lon="84.86566">
      <ele>1845.1785920000414</ele>
    </rtept>
    <rtept lat="28.48524" lon="84.86568">
      <ele>1845.3390079999701</ele>
    </rtept>
    <rtept lat="28.48529" lon="84.86569">
      <ele>1846.2415679999465</ele>
    </rtept>
    <rtept lat="28.48533" lon="84.86565">
      <ele>1849.3473600000796</ele>
    </rtept>
    <rtept lat="28.4854" lon="84.86553">
      <ele>1865.8860799982815</ele>
    </rtept>
    <rtept lat="28.48543" lon="84.86555">
      <ele>1865.554160000372</ele>
    </rtept>
    <rtept lat="28.48543" lon="84.8656">
      <ele>1861.489440000072</ele>
    </rtept>
    <rtept lat="28.48545" lon="84.8656">
      <ele>1863.8135999999738</ele>
    </rtept>
    <rtept lat="28.48545" lon="84.86557">
      <ele>1866.085919999626</ele>
    </rtept>
    <rtept lat="28.48557" lon="84.86544">
      <ele>1901.006207998914</ele>
    </rtept>
    <rtept lat="28.48598" lon="84.86534">
      <ele>1911.7009919995776</ele>
    </rtept>
    <rtept lat="28.48663" lon="84.8657999">
      <ele>1870.8409227200668</ele>
    </rtept>
    <rtept lat="28.48681" lon="84.8659">
      <ele>1871.9595200000101</ele>
    </rtept>
    <rtept lat="28.48697" lon="84.86602">
      <ele>1872.928351999983</ele>
    </rtept>
    <rtept lat="28.48701" lon="84.86603">
      <ele>1872.2498240000032</ele>
    </rtept>
    <rtept lat="28.48713" lon="84.8661599">
      <ele>1871.8864126399744</ele>
    </rtept>
    <rtept lat="28.48714" lon="84.86621">
      <ele>1874.0823679997784</ele>
    </rtept>
    <rtept lat="28.48718" lon="84.86626">
      <ele>1876.229695999855</ele>
    </rtept>
    <rtept lat="28.48724" lon="84.86627">
      <ele>1875.6653120000071</ele>
    </rtept>
    <rtept lat="28.48728" lon="84.86631">
      <ele>1875.4377920000277</ele>
    </rtept>
    <rtept lat="28.48747" lon="84.8663399">
      <ele>1865.1370443201017</ele>
    </rtept>
    <rtept lat="28.48754" lon="84.86637">
      <ele>1862.9884160000688</ele>
    </rtept>
    <rtept lat="28.48759" lon="84.86637">
      <ele>1862.0639360000428</ele>
    </rtept>
    <rtept lat="28.48763" lon="84.86633">
      <ele>1860.6135680001007</ele>
    </rtept>
    <rtept lat="28.48779" lon="84.86689">
      <ele>1899.0892479997108</ele>
    </rtept>
    <rtept lat="28.48784" lon="84.86694">
      <ele>1905.9191679999535</ele>
    </rtept>
    <rtept lat="28.48792" lon="84.8669199">
      <ele>1902.5320806398925</ele>
    </rtept>
    <rtept lat="28.48804" lon="84.86685">
      <ele>1892.1539199999177</ele>
    </rtept>
    <rtept lat="28.48815" lon="84.86667">
      <ele>1872.4907199999545</ele>
    </rtept>
    <rtept lat="28.48821" lon="84.86654">
      <ele>1865.3554240000005</ele>
    </rtept>
    <rtept lat="28.48845" lon="84.86637">
      <ele>1859.7875200001595</ele>
    </rtept>
    <rtept lat="28.4886" lon="84.86631">
      <ele>1865.8268800000171</ele>
    </rtept>
    <rtept lat="28.48888" lon="84.8663399">
      <ele>1870.911523520011</ele>
    </rtept>
    <rtept lat="28.48894" lon="84.86638">
      <ele>1873.806336000409</ele>
    </rtept>
    <rtept lat="28.48882" lon="84.86641">
      <ele>1875.6886080002248</ele>
    </rtept>
    <rtept lat="28.48877" lon="84.86645">
      <ele>1879.5993600000202</ele>
    </rtept>
    <rtept lat="28.48875" lon="84.8665">
      <ele>1884.900000000221</ele>
    </rtept>
    <rtept lat="28.48877" lon="84.86662">
      <ele>1898.7476159996993</ele>
    </rtept>
    <rtept lat="28.48874" lon="84.86667">
      <ele>1903.4841599999404</ele>
    </rtept>
    <rtept lat="28.4888" lon="84.86672">
      <ele>1908.3312000000774</ele>
    </rtept>
    <rtept lat="28.48881" lon="84.86676">
      <ele>1911.2011199999706</ele>
    </rtept>
    <rtept lat="28.48877" lon="84.86681">
      <ele>1913.8802400000438</ele>
    </rtept>
    <rtept lat="28.48881" lon="84.86684">
      <ele>1916.5060799997652</ele>
    </rtept>
    <rtept lat="28.48887" lon="84.86678">
      <ele>1913.5987200003274</ele>
    </rtept>
    <rtept lat="28.48894" lon="84.86678">
      <ele>1913.943360000365</ele>
    </rtept>
    <rtept lat="28.48895" lon="84.86685">
      <ele>1918.5059999999603</ele>
    </rtept>
    <rtept lat="28.48889" lon="84.86697">
      <ele>1925.571583999695</ele>
    </rtept>
    <rtept lat="28.48895" lon="84.867">
      <ele>1927.5320000002305</ele>
    </rtept>
    <rtept lat="28.48917" lon="84.86694">
      <ele>1926.6758399999806</ele>
    </rtept>
    <rtept lat="28.48925" lon="84.86694">
      <ele>1927.3439999999637</ele>
    </rtept>
    <rtept lat="28.48954" lon="84.86688">
      <ele>1932.289727999968</ele>
    </rtept>
    <rtept lat="28.4897" lon="84.86691">
      <ele>1939.685280000124</ele>
    </rtept>
    <rtept lat="28.49001" lon="84.86689">
      <ele>1927.1002239995385</ele>
    </rtept>
    <rtept lat="28.49045" lon="84.86694">
      <ele>1923.2873599999089</ele>
    </rtept>
    <rtept lat="28.49051" lon="84.86693">
      <ele>1921.3849759991883</ele>
    </rtept>
    <rtept lat="28.49053" lon="84.86695">
      <ele>1925.5486400003638</ele>
    </rtept>
    <rtept lat="28.49052" lon="84.867">
      <ele>1932.0416000005916</ele>
    </rtept>
    <rtept lat="28.49048" lon="84.86707">
      <ele>1940.6882239998013</ele>
    </rtept>
    <rtept lat="28.4905" lon="84.86711">
      <ele>1946.175199999585</ele>
    </rtept>
    <rtept lat="28.49062" lon="84.86715">
      <ele>1954.8763199994528</ele>
    </rtept>
    <rtept lat="28.49078" lon="84.86718">
      <ele>1962.8012160003009</ele>
    </rtept>
    <rtept lat="28.49083" lon="84.8672">
      <ele>1965.0470399998505</ele>
    </rtept>
    <rtept lat="28.4908" lon="84.86727">
      <ele>1968.5472000003144</ele>
    </rtept>
    <rtept lat="28.49097" lon="84.86725">
      <ele>1968.9299999999332</ele>
    </rtept>
    <rtept lat="28.49127" lon="84.86735">
      <ele>1973.4675200000615</ele>
    </rtept>
    <rtept lat="28.49135" lon="84.86742">
      <ele>1975.0947199998575</ele>
    </rtept>
    <rtept lat="28.49179" lon="84.86748">
      <ele>1967.5530560000093</ele>
    </rtept>
    <rtept lat="28.49237" lon="84.86772">
      <ele>1988.054720000537</ele>
    </rtept>
    <rtept lat="28.49259" lon="84.8677699">
      <ele>1991.187918079847</ele>
    </rtept>
    <rtept lat="28.49268" lon="84.86775">
      <ele>1988.7776000001577</ele>
    </rtept>
    <rtept lat="28.4928" lon="84.8678">
      <ele>1997.2592000002664</ele>
    </rtept>
    <rtept lat="28.4931" lon="84.8677699">
      <ele>1991.487055999794</ele>
    </rtept>
    <rtept lat="28.49322" lon="84.86783">
      <ele>1997.0559999997395</ele>
    </rtept>
    <rtept lat="28.49324" lon="84.86794">
      <ele>2009.3680000005018</ele>
    </rtept>
    <rtept lat="28.49327" lon="84.8679499">
      <ele>2009.9684799999277</ele>
    </rtept>
    <rtept lat="28.49328" lon="84.86789">
      <ele>2002.8880000003305</ele>
    </rtept>
    <rtept lat="28.49331" lon="84.86784">
      <ele>1996.5880000001025</ele>
    </rtept>
    <rtept lat="28.49342" lon="84.86791">
      <ele>1999.0765119993766</ele>
    </rtept>
    <rtept lat="28.49371" lon="84.86801">
      <ele>1998.9286879997987</ele>
    </rtept>
    <rtept lat="28.49401" lon="84.86805">
      <ele>2000.974239999641</ele>
    </rtept>
    <rtept lat="28.49437" lon="84.8683">
      <ele>2025.2529600005066</ele>
    </rtept>
    <rtept lat="28.4945" lon="84.86826">
      <ele>2021.1968000006993</ele>
    </rtept>
    <rtept lat="28.49452" lon="84.86834">
      <ele>2028.9549440002677</ele>
    </rtept>
    <rtept lat="28.49459" lon="84.86828">
      <ele>2021.699647999887</ele>
    </rtept>
    <rtept lat="28.49463" lon="84.8682199">
      <ele>2015.377906879957</ele>
    </rtept>
    <rtept lat="28.49473" lon="84.86826">
      <ele>2017.6212160005628</ele>
    </rtept>
    <rtept lat="28.49482" lon="84.86827">
      <ele>2018.0154879995903</ele>
    </rtept>
    <rtept lat="28.49495" lon="84.86823">
      <ele>2013.6419199997165</ele>
    </rtept>
    <rtept lat="28.49505" lon="84.86818">
      <ele>2009.2441599995664</ele>
    </rtept>
    <rtept lat="28.49513" lon="84.86818">
      <ele>2010.1980159996024</ele>
    </rtept>
    <rtept lat="28.4952" lon="84.86815">
      <ele>2008.6912000000104</ele>
    </rtept>
    <rtept lat="28.49523" lon="84.86817">
      <ele>2010.6331840004757</ele>
    </rtept>
    <rtept lat="28.4952" lon="84.8682199">
      <ele>2014.146755199977</ele>
    </rtept>
    <rtept lat="28.49536" lon="84.86824">
      <ele>2017.558720000039</ele>
    </rtept>
    <rtept lat="28.49557" lon="84.86829">
      <ele>2024.8042240001448</ele>
    </rtept>
    <rtept lat="28.49565" lon="84.86829">
      <ele>2023.1660800001307</ele>
    </rtept>
    <rtept lat="28.49574" lon="84.86835">
      <ele>2025.757120000265</ele>
    </rtept>
    <rtept lat="28.49581" lon="84.86845">
      <ele>2027.9509599998762</ele>
    </rtept>
    <rtept lat="28.496" lon="84.86859">
      <ele>2026.8855999999578</ele>
    </rtept>
    <rtept lat="28.49628" lon="84.86863">
      <ele>2015.1146559998963</ele>
    </rtept>
    <rtept lat="28.49637" lon="84.86869">
      <ele>2012.5153120001062</ele>
    </rtept>
    <rtept lat="28.49645" lon="84.86877">
      <ele>2012.6639999999256</ele>
    </rtept>
    <rtept lat="28.49661" lon="84.86885">
      <ele>2010.3599999997614</ele>
    </rtept>
    <rtept lat="28.49648" lon="84.86882">
      <ele>2013.7440000000415</ele>
    </rtept>
    <rtept lat="28.49661" lon="84.8689">
      <ele>2012.5763199998123</ele>
    </rtept>
    <rtept lat="28.49664" lon="84.86904">
      <ele>2018.136447999942</ele>
    </rtept>
    <rtept lat="28.49675" lon="84.86926">
      <ele>2034.2487999996633</ele>
    </rtept>
    <rtept lat="28.49689" lon="84.8694">
      <ele>2049.5905599998728</ele>
    </rtept>
    <rtept lat="28.4969" lon="84.86946">
      <ele>2055.775040000381</ele>
    </rtept>
    <rtept lat="28.49688" lon="84.86947">
      <ele>2056.8786560007065</ele>
    </rtept>
    <rtept lat="28.49681" lon="84.86943">
      <ele>2052.92732799937</ele>
    </rtept>
    <rtept lat="28.4968" lon="84.86945">
      <ele>2055.08960000005</ele>
    </rtept>
    <rtept lat="28.49683" lon="84.86954">
      <ele>2064.246272000068</ele>
    </rtept>
    <rtept lat="28.49682" lon="84.86958">
      <ele>2068.381375999905</ele>
    </rtept>
    <rtept lat="28.49684" lon="84.86968">
      <ele>2078.6491520002596</ele>
    </rtept>
    <rtept lat="28.49688" lon="84.86971">
      <ele>2081.734207999768</ele>
    </rtept>
    <rtept lat="28.49713" lon="84.86976">
      <ele>2083.477151999981</ele>
    </rtept>
    <rtept lat="28.49715" lon="84.86978">
      <ele>2084.278080000262</ele>
    </rtept>
    <rtept lat="28.49733" lon="84.86938">
      <ele>2065.186112000394</ele>
    </rtept>
    <rtept lat="28.49735" lon="84.86928">
      <ele>2061.494240000201</ele>
    </rtept>
    <rtept lat="28.49738" lon="84.8692499">
      <ele>2061.8268713599728</ele>
    </rtept>
    <rtept lat="28.49737" lon="84.8691599">
      <ele>2057.1147190399834</ele>
    </rtept>
    <rtept lat="28.49735" lon="84.86913">
      <ele>2053.7614399999406</ele>
    </rtept>
    <rtept lat="28.49735" lon="84.86906">
      <ele>2048.953280000368</ele>
    </rtept>
    <rtept lat="28.49738" lon="84.86902">
      <ele>2048.2638080003935</ele>
    </rtept>
    <rtept lat="28.49747" lon="84.86897">
      <ele>2051.1590720002764</ele>
    </rtept>
    <rtept lat="28.49756" lon="84.86884">
      <ele>2050.605888000177</ele>
    </rtept>
    <rtept lat="28.49763" lon="84.86882">
      <ele>2054.343552000037</ele>
    </rtept>
    <rtept lat="28.49776" lon="84.86869">
      <ele>2056.080768000021</ele>
    </rtept>
    <rtept lat="28.4979" lon="84.86845">
      <ele>2045.083999999735</ele>
    </rtept>
    <rtept lat="28.49804" lon="84.86849">
      <ele>2049.6300799995674</ele>
    </rtept>
    <rtept lat="28.49824" lon="84.86838">
      <ele>2047.6208640001487</ele>
    </rtept>
    <rtept lat="28.49847" lon="84.86827">
      <ele>2037.5039999996407</ele>
    </rtept>
    <rtept lat="28.49852" lon="84.86829">
      <ele>2037.5040000001518</ele>
    </rtept>
    <rtept lat="28.49895" lon="84.86816">
      <ele>2034.9918400004144</ele>
    </rtept>
    <rtept lat="28.49931" lon="84.86809">
      <ele>2046.0041919996297</ele>
    </rtept>
    <rtept lat="28.49953" lon="84.8682199">
      <ele>2070.0749990399777</ele>
    </rtept>
    <rtept lat="28.49957" lon="84.86826">
      <ele>2075.3586240002855</ele>
    </rtept>
    <rtept lat="28.49957" lon="84.86829">
      <ele>2077.1280960000095</ele>
    </rtept>
    <rtept lat="28.49961" lon="84.86829">
      <ele>2079.755808000135</ele>
    </rtept>
    <rtept lat="28.49962" lon="84.86825">
      <ele>2078.260800000184</ele>
    </rtept>
    <rtept lat="28.49977" lon="84.86835">
      <ele>2087.146560000082</ele>
    </rtept>
    <rtept lat="28.5" lon="84.86836">
      <ele>2077.247999999793</ele>
    </rtept>
    <rtept lat="28.50018" lon="84.86846">
      <ele>2084.1104639999444</ele>
    </rtept>
    <rtept lat="28.50022" lon="84.86846">
      <ele>2084.595455999924</ele>
    </rtept>
    <rtept lat="28.50019" lon="84.86843">
      <ele>2082.60609600019</ele>
    </rtept>
    <rtept lat="28.5002" lon="84.86838">
      <ele>2079.9868800001013</ele>
    </rtept>
    <rtept lat="28.50016" lon="84.86833">
      <ele>2076.8814720000346</ele>
    </rtept>
    <rtept lat="28.49998" lon="84.86829">
      <ele>2073.0372480001206</ele>
    </rtept>
    <rtept lat="28.49995" lon="84.8682199">
      <ele>2068.751707200082</ele>
    </rtept>
    <rtept lat="28.49991" lon="84.86817">
      <ele>2067.5911680005047</ele>
    </rtept>
    <rtept lat="28.49985" lon="84.86816">
      <ele>2071.513440000318</ele>
    </rtept>
    <rtept lat="28.49967" lon="84.86803">
      <ele>2069.2128480003976</ele>
    </rtept>
    <rtept lat="28.49963" lon="84.86799">
      <ele>2061.222576000678</ele>
    </rtept>
    <rtept lat="28.49961" lon="84.86792">
      <ele>2051.89497599982</ele>
    </rtept>
    <rtept lat="28.49961" lon="84.86771">
      <ele>2032.4402720001553</ele>
    </rtept>
    <rtept lat="28.49963" lon="84.86757">
      <ele>2025.798992000022</ele>
    </rtept>
    <rtept lat="28.4996" lon="84.8674">
      <ele>2018.8016000001076</ele>
    </rtept>
    <rtept lat="28.49955" lon="84.86732">
      <ele>2014.7062400000675</ele>
    </rtept>
    <rtept lat="28.4996" lon="84.86717">
      <ele>2014.8696000000816</ele>
    </rtept>
    <rtept lat="28.49967" lon="84.86709">
      <ele>2016.631440000033</ele>
    </rtept>
    <rtept lat="28.49974" lon="84.8669199">
      <ele>2013.7080399999822</ele>
    </rtept>
    <rtept lat="28.49998" lon="84.86668">
      <ele>1999.8880000000795</ele>
    </rtept>
    <rtept lat="28.50011" lon="84.86659">
      <ele>1999.75729600007</ele>
    </rtept>
    <rtept lat="28.50026" lon="84.86654">
      <ele>2003.3148160000487</ele>
    </rtept>
    <rtept lat="28.50047" lon="84.86656">
      <ele>2007.7543680001681</ele>
    </rtept>
    <rtept lat="28.50062" lon="84.86655">
      <ele>2005.8236800000113</ele>
    </rtept>
    <rtept lat="28.50089" lon="84.86645">
      <ele>1992.0092800000334</ele>
    </rtept>
    <rtept lat="28.50097" lon="84.86638">
      <ele>1988.0920000003507</ele>
    </rtept>
    <rtept lat="28.50111" lon="84.86636">
      <ele>1984.5639999999983</ele>
    </rtept>
    <rtept lat="28.50122" lon="84.86632">
      <ele>1986.6392960000742</ele>
    </rtept>
    <rtept lat="28.50142" lon="84.8661599">
      <ele>1990.480135039956</ele>
    </rtept>
    <rtept lat="28.50158" lon="84.86612">
      <ele>1999.706047999862</ele>
    </rtept>
    <rtept lat="28.50174" lon="84.86602">
      <ele>2004.6658560001467</ele>
    </rtept>
    <rtept lat="28.50192" lon="84.86594">
      <ele>2004.0754559997965</ele>
    </rtept>
    <rtept lat="28.5023" lon="84.86572">
      <ele>1971.7379199999218</ele>
    </rtept>
    <rtept lat="28.50239" lon="84.86572">
      <ele>1978.303455999706</ele>
    </rtept>
    <rtept lat="28.50252" lon="84.86586">
      <ele>1992.7799679999366</ele>
    </rtept>
    <rtept lat="28.50259" lon="84.86595">
      <ele>2001.187120000008</ele>
    </rtept>
    <rtept lat="28.50265" lon="84.86599">
      <ele>2005.8858399998555</ele>
    </rtept>
    <rtept lat="28.50268" lon="84.86597">
      <ele>2006.9890240001948</ele>
    </rtept>
    <rtept lat="28.50271" lon="84.86593">
      <ele>2007.8540320001475</ele>
    </rtept>
    <rtept lat="28.50269" lon="84.86582">
      <ele>2003.8006720000599</ele>
    </rtept>
    <rtept lat="28.50262" lon="84.86566">
      <ele>1992.3777280002284</ele>
    </rtept>
    <rtept lat="28.50262" lon="84.86551">
      <ele>1985.2949120000483</ele>
    </rtept>
    <rtept lat="28.50282" lon="84.86527">
      <ele>1978.8799999996197</ele>
    </rtept>
    <rtept lat="28.50298" lon="84.86517">
      <ele>1984.2080000005667</ele>
    </rtept>
    <rtept lat="28.50299" lon="84.86512">
      <ele>1981.076000000395</ele>
    </rtept>
    <rtept lat="28.50304" lon="84.86509">
      <ele>1982.8399999994954</ele>
    </rtept>
    <rtept lat="28.50315" lon="84.86509">
      <ele>1991.2775199997473</ele>
    </rtept>
    <rtept lat="28.50341" lon="84.8650399">
      <ele>2000.7440939199657</ele>
    </rtept>
    <rtept lat="28.50355" lon="84.86503">
      <ele>1998.1847200003253</ele>
    </rtept>
    <rtept lat="28.50359" lon="84.86498">
      <ele>1994.9558080000581</ele>
    </rtept>
    <rtept lat="28.50358" lon="84.86493">
      <ele>1994.129536000024</ele>
    </rtept>
    <rtept lat="28.50361" lon="84.86487">
      <ele>1993.1234079999385</ele>
    </rtept>
    <rtept lat="28.50375" lon="84.86479">
      <ele>1987.1099999999892</ele>
    </rtept>
    <rtept lat="28.50386" lon="84.86476">
      <ele>1983.1144320000337</ele>
    </rtept>
    <rtept lat="28.50398" lon="84.8649499">
      <ele>1989.4065884798974</ele>
    </rtept>
    <rtept lat="28.50408" lon="84.8650399">
      <ele>1999.1608345598247</ele>
    </rtept>
    <rtept lat="28.50413" lon="84.86505">
      <ele>2003.6219199997133</ele>
    </rtept>
    <rtept lat="28.50418" lon="84.86499">
      <ele>2003.515360000063</ele>
    </rtept>
    <rtept lat="28.50422" lon="84.8649">
      <ele>2008.8303999999282</ele>
    </rtept>
    <rtept lat="28.50422" lon="84.86484">
      <ele>2009.703039999997</ele>
    </rtept>
    <rtept lat="28.50425" lon="84.86479">
      <ele>2013.0459999999198</ele>
    </rtept>
    <rtept lat="28.50424" lon="84.86472">
      <ele>2013.0631039999673</ele>
    </rtept>
    <rtept lat="28.50432" lon="84.8643">
      <ele>2009.7529600000014</ele>
    </rtept>
    <rtept lat="28.50449" lon="84.86413">
      <ele>2011.9600000001446</ele>
    </rtept>
    <rtept lat="28.50475" lon="84.8640099">
      <ele>2026.3870920000684</ele>
    </rtept>
    <rtept lat="28.50488" lon="84.8639">
      <ele>2031.2601600000419</ele>
    </rtept>
    <rtept lat="28.50495" lon="84.86377">
      <ele>2031.8050400001355</ele>
    </rtept>
    <rtept lat="28.50523" lon="84.8633399">
      <ele>2031.8445356800516</ele>
    </rtept>
    <rtept lat="28.50532" lon="84.86326">
      <ele>2026.2001279995638</ele>
    </rtept>
    <rtept lat="28.50545" lon="84.86319">
      <ele>2024.4999200004602</ele>
    </rtept>
    <rtept lat="28.50564" lon="84.86293">
      <ele>2007.0976960008688</ele>
    </rtept>
    <rtept lat="28.50573" lon="84.86275">
      <ele>1990.8340000009348</ele>
    </rtept>
    <rtept lat="28.50586" lon="84.86279">
      <ele>2019.764608000355</ele>
    </rtept>
    <rtept lat="28.506" lon="84.86274">
      <ele>2042.9872000005857</ele>
    </rtept>
    <rtept lat="28.50616" lon="84.86271">
      <ele>2068.2029440020206</ele>
    </rtept>
    <rtept lat="28.50626" lon="84.86266">
      <ele>2069.827264001558</ele>
    </rtept>
    <rtept lat="28.5063" lon="84.86263">
      <ele>2067.873759998816</ele>
    </rtept>
    <rtept lat="28.50631" lon="84.8627">
      <ele>2087.836480000892</ele>
    </rtept>
    <rtept lat="28.50635" lon="84.86265">
      <ele>2080.6156000007377</ele>
    </rtept>
  </rte>
  <rte>
    <name>Manaslu Trek - Day 6</name>
    <rtept lat="28.50637" lon="84.86256">
      <ele>2059.926688000591</ele>
    </rtept>
    <rtept lat="28.50652" lon="84.86244">
      <ele>2065.956864001259</ele>
    </rtept>
    <rtept lat="28.50661" lon="84.86242">
      <ele>2095.093535999413</ele>
    </rtept>
    <rtept lat="28.50674" lon="84.86237">
      <ele>2117.4914879999424</ele>
    </rtept>
    <rtept lat="28.5068" lon="84.86227">
      <ele>2115.9993599995973</ele>
    </rtept>
    <rtept lat="28.50685" lon="84.8623">
      <ele>2121.688800000197</ele>
    </rtept>
    <rtept lat="28.50688" lon="84.86219">
      <ele>2118.4564479996743</ele>
    </rtept>
    <rtept lat="28.50698" lon="84.86215">
      <ele>2127.756159999965</ele>
    </rtept>
    <rtept lat="28.50698" lon="84.86206">
      <ele>2126.3357439999672</ele>
    </rtept>
    <rtept lat="28.50709" lon="84.86194">
      <ele>2125.409536000664</ele>
    </rtept>
    <rtept lat="28.5072" lon="84.86185">
      <ele>2113.6312000006137</ele>
    </rtept>
    <rtept lat="28.50723" lon="84.86177">
      <ele>2102.6205920010198</ele>
    </rtept>
    <rtept lat="28.50727" lon="84.86172">
      <ele>2097.5386880006495</ele>
    </rtept>
    <rtept lat="28.50733" lon="84.86174">
      <ele>2103.4763839996563</ele>
    </rtept>
    <rtept lat="28.50738" lon="84.8617">
      <ele>2101.2579199999486</ele>
    </rtept>
    <rtept lat="28.50736" lon="84.86162">
      <ele>2087.4823040002248</ele>
    </rtept>
    <rtept lat="28.50752" lon="84.86143">
      <ele>2092.3866559998905</ele>
    </rtept>
    <rtept lat="28.50763" lon="84.86116">
      <ele>2072.1800639996673</ele>
    </rtept>
    <rtept lat="28.50771" lon="84.86106">
      <ele>2072.1879999992393</ele>
    </rtept>
    <rtept lat="28.50777" lon="84.86097">
      <ele>2069.055999999402</ele>
    </rtept>
    <rtept lat="28.50791" lon="84.86071">
      <ele>2046.3513439995286</ele>
    </rtept>
    <rtept lat="28.50791" lon="84.86065">
      <ele>2037.81416000088</ele>
    </rtept>
    <rtept lat="28.508" lon="84.86056">
      <ele>2033.4272000008639</ele>
    </rtept>
    <rtept lat="28.50807" lon="84.8605199">
      <ele>2036.5632211199884</ele>
    </rtept>
    <rtept lat="28.50813" lon="84.8604299">
      <ele>2036.1049900801509</ele>
    </rtept>
    <rtept lat="28.50815" lon="84.86036">
      <ele>2031.6105600000851</ele>
    </rtept>
    <rtept lat="28.50827" lon="84.86031">
      <ele>2042.942207999752</ele>
    </rtept>
    <rtept lat="28.50831" lon="84.86014">
      <ele>2031.8326400003023</ele>
    </rtept>
    <rtept lat="28.50837" lon="84.8600699">
      <ele>2033.6014140798072</ele>
    </rtept>
    <rtept lat="28.50843" lon="84.86003">
      <ele>2039.4256639996147</ele>
    </rtept>
    <rtept lat="28.50851" lon="84.85994">
      <ele>2045.6542399998168</ele>
    </rtept>
    <rtept lat="28.50868" lon="84.85948">
      <ele>2031.2332800002123</ele>
    </rtept>
    <rtept lat="28.50872" lon="84.85944">
      <ele>2031.7267200004403</ele>
    </rtept>
    <rtept lat="28.50877" lon="84.85935">
      <ele>2030.6208000002148</ele>
    </rtept>
    <rtept lat="28.50881" lon="84.85929">
      <ele>2031.2169600001162</ele>
    </rtept>
    <rtept lat="28.50879" lon="84.85911">
      <ele>2020.212000000182</ele>
    </rtept>
    <rtept lat="28.5088" lon="84.85897">
      <ele>2016.360000000076</ele>
    </rtept>
    <rtept lat="28.50886" lon="84.85881">
      <ele>2016.7692160000952</ele>
    </rtept>
    <rtept lat="28.50893" lon="84.8587">
      <ele>2017.5761599998968</ele>
    </rtept>
    <rtept lat="28.50896" lon="84.85857">
      <ele>2011.091775999903</ele>
    </rtept>
    <rtept lat="28.50918" lon="84.85829">
      <ele>2001.3113919997209</ele>
    </rtept>
    <rtept lat="28.50921" lon="84.8582">
      <ele>1994.1419199996963</ele>
    </rtept>
    <rtept lat="28.50928" lon="84.85814">
      <ele>1991.379712000462</ele>
    </rtept>
    <rtept lat="28.50933" lon="84.85807">
      <ele>1988.0808159997896</ele>
    </rtept>
    <rtept lat="28.50939" lon="84.85805">
      <ele>1989.5205600001204</ele>
    </rtept>
    <rtept lat="28.50941" lon="84.858">
      <ele>1989.3384000000403</ele>
    </rtept>
    <rtept lat="28.50949" lon="84.8579199">
      <ele>1991.2706551999668</ele>
    </rtept>
    <rtept lat="28.50957" lon="84.85781">
      <ele>1993.193840000009</ele>
    </rtept>
    <rtept lat="28.50962" lon="84.85771">
      <ele>1993.7129600000133</ele>
    </rtept>
    <rtept lat="28.50966" lon="84.85756">
      <ele>1991.6940800001687</ele>
    </rtept>
    <rtept lat="28.50971" lon="84.85747">
      <ele>1989.8310080003419</ele>
    </rtept>
    <rtept lat="28.50981" lon="84.85726">
      <ele>1976.2780479997791</ele>
    </rtept>
    <rtept lat="28.50986" lon="84.85722">
      <ele>1973.4237439999242</ele>
    </rtept>
    <rtept lat="28.50999" lon="84.8571599">
      <ele>1970.4728643199858</ele>
    </rtept>
    <rtept lat="28.51005" lon="84.8571599">
      <ele>1972.0714039999725</ele>
    </rtept>
    <rtept lat="28.51022" lon="84.85722">
      <ele>1978.3116799999887</ele>
    </rtept>
    <rtept lat="28.51027" lon="84.85726">
      <ele>1980.2296959999226</ele>
    </rtept>
    <rtept lat="28.51031" lon="84.8572499">
      <ele>1980.7282452800005</ele>
    </rtept>
    <rtept lat="28.51032" lon="84.85723">
      <ele>1980.679232000014</ele>
    </rtept>
    <rtept lat="28.51032" lon="84.8571599">
      <ele>1980.1592799999962</ele>
    </rtept>
    <rtept lat="28.51034" lon="84.85714">
      <ele>1980.3039999999992</ele>
    </rtept>
    <rtept lat="28.51044" lon="84.85717">
      <ele>1981.9599999999618</ele>
    </rtept>
    <rtept lat="28.51045" lon="84.85715">
      <ele>1981.9600000000119</ele>
    </rtept>
    <rtept lat="28.51049" lon="84.85714">
      <ele>1982.46400000002</ele>
    </rtept>
    <rtept lat="28.51054" lon="84.8572">
      <ele>1983.6160000000264</ele>
    </rtept>
    <rtept lat="28.51103" lon="84.85706">
      <ele>2004.4261120000904</ele>
    </rtept>
    <rtept lat="28.51101" lon="84.85696">
      <ele>2002.742463999994</ele>
    </rtept>
    <rtept lat="28.51103" lon="84.85687">
      <ele>2000.0737440000535</ele>
    </rtept>
    <rtept lat="28.51111" lon="84.85677">
      <ele>1997.70148799988</ele>
    </rtept>
    <rtept lat="28.51131" lon="84.85672">
      <ele>2000.6284159998534</ele>
    </rtept>
    <rtept lat="28.51139" lon="84.85672">
      <ele>2002.5858559996952</ele>
    </rtept>
    <rtept lat="28.51155" lon="84.85666">
      <ele>2013.609440000213</ele>
    </rtept>
    <rtept lat="28.5117" lon="84.8564899">
      <ele>2021.629126400127</ele>
    </rtept>
    <rtept lat="28.51175" lon="84.8564899">
      <ele>2027.6182159999028</ele>
    </rtept>
    <rtept lat="28.5117" lon="84.85659">
      <ele>2025.146240000032</ele>
    </rtept>
    <rtept lat="28.51171" lon="84.8566">
      <ele>2026.666880000098</ele>
    </rtept>
    <rtept lat="28.51175" lon="84.8565799">
      <ele>2030.6638159999093</ele>
    </rtept>
    <rtept lat="28.51179" lon="84.85647">
      <ele>2031.7567040002114</ele>
    </rtept>
    <rtept lat="28.51182" lon="84.85645">
      <ele>2034.7251199998684</ele>
    </rtept>
    <rtept lat="28.51193" lon="84.85629">
      <ele>2036.4861440000864</ele>
    </rtept>
    <rtept lat="28.51195" lon="84.85618">
      <ele>2027.4494399993737</ele>
    </rtept>
    <rtept lat="28.51211" lon="84.85603">
      <ele>2030.9659680002742</ele>
    </rtept>
    <rtept lat="28.51218" lon="84.85589">
      <ele>2027.94499200023</ele>
    </rtept>
    <rtept lat="28.51223" lon="84.85582">
      <ele>2027.67603199944</ele>
    </rtept>
    <rtept lat="28.51244" lon="84.85563">
      <ele>2034.001664000515</ele>
    </rtept>
    <rtept lat="28.5125" lon="84.85559">
      <ele>2037.3560000003738</ele>
    </rtept>
    <rtept lat="28.51256" lon="84.85553">
      <ele>2038.5916160002007</ele>
    </rtept>
    <rtept lat="28.5127" lon="84.85547">
      <ele>2047.4052799996207</ele>
    </rtept>
    <rtept lat="28.51291" lon="84.85534">
      <ele>2057.829504000026</ele>
    </rtept>
    <rtept lat="28.513" lon="84.85524">
      <ele>2058.5375999996563</ele>
    </rtept>
    <rtept lat="28.51348" lon="84.85484">
      <ele>2068.191743999828</ele>
    </rtept>
    <rtept lat="28.51352" lon="84.85482">
      <ele>2068.793088000197</ele>
    </rtept>
    <rtept lat="28.51361" lon="84.85482">
      <ele>2072.585184000212</ele>
    </rtept>
    <rtept lat="28.51369" lon="84.8548">
      <ele>2078.76175999992</ele>
    </rtept>
    <rtept lat="28.5137" lon="84.85481">
      <ele>2080.122560000024</ele>
    </rtept>
    <rtept lat="28.51366" lon="84.85486">
      <ele>2078.9924480002383</ele>
    </rtept>
    <rtept lat="28.51369" lon="84.85487">
      <ele>2081.9349440002757</ele>
    </rtept>
    <rtept lat="28.51371" lon="84.85484">
      <ele>2082.296671999796</ele>
    </rtept>
    <rtept lat="28.5138" lon="84.85484">
      <ele>2090.0441599998676</ele>
    </rtept>
    <rtept lat="28.51384" lon="84.85482">
      <ele>2093.047423999932</ele>
    </rtept>
    <rtept lat="28.51386" lon="84.85476">
      <ele>2093.697728000083</ele>
    </rtept>
    <rtept lat="28.51386" lon="84.85454">
      <ele>2079.890240000087</ele>
    </rtept>
    <rtept lat="28.5139" lon="84.85441">
      <ele>2074.1971200000435</ele>
    </rtept>
    <rtept lat="28.51403" lon="84.85422">
      <ele>2076.796608000061</ele>
    </rtept>
    <rtept lat="28.51405" lon="84.85414">
      <ele>2074.418880000141</ele>
    </rtept>
    <rtept lat="28.51417" lon="84.85393">
      <ele>2076.426672000274</ele>
    </rtept>
    <rtept lat="28.5142" lon="84.85384">
      <ele>2075.220480000131</ele>
    </rtept>
    <rtept lat="28.51429" lon="84.8536699">
      <ele>2077.68308735988</ele>
    </rtept>
    <rtept lat="28.51439" lon="84.85355">
      <ele>2083.5959999997513</ele>
    </rtept>
    <rtept lat="28.51443" lon="84.85348">
      <ele>2084.208000000386</ele>
    </rtept>
    <rtept lat="28.51451" lon="84.85328">
      <ele>2081.433376000032</ele>
    </rtept>
    <rtept lat="28.51456" lon="84.85321">
      <ele>2082.810592000208</ele>
    </rtept>
    <rtept lat="28.5146" lon="84.85306">
      <ele>2077.6499200001194</ele>
    </rtept>
    <rtept lat="28.51486" lon="84.85265">
      <ele>2082.575359999642</ele>
    </rtept>
    <rtept lat="28.51488" lon="84.85258">
      <ele>2080.574336000407</ele>
    </rtept>
    <rtept lat="28.51488" lon="84.85244">
      <ele>2073.058688000247</ele>
    </rtept>
    <rtept lat="28.51494" lon="84.8521899">
      <ele>2071.981076159891</ele>
    </rtept>
    <rtept lat="28.51497" lon="84.85211">
      <ele>2075.0193120001973</ele>
    </rtept>
    <rtept lat="28.51497" lon="84.85205">
      <ele>2074.377360000311</ele>
    </rtept>
    <rtept lat="28.51496" lon="84.85199">
      <ele>2072.2045439997855</ele>
    </rtept>
    <rtept lat="28.51486" lon="84.8519">
      <ele>2056.6252799997956</ele>
    </rtept>
    <rtept lat="28.51481" lon="84.85173">
      <ele>2052.0480960000314</ele>
    </rtept>
    <rtept lat="28.51485" lon="84.85159">
      <ele>2060.2749599998474</ele>
    </rtept>
    <rtept lat="28.51481" lon="84.85153">
      <ele>2054.9034720001364</ele>
    </rtept>
    <rtept lat="28.51479" lon="84.85144">
      <ele>2052.8951040002594</ele>
    </rtept>
    <rtept lat="28.5148" lon="84.8513">
      <ele>2052.6720000000196</ele>
    </rtept>
    <rtept lat="28.51489" lon="84.85102">
      <ele>2057.000000000342</ele>
    </rtept>
    <rtept lat="28.51521" lon="84.85026">
      <ele>2050.6936960005946</ele>
    </rtept>
    <rtept lat="28.51535" lon="84.85007">
      <ele>2036.705760000321</ele>
    </rtept>
    <rtept lat="28.5154" lon="84.85003">
      <ele>2035.6977600003336</ele>
    </rtept>
    <rtept lat="28.51545" lon="84.84996">
      <ele>2029.6915199994091</ele>
    </rtept>
    <rtept lat="28.5155" lon="84.84995">
      <ele>2030.7960000011499</ele>
    </rtept>
    <rtept lat="28.51555" lon="84.84996">
      <ele>2035.3420799993116</ele>
    </rtept>
    <rtept lat="28.51569" lon="84.85012">
      <ele>2056.257088000255</ele>
    </rtept>
    <rtept lat="28.51576" lon="84.8501299">
      <ele>2059.5893430399333</ele>
    </rtept>
    <rtept lat="28.5159" lon="84.85003">
      <ele>2060.491840000162</ele>
    </rtept>
    <rtept lat="28.51599" lon="84.85001">
      <ele>2066.1686079997003</ele>
    </rtept>
    <rtept lat="28.51621" lon="84.85003">
      <ele>2090.182032000471</ele>
    </rtept>
    <rtept lat="28.51649" lon="84.84991">
      <ele>2097.628879998468</ele>
    </rtept>
    <rtept lat="28.51661" lon="84.84976">
      <ele>2054.275520001173</ele>
    </rtept>
    <rtept lat="28.51674" lon="84.84969">
      <ele>2041.979135999879</ele>
    </rtept>
    <rtept lat="28.51676" lon="84.84956">
      <ele>2040.6255359999798</ele>
    </rtept>
    <rtept lat="28.51696" lon="84.84929">
      <ele>2035.2636799999011</ele>
    </rtept>
    <rtept lat="28.51708" lon="84.84921">
      <ele>2035.4393599999837</ele>
    </rtept>
    <rtept lat="28.51718" lon="84.84918">
      <ele>2037.1644800000618</ele>
    </rtept>
    <rtept lat="28.5173" lon="84.84909">
      <ele>2039.9800000000168</ele>
    </rtept>
    <rtept lat="28.51755" lon="84.84904">
      <ele>2050.0254400000485</ele>
    </rtept>
    <rtept lat="28.51769" lon="84.84903">
      <ele>2056.1283040000467</ele>
    </rtept>
    <rtept lat="28.51774" lon="84.84899">
      <ele>2056.7974720000207</ele>
    </rtept>
    <rtept lat="28.51778" lon="84.84887">
      <ele>2053.7416320000316</ele>
    </rtept>
    <rtept lat="28.51776" lon="84.84874">
      <ele>2050.744000000089</ele>
    </rtept>
    <rtept lat="28.51777" lon="84.84865">
      <ele>2049.448000000074</ele>
    </rtept>
    <rtept lat="28.51814" lon="84.84838">
      <ele>2067.026431999999</ele>
    </rtept>
    <rtept lat="28.51823" lon="84.84821">
      <ele>2071.4741599998492</ele>
    </rtept>
    <rtept lat="28.51836" lon="84.84802">
      <ele>2081.195712000259</ele>
    </rtept>
    <rtept lat="28.51844" lon="84.84769">
      <ele>2081.4333119998155</ele>
    </rtept>
    <rtept lat="28.51846" lon="84.84748">
      <ele>2076.106176000253</ele>
    </rtept>
    <rtept lat="28.51853" lon="84.84718">
      <ele>2072.2411519997977</ele>
    </rtept>
    <rtept lat="28.51858" lon="84.84706">
      <ele>2073.9242239999867</ele>
    </rtept>
    <rtept lat="28.51858" lon="84.84693">
      <ele>2072.0247680000016</ele>
    </rtept>
    <rtept lat="28.51864" lon="84.84679">
      <ele>2076.5421760001173</ele>
    </rtept>
    <rtept lat="28.51879" lon="84.84654">
      <ele>2086.519360000047</ele>
    </rtept>
    <rtept lat="28.51882" lon="84.84652">
      <ele>2088.07744000006</ele>
    </rtept>
    <rtept lat="28.51881" lon="84.84624">
      <ele>2082.7204479998804</ele>
    </rtept>
    <rtept lat="28.51884" lon="84.84619">
      <ele>2083.6400320001057</ele>
    </rtept>
    <rtept lat="28.51876" lon="84.8459">
      <ele>2080.48992000001</ele>
    </rtept>
    <rtept lat="28.51874" lon="84.8457899">
      <ele>2080.63382208004</ele>
    </rtept>
    <rtept lat="28.51882" lon="84.84557">
      <ele>2086.0897920001257</ele>
    </rtept>
    <rtept lat="28.51884" lon="84.84555">
      <ele>2087.1204800000037</ele>
    </rtept>
    <rtept lat="28.51887" lon="84.84559">
      <ele>2087.7728639999677</ele>
    </rtept>
    <rtept lat="28.51899" lon="84.84554">
      <ele>2093.0904639999526</ele>
    </rtept>
    <rtept lat="28.51902" lon="84.84551">
      <ele>2094.374368000025</ele>
    </rtept>
    <rtept lat="28.51907" lon="84.84544">
      <ele>2096.33507199998</ele>
    </rtept>
    <rtept lat="28.51905" lon="84.84531">
      <ele>2095.981120000005</ele>
    </rtept>
    <rtept lat="28.51921" lon="84.84486">
      <ele>2097.2308799999973</ele>
    </rtept>
    <rtept lat="28.51932" lon="84.8448">
      <ele>2097.220800000065</ele>
    </rtept>
    <rtept lat="28.51948" lon="84.84477">
      <ele>2096.9439679999496</ele>
    </rtept>
    <rtept lat="28.51956" lon="84.84474">
      <ele>2096.6827520000193</ele>
    </rtept>
    <rtept lat="28.51958" lon="84.84468">
      <ele>2095.8058239999505</ele>
    </rtept>
    <rtept lat="28.5196" lon="84.84459">
      <ele>2094.3894399999444</ele>
    </rtept>
    <rtept lat="28.51962" lon="84.84456">
      <ele>2093.9269120000213</ele>
    </rtept>
    <rtept lat="28.51977" lon="84.84448">
      <ele>2093.5660480001084</ele>
    </rtept>
    <rtept lat="28.52023" lon="84.8443999">
      <ele>2091.7122657599202</ele>
    </rtept>
    <rtept lat="28.52032" lon="84.8443999">
      <ele>2094.031646400049</ele>
    </rtept>
    <rtept lat="28.52034" lon="84.84442">
      <ele>2096.7974400000357</ele>
    </rtept>
    <rtept lat="28.52042" lon="84.8443999">
      <ele>2100.9429984000276</ele>
    </rtept>
    <rtept lat="28.52046" lon="84.84437">
      <ele>2101.4169599998295</ele>
    </rtept>
    <rtept lat="28.52062" lon="84.84415">
      <ele>2090.7617599999458</ele>
    </rtept>
    <rtept lat="28.5207" lon="84.84409">
      <ele>2087.406559999566</ele>
    </rtept>
    <rtept lat="28.52087" lon="84.84405">
      <ele>2087.483599999693</ele>
    </rtept>
    <rtept lat="28.52136" lon="84.84392">
      <ele>2072.3646719995236</ele>
    </rtept>
    <rtept lat="28.52146" lon="84.84395">
      <ele>2081.6502400009986</ele>
    </rtept>
    <rtept lat="28.52156" lon="84.84395">
      <ele>2090.664640000818</ele>
    </rtept>
    <rtept lat="28.5218" lon="84.84401">
      <ele>2103.002559999774</ele>
    </rtept>
    <rtept lat="28.52204" lon="84.84397">
      <ele>2094.2995839998675</ele>
    </rtept>
    <rtept lat="28.52208" lon="84.84403">
      <ele>2099.7992320004064</ele>
    </rtept>
    <rtept lat="28.52215" lon="84.84403">
      <ele>2098.5553600004173</ele>
    </rtept>
    <rtept lat="28.52224" lon="84.84395">
      <ele>2087.222720000826</ele>
    </rtept>
    <rtept lat="28.52229" lon="84.84387">
      <ele>2077.0682879996116</ele>
    </rtept>
    <rtept lat="28.52231" lon="84.84377">
      <ele>2069.2974720004704</ele>
    </rtept>
    <rtept lat="28.52235" lon="84.84369">
      <ele>2063.9510399996648</ele>
    </rtept>
    <rtept lat="28.52249" lon="84.84348">
      <ele>2060.4879360000114</ele>
    </rtept>
    <rtept lat="28.52262" lon="84.8433">
      <ele>2059.1750400000055</ele>
    </rtept>
    <rtept lat="28.52273" lon="84.84329">
      <ele>2060.431008000062</ele>
    </rtept>
    <rtept lat="28.52286" lon="84.84332">
      <ele>2064.8392960000374</ele>
    </rtept>
    <rtept lat="28.52297" lon="84.8433">
      <ele>2070.712480000035</ele>
    </rtept>
    <rtept lat="28.52304" lon="84.84332">
      <ele>2074.802944000224</ele>
    </rtept>
    <rtept lat="28.52312" lon="84.84342">
      <ele>2085.6655359997003</ele>
    </rtept>
    <rtept lat="28.52312" lon="84.84348">
      <ele>2087.377983999836</ele>
    </rtept>
    <rtept lat="28.52318" lon="84.84361">
      <ele>2098.64483199994</ele>
    </rtept>
    <rtept lat="28.52323" lon="84.84381">
      <ele>2135.58470400095</ele>
    </rtept>
    <rtept lat="28.52326" lon="84.84379">
      <ele>2136.148031999835</ele>
    </rtept>
    <rtept lat="28.52328" lon="84.8437">
      <ele>2124.842879999725</ele>
    </rtept>
    <rtept lat="28.52339" lon="84.84341">
      <ele>2115.8679520001974</ele>
    </rtept>
    <rtept lat="28.52344" lon="84.8433699">
      <ele>2118.7051868800163</ele>
    </rtept>
    <rtept lat="28.52348" lon="84.8433699">
      <ele>2122.55161695987</ele>
    </rtept>
    <rtept lat="28.52347" lon="84.84349">
      <ele>2129.1113440001336</ele>
    </rtept>
    <rtept lat="28.52352" lon="84.84347">
      <ele>2133.510111999894</ele>
    </rtept>
    <rtept lat="28.52355" lon="84.84342">
      <ele>2133.095679999613</ele>
    </rtept>
    <rtept lat="28.52355" lon="84.84336">
      <ele>2128.5294400003345</ele>
    </rtept>
    <rtept lat="28.52352" lon="84.84329">
      <ele>2122.403488000001</ele>
    </rtept>
    <rtept lat="28.52356" lon="84.84322">
      <ele>2124.276352000045</ele>
    </rtept>
    <rtept lat="28.52361" lon="84.84324">
      <ele>2129.871904000027</ele>
    </rtept>
    <rtept lat="28.52364" lon="84.84331">
      <ele>2134.6675840000944</ele>
    </rtept>
    <rtept lat="28.5237" lon="84.8432">
      <ele>2138.118400000049</ele>
    </rtept>
    <rtept lat="28.52373" lon="84.8431">
      <ele>2138.0708800002535</ele>
    </rtept>
    <rtept lat="28.52378" lon="84.84303">
      <ele>2140.312383999836</ele>
    </rtept>
    <rtept lat="28.52387" lon="84.84284">
      <ele>2140.304607999715</ele>
    </rtept>
    <rtept lat="28.5239" lon="84.84281">
      <ele>2140.9780800000594</ele>
    </rtept>
    <rtept lat="28.52392" lon="84.8429">
      <ele>2145.812160000026</ele>
    </rtept>
    <rtept lat="28.52395" lon="84.84292">
      <ele>2148.1060800002288</ele>
    </rtept>
    <rtept lat="28.52401" lon="84.84287">
      <ele>2149.089744000216</ele>
    </rtept>
    <rtept lat="28.52427" lon="84.84275">
      <ele>2155.6851999997584</ele>
    </rtept>
    <rtept lat="28.52436" lon="84.84276">
      <ele>2159.2205439999548</ele>
    </rtept>
    <rtept lat="28.52443" lon="84.84273">
      <ele>2159.7710560001433</ele>
    </rtept>
    <rtept lat="28.52451" lon="84.84265">
      <ele>2156.706720000276</ele>
    </rtept>
    <rtept lat="28.52456" lon="84.84256">
      <ele>2153.953728000266</ele>
    </rtept>
    <rtept lat="28.52474" lon="84.84246">
      <ele>2159.4104320002093</ele>
    </rtept>
    <rtept lat="28.52485" lon="84.84237">
      <ele>2171.2705600001236</ele>
    </rtept>
    <rtept lat="28.52489" lon="84.84228">
      <ele>2174.928735999932</ele>
    </rtept>
    <rtept lat="28.52486" lon="84.8422">
      <ele>2169.640000000216</ele>
    </rtept>
    <rtept lat="28.52487" lon="84.84209">
      <ele>2167.3359999999516</ele>
    </rtept>
    <rtept lat="28.52493" lon="84.84205">
      <ele>2173.600000000166</ele>
    </rtept>
    <rtept lat="28.52505" lon="84.84203">
      <ele>2185.9537599998093</ele>
    </rtept>
    <rtept lat="28.52509" lon="84.84204">
      <ele>2189.6698239997927</ele>
    </rtept>
    <rtept lat="28.52509" lon="84.84201">
      <ele>2188.557855999971</ele>
    </rtept>
    <rtept lat="28.5253" lon="84.84191">
      <ele>2201.0184000000345</ele>
    </rtept>
    <rtept lat="28.52533" lon="84.84192">
      <ele>2203.721280000113</ele>
    </rtept>
    <rtept lat="28.5253" lon="84.842">
      <ele>2205.280000000047</ele>
    </rtept>
    <rtept lat="28.52532" lon="84.842">
      <ele>2206.791999999987</ele>
    </rtept>
    <rtept lat="28.52536" lon="84.84195">
      <ele>2207.4759999998028</ele>
    </rtept>
    <rtept lat="28.52547" lon="84.84189">
      <ele>2212.3058400002787</ele>
    </rtept>
    <rtept lat="28.52553" lon="84.84183">
      <ele>2212.841520000097</ele>
    </rtept>
    <rtept lat="28.52555" lon="84.8418">
      <ele>2212.272000000345</ele>
    </rtept>
    <rtept lat="28.52558" lon="84.84169">
      <ele>2206.3187840000382</ele>
    </rtept>
    <rtept lat="28.52557" lon="84.84166">
      <ele>2204.0600000002187</ele>
    </rtept>
    <rtept lat="28.52559" lon="84.84164">
      <ele>2203.483999999919</ele>
    </rtept>
    <rtept lat="28.52563" lon="84.84162">
      <ele>2203.556000000357</ele>
    </rtept>
    <rtept lat="28.52567" lon="84.84165">
      <ele>2206.6880000001393</ele>
    </rtept>
    <rtept lat="28.52572" lon="84.8416">
      <ele>2205.247999999973</ele>
    </rtept>
    <rtept lat="28.52578" lon="84.84147">
      <ele>2199.236000000101</ele>
    </rtept>
    <rtept lat="28.52588" lon="84.84136">
      <ele>2196.4444159997706</ele>
    </rtept>
    <rtept lat="28.5261" lon="84.84122">
      <ele>2199.7990400002614</ele>
    </rtept>
    <rtept lat="28.52624" lon="84.8412">
      <ele>2207.389440000114</ele>
    </rtept>
    <rtept lat="28.52636" lon="84.84108">
      <ele>2208.3388160003533</ele>
    </rtept>
    <rtept lat="28.52647" lon="84.84104">
      <ele>2209.1897600003726</ele>
    </rtept>
    <rtept lat="28.52635" lon="84.84102">
      <ele>2203.816640000078</ele>
    </rtept>
    <rtept lat="28.52637" lon="84.84097">
      <ele>2201.999647999916</ele>
    </rtept>
    <rtept lat="28.52644" lon="84.84094">
      <ele>2202.830720000214</ele>
    </rtept>
    <rtept lat="28.52638" lon="84.84093">
      <ele>2200.2370879999876</ele>
    </rtept>
    <rtept lat="28.52638" lon="84.8409">
      <ele>2198.3734400002736</ele>
    </rtept>
    <rtept lat="28.52644" lon="84.84087">
      <ele>2198.7785599997587</ele>
    </rtept>
    <rtept lat="28.52639" lon="84.84086">
      <ele>2196.6660800003697</ele>
    </rtept>
    <rtept lat="28.5264" lon="84.84083">
      <ele>2195.102719999716</ele>
    </rtept>
    <rtept lat="28.52642" lon="84.84075">
      <ele>2189.33840000003</ele>
    </rtept>
    <rtept lat="28.52646" lon="84.84072">
      <ele>2187.5870720003945</ele>
    </rtept>
    <rtept lat="28.52646" lon="84.8407">
      <ele>2185.87231999985</ele>
    </rtept>
    <rtept lat="28.52641" lon="84.8407">
      <ele>2185.20271999984</ele>
    </rtept>
    <rtept lat="28.52637" lon="84.84065">
      <ele>2179.014319999727</ele>
    </rtept>
    <rtept lat="28.52644" lon="84.84062">
      <ele>2178.973568000106</ele>
    </rtept>
    <rtept lat="28.52651" lon="84.84056">
      <ele>2173.540735999673</ele>
    </rtept>
    <rtept lat="28.52655" lon="84.84038">
      <ele>2149.0641599994724</ele>
    </rtept>
    <rtept lat="28.5266" lon="84.8404">
      <ele>2152.521600000286</ele>
    </rtept>
    <rtept lat="28.52668" lon="84.84039">
      <ele>2152.3329599999242</ele>
    </rtept>
    <rtept lat="28.52705" lon="84.84018">
      <ele>2137.201120000221</ele>
    </rtept>
    <rtept lat="28.52712" lon="84.84018">
      <ele>2140.8359680003105</ele>
    </rtept>
    <rtept lat="28.52716" lon="84.84021">
      <ele>2145.622527999831</ele>
    </rtept>
    <rtept lat="28.52723" lon="84.84022">
      <ele>2150.3601280001963</ele>
    </rtept>
    <rtept lat="28.52734" lon="84.84012">
      <ele>2146.2423039998653</ele>
    </rtept>
    <rtept lat="28.52747" lon="84.84012">
      <ele>2153.026432000018</ele>
    </rtept>
    <rtept lat="28.52749" lon="84.84008">
      <ele>2153.0920960000244</ele>
    </rtept>
    <rtept lat="28.52764" lon="84.84003">
      <ele>2159.145568000054</ele>
    </rtept>
    <rtept lat="28.52781" lon="84.83993">
      <ele>2160.9144479996075</ele>
    </rtept>
    <rtept lat="28.52793" lon="84.8398799">
      <ele>2159.7745339199996</ele>
    </rtept>
    <rtept lat="28.52806" lon="84.8399699">
      <ele>2172.981645119977</ele>
    </rtept>
    <rtept lat="28.52813" lon="84.8399699">
      <ele>2178.3493257600508</ele>
    </rtept>
    <rtept lat="28.52817" lon="84.83991">
      <ele>2175.797856000253</ele>
    </rtept>
    <rtept lat="28.52826" lon="84.83972">
      <ele>2168.38233599993</ele>
    </rtept>
    <rtept lat="28.52836" lon="84.83956">
      <ele>2166.823872000392</ele>
    </rtept>
    <rtept lat="28.52845" lon="84.83949">
      <ele>2170.085759999768</ele>
    </rtept>
    <rtept lat="28.52854" lon="84.83931">
      <ele>2165.6558079997894</ele>
    </rtept>
    <rtept lat="28.52854" lon="84.8391">
      <ele>2152.245760000058</ele>
    </rtept>
    <rtept lat="28.52862" lon="84.83897">
      <ele>2152.2320960001966</ele>
    </rtept>
    <rtept lat="28.5286" lon="84.8389">
      <ele>2146.753599999813</ele>
    </rtept>
    <rtept lat="28.52856" lon="84.83884">
      <ele>2141.58438400006</ele>
    </rtept>
    <rtept lat="28.52862" lon="84.83873">
      <ele>2142.4735679999476</ele>
    </rtept>
    <rtept lat="28.52868" lon="84.83857">
      <ele>2139.8581120003014</ele>
    </rtept>
    <rtept lat="28.52869" lon="84.83817">
      <ele>2116.469008000439</ele>
    </rtept>
    <rtept lat="28.52868" lon="84.83811">
      <ele>2111.432608000118</ele>
    </rtept>
    <rtept lat="28.52877" lon="84.83795">
      <ele>2107.0533600004815</ele>
    </rtept>
    <rtept lat="28.52877" lon="84.83789">
      <ele>2103.504912000201</ele>
    </rtept>
    <rtept lat="28.52873" lon="84.8378199">
      <ele>2096.644978079934</ele>
    </rtept>
    <rtept lat="28.52872" lon="84.83774">
      <ele>2093.229311999968</ele>
    </rtept>
    <rtept lat="28.52874" lon="84.83769">
      <ele>2094.3306239999097</ele>
    </rtept>
    <rtept lat="28.52878" lon="84.83765">
      <ele>2096.9116800000606</ele>
    </rtept>
    <rtept lat="28.52896" lon="84.83762">
      <ele>2110.4305920001248</ele>
    </rtept>
    <rtept lat="28.52902" lon="84.83758">
      <ele>2115.279935999945</ele>
    </rtept>
    <rtept lat="28.52905" lon="84.83759">
      <ele>2117.8519200001642</ele>
    </rtept>
    <rtept lat="28.52934" lon="84.83749">
      <ele>2141.96736000011</ele>
    </rtept>
    <rtept lat="28.52936" lon="84.83747">
      <ele>2143.6003200000264</ele>
    </rtept>
    <rtept lat="28.52938" lon="84.83742">
      <ele>2144.9481599999485</ele>
    </rtept>
    <rtept lat="28.52935" lon="84.83736">
      <ele>2142.537600000066</ele>
    </rtept>
    <rtept lat="28.5292" lon="84.83724">
      <ele>2134.3728000000706</ele>
    </rtept>
    <rtept lat="28.52907" lon="84.83711">
      <ele>2131.8296320002596</ele>
    </rtept>
    <rtept lat="28.52895" lon="84.8371">
      <ele>2123.7471999996133</ele>
    </rtept>
    <rtept lat="28.5289" lon="84.83707">
      <ele>2121.2876800001172</ele>
    </rtept>
    <rtept lat="28.52888" lon="84.8369699">
      <ele>2122.9142624001315</ele>
    </rtept>
    <rtept lat="28.52876" lon="84.83675">
      <ele>2119.205600000105</ele>
    </rtept>
    <rtept lat="28.52872" lon="84.83646">
      <ele>2128.235647999884</ele>
    </rtept>
    <rtept lat="28.52867" lon="84.83642">
      <ele>2124.3162560000374</ele>
    </rtept>
    <rtept lat="28.52855" lon="84.83638">
      <ele>2113.669439999961</ele>
    </rtept>
    <rtept lat="28.52849" lon="84.83627">
      <ele>2108.8766880001053</ele>
    </rtept>
    <rtept lat="28.52845" lon="84.83615">
      <ele>2107.126799999938</ele>
    </rtept>
    <rtept lat="28.52846" lon="84.83595">
      <ele>2105.130079999908</ele>
    </rtept>
    <rtept lat="28.52842" lon="84.83577">
      <ele>2101.6511360000095</ele>
    </rtept>
    <rtept lat="28.52841" lon="84.8356">
      <ele>2100.875840000033</ele>
    </rtept>
    <rtept lat="28.52836" lon="84.83553">
      <ele>2099.3456639998867</ele>
    </rtept>
    <rtept lat="28.52829" lon="84.83532">
      <ele>2100.635712000029</ele>
    </rtept>
    <rtept lat="28.52832" lon="84.83517">
      <ele>2103.994879999915</ele>
    </rtept>
    <rtept lat="28.5283" lon="84.83496">
      <ele>2106.327679999995</ele>
    </rtept>
    <rtept lat="28.52833" lon="84.83465">
      <ele>2102.911999999954</ele>
    </rtept>
    <rtept lat="28.52842" lon="84.83445">
      <ele>2102.2764800000787</ele>
    </rtept>
    <rtept lat="28.52847" lon="84.83438">
      <ele>2102.862143999929</ele>
    </rtept>
    <rtept lat="28.52849" lon="84.83425">
      <ele>2102.242800000017</ele>
    </rtept>
    <rtept lat="28.52857" lon="84.8339">
      <ele>2097.9139199999468</ele>
    </rtept>
    <rtept lat="28.52863" lon="84.83382">
      <ele>2098.293728000048</ele>
    </rtept>
    <rtept lat="28.52864" lon="84.8336999">
      <ele>2096.2033548799523</ele>
    </rtept>
    <rtept lat="28.5287" lon="84.83362">
      <ele>2097.331519999956</ele>
    </rtept>
    <rtept lat="28.52872" lon="84.83355">
      <ele>2097.742240000006</ele>
    </rtept>
    <rtept lat="28.52882" lon="84.83281">
      <ele>2095.844927999898</ele>
    </rtept>
    <rtept lat="28.52889" lon="84.83253">
      <ele>2095.25643200006</ele>
    </rtept>
    <rtept lat="28.52897" lon="84.83233">
      <ele>2095.038704000023</ele>
    </rtept>
    <rtept lat="28.52905" lon="84.8321799">
      <ele>2094.960004800054</ele>
    </rtept>
    <rtept lat="28.52928" lon="84.83186">
      <ele>2091.4400000001297</ele>
    </rtept>
    <rtept lat="28.52935" lon="84.8318">
      <ele>2092.160000000049</ele>
    </rtept>
    <rtept lat="28.5295" lon="84.83174">
      <ele>2095.5423999998698</ele>
    </rtept>
    <rtept lat="28.52969" lon="84.8316399">
      <ele>2099.7004532799488</ele>
    </rtept>
    <rtept lat="28.52983" lon="84.83168">
      <ele>2104.5360000002</ele>
    </rtept>
    <rtept lat="28.52985" lon="84.83162">
      <ele>2103.7896000000082</ele>
    </rtept>
    <rtept lat="28.52985" lon="84.83158">
      <ele>2103.0264000000393</ele>
    </rtept>
    <rtept lat="28.52983" lon="84.83153">
      <ele>2101.673520000022</ele>
    </rtept>
    <rtept lat="28.52978" lon="84.83147">
      <ele>2099.8036799999218</ele>
    </rtept>
    <rtept lat="28.52957" lon="84.83134">
      <ele>2094.5359999999837</ele>
    </rtept>
    <rtept lat="28.52938" lon="84.83131">
      <ele>2089.693887999998</ele>
    </rtept>
    <rtept lat="28.52935" lon="84.83128">
      <ele>2088.681280000042</ele>
    </rtept>
    <rtept lat="28.52928" lon="84.8312">
      <ele>2086.3945599999925</ele>
    </rtept>
    <rtept lat="28.52927" lon="84.83112">
      <ele>2085.987904000008</ele>
    </rtept>
    <rtept lat="28.5293" lon="84.83109">
      <ele>2086.4569600000373</ele>
    </rtept>
    <rtept lat="28.52936" lon="84.83098">
      <ele>2086.393023999962</ele>
    </rtept>
    <rtept lat="28.5294" lon="84.83078">
      <ele>2085.2387199999766</ele>
    </rtept>
    <rtept lat="28.52943" lon="84.83072">
      <ele>2086.0932160000466</ele>
    </rtept>
    <rtept lat="28.52949" lon="84.83065">
      <ele>2087.979999999988</ele>
    </rtept>
    <rtept lat="28.52957" lon="84.8306">
      <ele>2090.680000000003</ele>
    </rtept>
    <rtept lat="28.52962" lon="84.83054">
      <ele>2092.2698240000423</ele>
    </rtept>
    <rtept lat="28.52971" lon="84.83037">
      <ele>2094.3121760000554</ele>
    </rtept>
    <rtept lat="28.52963" lon="84.83002">
      <ele>2089.5081920000557</ele>
    </rtept>
    <rtept lat="28.52966" lon="84.8299">
      <ele>2088.681919999938</ele>
    </rtept>
    <rtept lat="28.52965" lon="84.82979">
      <ele>2087.265680000033</ele>
    </rtept>
    <rtept lat="28.52977" lon="84.8292">
      <ele>2086.9425599999845</ele>
    </rtept>
    <rtept lat="28.52989" lon="84.82895">
      <ele>2086.6644000000733</ele>
    </rtept>
    <rtept lat="28.52998" lon="84.82872">
      <ele>2085.4357760000175</ele>
    </rtept>
    <rtept lat="28.53006" lon="84.82859">
      <ele>2086.705503999974</ele>
    </rtept>
    <rtept lat="28.53016" lon="84.82834">
      <ele>2087.2109439999645</ele>
    </rtept>
    <rtept lat="28.53023" lon="84.82822">
      <ele>2086.2345280000195</ele>
    </rtept>
    <rtept lat="28.53033" lon="84.82807">
      <ele>2086.4639999999217</ele>
    </rtept>
    <rtept lat="28.53038" lon="84.82798">
      <ele>2088.6314240000465</ele>
    </rtept>
    <rtept lat="28.53053" lon="84.82786">
      <ele>2093.172607999977</ele>
    </rtept>
    <rtept lat="28.53059" lon="84.82776">
      <ele>2093.1720639999776</ele>
    </rtept>
    <rtept lat="28.53057" lon="84.82774">
      <ele>2092.7409280000716</ele>
    </rtept>
    <rtept lat="28.53048" lon="84.82777">
      <ele>2091.3373120000188</ele>
    </rtept>
    <rtept lat="28.53043" lon="84.82772">
      <ele>2090.322111999985</ele>
    </rtept>
    <rtept lat="28.53034" lon="84.82739">
      <ele>2091.7865920000622</ele>
    </rtept>
    <rtept lat="28.5304" lon="84.82719">
      <ele>2093.6358399999485</ele>
    </rtept>
    <rtept lat="28.53038" lon="84.82717">
      <ele>2094.499264000131</ele>
    </rtept>
    <rtept lat="28.53029" lon="84.82732">
      <ele>2092.842975999991</ele>
    </rtept>
    <rtept lat="28.53028" lon="84.82724">
      <ele>2093.785023999951</ele>
    </rtept>
    <rtept lat="28.53032" lon="84.82713">
      <ele>2096.6621440001104</ele>
    </rtept>
    <rtept lat="28.53031" lon="84.82707">
      <ele>2098.8777279997885</ele>
    </rtept>
    <rtept lat="28.53035" lon="84.82699">
      <ele>2100.710560000194</ele>
    </rtept>
    <rtept lat="28.53036" lon="84.82691">
      <ele>2103.3792960000387</ele>
    </rtept>
    <rtept lat="28.53041" lon="84.82678">
      <ele>2107.4902080000315</ele>
    </rtept>
    <rtept lat="28.53044" lon="84.8266">
      <ele>2113.067520000066</ele>
    </rtept>
    <rtept lat="28.53049" lon="84.82644">
      <ele>2115.3617279998634</ele>
    </rtept>
    <rtept lat="28.53055" lon="84.82633">
      <ele>2115.267279999963</ele>
    </rtept>
    <rtept lat="28.5306" lon="84.8262">
      <ele>2115.9664000000084</ele>
    </rtept>
    <rtept lat="28.53097" lon="84.82564">
      <ele>2116.896159999863</ele>
    </rtept>
    <rtept lat="28.53117" lon="84.82544">
      <ele>2115.3750400000063</ele>
    </rtept>
    <rtept lat="28.53122" lon="84.82536">
      <ele>2114.868159999944</ele>
    </rtept>
    <rtept lat="28.53128" lon="84.8250599">
      <ele>2113.1891564800494</ele>
    </rtept>
    <rtept lat="28.53129" lon="84.82475">
      <ele>2113.2076000000784</ele>
    </rtept>
    <rtept lat="28.53126" lon="84.82467">
      <ele>2115.058304000038</ele>
    </rtept>
    <rtept lat="28.53138" lon="84.82441">
      <ele>2114.268096000034</ele>
    </rtept>
    <rtept lat="28.53137" lon="84.82431">
      <ele>2117.385264000112</ele>
    </rtept>
    <rtept lat="28.5314" lon="84.8242099">
      <ele>2119.0846847999237</ele>
    </rtept>
    <rtept lat="28.53138" lon="84.82408">
      <ele>2121.8759040000787</ele>
    </rtept>
    <rtept lat="28.5313" lon="84.82384">
      <ele>2126.0796799999944</ele>
    </rtept>
    <rtept lat="28.53116" lon="84.82369">
      <ele>2129.434015999991</ele>
    </rtept>
    <rtept lat="28.53098" lon="84.82337">
      <ele>2131.4707839999946</ele>
    </rtept>
    <rtept lat="28.53097" lon="84.82296">
      <ele>2144.8642560001813</ele>
    </rtept>
    <rtept lat="28.53099" lon="84.82278">
      <ele>2150.029536000224</ele>
    </rtept>
    <rtept lat="28.53108" lon="84.82237">
      <ele>2143.335584000109</ele>
    </rtept>
    <rtept lat="28.53116" lon="84.82207">
      <ele>2137.2973440000146</ele>
    </rtept>
    <rtept lat="28.53122" lon="84.8219">
      <ele>2135.05471999995</ele>
    </rtept>
    <rtept lat="28.53129" lon="84.82163">
      <ele>2134.7980160000743</ele>
    </rtept>
    <rtept lat="28.5313" lon="84.82145">
      <ele>2135.220799999938</ele>
    </rtept>
    <rtept lat="28.53123" lon="84.82106">
      <ele>2135.4599999999164</ele>
    </rtept>
    <rtept lat="28.53124" lon="84.82086">
      <ele>2137.728000000034</ele>
    </rtept>
    <rtept lat="28.53119" lon="84.82063">
      <ele>2143.684224000158</ele>
    </rtept>
    <rtept lat="28.53125" lon="84.82035">
      <ele>2141.979999999965</ele>
    </rtept>
    <rtept lat="28.53121" lon="84.8202">
      <ele>2147.0236799998906</ele>
    </rtept>
    <rtept lat="28.5312" lon="84.82003">
      <ele>2151.0254400000686</ele>
    </rtept>
    <rtept lat="28.53122" lon="84.81979">
      <ele>2155.615295999972</ele>
    </rtept>
    <rtept lat="28.5312" lon="84.81964">
      <ele>2160.546560000005</ele>
    </rtept>
    <rtept lat="28.53124" lon="84.8195099">
      <ele>2159.66883391997</ele>
    </rtept>
    <rtept lat="28.53117" lon="84.81939">
      <ele>2167.963344000074</ele>
    </rtept>
    <rtept lat="28.53113" lon="84.81929">
      <ele>2173.5905760000073</ele>
    </rtept>
    <rtept lat="28.53112" lon="84.8191499">
      <ele>2177.264446079873</ele>
    </rtept>
    <rtept lat="28.53118" lon="84.81908">
      <ele>2172.237504000086</ele>
    </rtept>
    <rtept lat="28.53124" lon="84.81889">
      <ele>2169.312576000023</ele>
    </rtept>
    <rtept lat="28.53137" lon="84.8188">
      <ele>2159.822240000138</ele>
    </rtept>
    <rtept lat="28.53157" lon="84.81875">
      <ele>2153.132000000075</ele>
    </rtept>
    <rtept lat="28.53162" lon="84.8187">
      <ele>2151.632959999976</ele>
    </rtept>
    <rtept lat="28.53161" lon="84.81855">
      <ele>2151.8083999999885</ele>
    </rtept>
    <rtept lat="28.53162" lon="84.8184799">
      <ele>2150.827702399988</ele>
    </rtept>
    <rtept lat="28.53161" lon="84.81845">
      <ele>2151.09559999996</ele>
    </rtept>
    <rtept lat="28.53165" lon="84.8183899">
      <ele>2148.509828000047</ele>
    </rtept>
    <rtept lat="28.53176" lon="84.81832">
      <ele>2144.168000000052</ele>
    </rtept>
    <rtept lat="28.53184" lon="84.81822">
      <ele>2143.0160000000815</ele>
    </rtept>
    <rtept lat="28.53185" lon="84.81819">
      <ele>2143.1240000000266</ele>
    </rtept>
    <rtept lat="28.53187" lon="84.8181199">
      <ele>2143.4854399999663</ele>
    </rtept>
    <rtept lat="28.53186" lon="84.81802">
      <ele>2145.7487359998236</ele>
    </rtept>
    <rtept lat="28.53181" lon="84.81793">
      <ele>2150.176303999873</ele>
    </rtept>
    <rtept lat="28.5318" lon="84.81785">
      <ele>2153.0143999997595</ele>
    </rtept>
    <rtept lat="28.53192" lon="84.81759">
      <ele>2151.9433920000765</ele>
    </rtept>
    <rtept lat="28.53198" lon="84.81742">
      <ele>2151.721408000008</ele>
    </rtept>
    <rtept lat="28.53208" lon="84.81697">
      <ele>2157.5680000000275</ele>
    </rtept>
    <rtept lat="28.53207" lon="84.81677">
      <ele>2159.9771519999026</ele>
    </rtept>
    <rtept lat="28.53205" lon="84.81667">
      <ele>2162.1244799998717</ele>
    </rtept>
    <rtept lat="28.53211" lon="84.8164">
      <ele>2158.068480000032</ele>
    </rtept>
    <rtept lat="28.5322" lon="84.8162399">
      <ele>2156.1821616000416</ele>
    </rtept>
    <rtept lat="28.53224" lon="84.81612">
      <ele>2155.8303359999413</ele>
    </rtept>
    <rtept lat="28.53222" lon="84.81578">
      <ele>2161.2113920001157</ele>
    </rtept>
    <rtept lat="28.53225" lon="84.81545">
      <ele>2161.573999999948</ele>
    </rtept>
    <rtept lat="28.53227" lon="84.81526">
      <ele>2165.383008000153</ele>
    </rtept>
    <rtept lat="28.5323" lon="84.81517">
      <ele>2166.6686400002377</ele>
    </rtept>
    <rtept lat="28.53231" lon="84.81505">
      <ele>2170.4551200000947</ele>
    </rtept>
    <rtept lat="28.53238" lon="84.81492">
      <ele>2169.091583999996</ele>
    </rtept>
    <rtept lat="28.53239" lon="84.81483">
      <ele>2169.945648000025</ele>
    </rtept>
    <rtept lat="28.53241" lon="84.81464">
      <ele>2171.667136000131</ele>
    </rtept>
    <rtept lat="28.5324" lon="84.81455">
      <ele>2173.7488000001204</ele>
    </rtept>
    <rtept lat="28.53241" lon="84.81441">
      <ele>2174.9567040001957</ele>
    </rtept>
    <rtept lat="28.53244" lon="84.8143599">
      <ele>2172.792047039893</ele>
    </rtept>
    <rtept lat="28.53246" lon="84.81426">
      <ele>2172.118463999905</ele>
    </rtept>
    <rtept lat="28.53244" lon="84.8140899">
      <ele>2175.8381625598718</ele>
    </rtept>
    <rtept lat="28.53245" lon="84.81392">
      <ele>2175.3590399999216</ele>
    </rtept>
    <rtept lat="28.53251" lon="84.81375">
      <ele>2172.978000000114</ele>
    </rtept>
    <rtept lat="28.53267" lon="84.81354">
      <ele>2168.1766080000084</ele>
    </rtept>
    <rtept lat="28.53271" lon="84.81346">
      <ele>2165.520095999852</ele>
    </rtept>
    <rtept lat="28.53262" lon="84.8133">
      <ele>2175.38399999988</ele>
    </rtept>
    <rtept lat="28.53266" lon="84.81318">
      <ele>2173.0799999999745</ele>
    </rtept>
    <rtept lat="28.53289" lon="84.81292">
      <ele>2155.9216960000376</ele>
    </rtept>
    <rtept lat="28.53291" lon="84.8128">
      <ele>2156.664159999987</ele>
    </rtept>
    <rtept lat="28.53295" lon="84.81269">
      <ele>2157.039359999887</ele>
    </rtept>
    <rtept lat="28.53301" lon="84.8126">
      <ele>2156.1883199997665</ele>
    </rtept>
    <rtept lat="28.53302" lon="84.81246">
      <ele>2161.461887999929</ele>
    </rtept>
    <rtept lat="28.53306" lon="84.81241">
      <ele>2159.588160000082</ele>
    </rtept>
    <rtept lat="28.53317" lon="84.81207">
      <ele>2153.2444480001327</ele>
    </rtept>
    <rtept lat="28.53318" lon="84.81191">
      <ele>2153.804415999883</ele>
    </rtept>
    <rtept lat="28.53327" lon="84.81181">
      <ele>2147.025184000009</ele>
    </rtept>
    <rtept lat="28.53331" lon="84.81168">
      <ele>2147.484256000136</ele>
    </rtept>
    <rtept lat="28.53339" lon="84.81159">
      <ele>2148.100048000128</ele>
    </rtept>
    <rtept lat="28.53345" lon="84.8114499">
      <ele>2149.9031944000712</ele>
    </rtept>
    <rtept lat="28.53349" lon="84.81133">
      <ele>2150.6532960000254</ele>
    </rtept>
    <rtept lat="28.53354" lon="84.81101">
      <ele>2154.918656000164</ele>
    </rtept>
    <rtept lat="28.53351" lon="84.81068">
      <ele>2163.775999999919</ele>
    </rtept>
    <rtept lat="28.53345" lon="84.81047">
      <ele>2172.7760800001797</ele>
    </rtept>
    <rtept lat="28.53348" lon="84.81031">
      <ele>2171.556255999919</ele>
    </rtept>
    <rtept lat="28.53362" lon="84.80989">
      <ele>2163.9360000000065</ele>
    </rtept>
    <rtept lat="28.5336" lon="84.8097499">
      <ele>2165.0560864000113</ele>
    </rtept>
    <rtept lat="28.53365" lon="84.8097">
      <ele>2164.0079999998998</ele>
    </rtept>
    <rtept lat="28.53367" lon="84.8095699">
      <ele>2165.155276799984</ele>
    </rtept>
    <rtept lat="28.53362" lon="84.80933">
      <ele>2167.406368000065</ele>
    </rtept>
    <rtept lat="28.5336" lon="84.80906">
      <ele>2168.367359999988</ele>
    </rtept>
    <rtept lat="28.53362" lon="84.80891">
      <ele>2168.5111360000556</ele>
    </rtept>
    <rtept lat="28.53369" lon="84.80884">
      <ele>2167.8100479999202</ele>
    </rtept>
    <rtept lat="28.5337" lon="84.80868">
      <ele>2170.982080000116</ele>
    </rtept>
    <rtept lat="28.53365" lon="84.80841">
      <ele>2180.165120000055</ele>
    </rtept>
    <rtept lat="28.53364" lon="84.80829">
      <ele>2184.1097600001376</ele>
    </rtept>
    <rtept lat="28.53359" lon="84.80813">
      <ele>2192.1589439998365</ele>
    </rtept>
    <rtept lat="28.53363" lon="84.80799">
      <ele>2189.692240000205</ele>
    </rtept>
    <rtept lat="28.53357" lon="84.80789">
      <ele>2192.702495999928</ele>
    </rtept>
    <rtept lat="28.53355" lon="84.80779">
      <ele>2193.0878399997982</ele>
    </rtept>
    <rtept lat="28.53359" lon="84.80765">
      <ele>2188.166959999943</ele>
    </rtept>
    <rtept lat="28.53363" lon="84.80759">
      <ele>2184.1998720001266</ele>
    </rtept>
    <rtept lat="28.53365" lon="84.80743">
      <ele>2184.1454399999852</ele>
    </rtept>
    <rtept lat="28.5337" lon="84.80728">
      <ele>2184.4291199998797</ele>
    </rtept>
    <rtept lat="28.53368" lon="84.80712">
      <ele>2189.389888000008</ele>
    </rtept>
    <rtept lat="28.53362" lon="84.8069">
      <ele>2200.015360000123</ele>
    </rtept>
    <rtept lat="28.53369" lon="84.80656">
      <ele>2200.3564479999113</ele>
    </rtept>
    <rtept lat="28.5337" lon="84.80634">
      <ele>2203.926719999908</ele>
    </rtept>
    <rtept lat="28.53376" lon="84.80635">
      <ele>2199.4958400000264</ele>
    </rtept>
    <rtept lat="28.53384" lon="84.80629">
      <ele>2194.662623999842</ele>
    </rtept>
    <rtept lat="28.53384" lon="84.80577">
      <ele>2203.6069759999705</ele>
    </rtept>
    <rtept lat="28.53387" lon="84.80568">
      <ele>2203.0877120000982</ele>
    </rtept>
    <rtept lat="28.53387" lon="84.80559">
      <ele>2205.503456000105</ele>
    </rtept>
    <rtept lat="28.53392" lon="84.8055399">
      <ele>2204.4295353600605</ele>
    </rtept>
    <rtept lat="28.53393" lon="84.80543">
      <ele>2206.3942079999256</ele>
    </rtept>
    <rtept lat="28.53391" lon="84.80523">
      <ele>2211.0346400001395</ele>
    </rtept>
    <rtept lat="28.53392" lon="84.80513">
      <ele>2212.242079999986</ele>
    </rtept>
    <rtept lat="28.53388" lon="84.80495">
      <ele>2217.408799999909</ele>
    </rtept>
    <rtept lat="28.53388" lon="84.80488">
      <ele>2218.7091200000596</ele>
    </rtept>
    <rtept lat="28.5339" lon="84.80483">
      <ele>2218.4110400001296</ele>
    </rtept>
    <rtept lat="28.53401" lon="84.80482">
      <ele>2212.1349439999894</ele>
    </rtept>
    <rtept lat="28.53399" lon="84.80476">
      <ele>2214.231008000016</ele>
    </rtept>
    <rtept lat="28.53406" lon="84.80459">
      <ele>2212.2492159999283</ele>
    </rtept>
    <rtept lat="28.53404" lon="84.80437">
      <ele>2215.051583999965</ele>
    </rtept>
    <rtept lat="28.53409" lon="84.8043">
      <ele>2212.1289600000478</ele>
    </rtept>
    <rtept lat="28.53412" lon="84.80399">
      <ele>2212.6873919999266</ele>
    </rtept>
    <rtept lat="28.53411" lon="84.8037499">
      <ele>2216.2751534401154</ele>
    </rtept>
    <rtept lat="28.53407" lon="84.80367">
      <ele>2219.90222400005</ele>
    </rtept>
    <rtept lat="28.53411" lon="84.80343">
      <ele>2217.7560320001353</ele>
    </rtept>
    <rtept lat="28.53402" lon="84.80298">
      <ele>2238.383615999909</ele>
    </rtept>
    <rtept lat="28.53395" lon="84.80276">
      <ele>2240.9036800004533</ele>
    </rtept>
    <rtept lat="28.53398" lon="84.80265">
      <ele>2231.572480000001</ele>
    </rtept>
    <rtept lat="28.53387" lon="84.80249">
      <ele>2226.1924159999535</ele>
    </rtept>
    <rtept lat="28.53386" lon="84.8024">
      <ele>2227.388479999925</ele>
    </rtept>
    <rtept lat="28.53387" lon="84.80229">
      <ele>2226.5207359999713</ele>
    </rtept>
    <rtept lat="28.5338" lon="84.80202">
      <ele>2229.3020800000304</ele>
    </rtept>
    <rtept lat="28.53372" lon="84.80192">
      <ele>2233.9704960000145</ele>
    </rtept>
    <rtept lat="28.53366" lon="84.80175">
      <ele>2235.7511999998865</ele>
    </rtept>
    <rtept lat="28.53364" lon="84.80126">
      <ele>2224.0503040000217</ele>
    </rtept>
    <rtept lat="28.53358" lon="84.80115">
      <ele>2222.3489600002654</ele>
    </rtept>
    <rtept lat="28.53361" lon="84.80091">
      <ele>2220.9764160000145</ele>
    </rtept>
    <rtept lat="28.53365" lon="84.80079">
      <ele>2222.514479999742</ele>
    </rtept>
    <rtept lat="28.53363" lon="84.80061">
      <ele>2229.39998399983</ele>
    </rtept>
    <rtept lat="28.53358" lon="84.8004799">
      <ele>2235.461474559969</ele>
    </rtept>
    <rtept lat="28.53366" lon="84.80037">
      <ele>2232.5592959999412</ele>
    </rtept>
    <rtept lat="28.5337" lon="84.80026">
      <ele>2231.3663999998676</ele>
    </rtept>
    <rtept lat="28.53364" lon="84.80004">
      <ele>2227.3891199999202</ele>
    </rtept>
    <rtept lat="28.53365" lon="84.79976">
      <ele>2221.68096000007</ele>
    </rtept>
    <rtept lat="28.53367" lon="84.79969">
      <ele>2221.2788160000223</ele>
    </rtept>
    <rtept lat="28.53359" lon="84.79956">
      <ele>2229.095775999975</ele>
    </rtept>
    <rtept lat="28.53355" lon="84.79918">
      <ele>2239.4607999997365</ele>
    </rtept>
    <rtept lat="28.53351" lon="84.79905">
      <ele>2243.0799999999854</ele>
    </rtept>
    <rtept lat="28.53353" lon="84.7989">
      <ele>2239.840000000137</ele>
    </rtept>
    <rtept lat="28.53352" lon="84.79867">
      <ele>2241.369536000069</ele>
    </rtept>
    <rtept lat="28.53354" lon="84.79855">
      <ele>2239.3624000001478</ele>
    </rtept>
    <rtept lat="28.53358" lon="84.79848">
      <ele>2235.455679999945</ele>
    </rtept>
    <rtept lat="28.53362" lon="84.79838">
      <ele>2232.6295040000377</ele>
    </rtept>
    <rtept lat="28.53361" lon="84.7981">
      <ele>2233.096000000047</ele>
    </rtept>
    <rtept lat="28.53359" lon="84.79799">
      <ele>2234.988255999983</ele>
    </rtept>
    <rtept lat="28.53339" lon="84.7977499">
      <ele>2250.044847839956</ele>
    </rtept>
    <rtept lat="28.53336" lon="84.79763">
      <ele>2252.109792000087</ele>
    </rtept>
    <rtept lat="28.53341" lon="84.7974799">
      <ele>2250.5434968000027</ele>
    </rtept>
    <rtept lat="28.53346" lon="84.79743">
      <ele>2249.218559999929</ele>
    </rtept>
    <rtept lat="28.53348" lon="84.79738">
      <ele>2248.956479999956</ele>
    </rtept>
    <rtept lat="28.53341" lon="84.79729">
      <ele>2250.8032799999955</ele>
    </rtept>
    <rtept lat="28.53343" lon="84.79723">
      <ele>2250.5872800000147</ele>
    </rtept>
    <rtept lat="28.53343" lon="84.79714">
      <ele>2249.7200000000003</ele>
    </rtept>
    <rtept lat="28.5334" lon="84.79703">
      <ele>2248.9640000000663</ele>
    </rtept>
    <rtept lat="28.53344" lon="84.797">
      <ele>2248.0639999999853</ele>
    </rtept>
    <rtept lat="28.53347" lon="84.79694">
      <ele>2247.0563839999472</ele>
    </rtept>
    <rtept lat="28.53344" lon="84.79691">
      <ele>2247.6931520000394</ele>
    </rtept>
    <rtept lat="28.53343" lon="84.79676">
      <ele>2248.906783999975</ele>
    </rtept>
    <rtept lat="28.5333" lon="84.79658">
      <ele>2255.1574399999467</ele>
    </rtept>
    <rtept lat="28.53322" lon="84.7965399">
      <ele>2262.794194879999</ele>
    </rtept>
    <rtept lat="28.53324" lon="84.79641">
      <ele>2261.0464640000746</ele>
    </rtept>
    <rtept lat="28.53349" lon="84.79617">
      <ele>2252.2052959999783</ele>
    </rtept>
    <rtept lat="28.53353" lon="84.79618">
      <ele>2252.1812479999476</ele>
    </rtept>
    <rtept lat="28.53353" lon="84.79604">
      <ele>2254.0627519999025</ele>
    </rtept>
    <rtept lat="28.53359" lon="84.79589">
      <ele>2256.9644960000014</ele>
    </rtept>
    <rtept lat="28.53359" lon="84.79573">
      <ele>2259.087727999937</ele>
    </rtept>
    <rtept lat="28.53362" lon="84.79565">
      <ele>2260.1502400000395</ele>
    </rtept>
    <rtept lat="28.53358" lon="84.79529">
      <ele>2261.7369280000225</ele>
    </rtept>
    <rtept lat="28.53353" lon="84.79508">
      <ele>2262.543808000006</ele>
    </rtept>
    <rtept lat="28.53354" lon="84.79456">
      <ele>2270.1029759998673</ele>
    </rtept>
    <rtept lat="28.53349" lon="84.79433">
      <ele>2274.4727359999647</ele>
    </rtept>
    <rtept lat="28.53338" lon="84.79418">
      <ele>2274.255872000088</ele>
    </rtept>
    <rtept lat="28.53328" lon="84.79398">
      <ele>2272.1959040000347</ele>
    </rtept>
    <rtept lat="28.53325" lon="84.79373">
      <ele>2274.3600000000843</ele>
    </rtept>
    <rtept lat="28.53326" lon="84.79351">
      <ele>2276.8761920000434</ele>
    </rtept>
    <rtept lat="28.53333" lon="84.79336">
      <ele>2275.985695999988</ele>
    </rtept>
    <rtept lat="28.53331" lon="84.79297">
      <ele>2273.482384000007</ele>
    </rtept>
    <rtept lat="28.53337" lon="84.79271">
      <ele>2276.2913760000415</ele>
    </rtept>
    <rtept lat="28.53347" lon="84.79242">
      <ele>2281.4012160000616</ele>
    </rtept>
    <rtept lat="28.53356" lon="84.79224">
      <ele>2280.208896000079</ele>
    </rtept>
    <rtept lat="28.53364" lon="84.79177">
      <ele>2278.9973759999007</ele>
    </rtept>
    <rtept lat="28.53373" lon="84.79136">
      <ele>2288.666463999981</ele>
    </rtept>
    <rtept lat="28.53372" lon="84.79079">
      <ele>2294.7526079999616</ele>
    </rtept>
    <rtept lat="28.5337" lon="84.79067">
      <ele>2295.260639999941</ele>
    </rtept>
    <rtept lat="28.53363" lon="84.79061">
      <ele>2293.4306879999535</ele>
    </rtept>
    <rtept lat="28.53361" lon="84.7905">
      <ele>2293.973600000086</ele>
    </rtept>
    <rtept lat="28.53373" lon="84.79045">
      <ele>2298.5294399998693</ele>
    </rtept>
    <rtept lat="28.5338" lon="84.79038">
      <ele>2301.240959999992</ele>
    </rtept>
    <rtept lat="28.53387" lon="84.79027">
      <ele>2303.562096000033</ele>
    </rtept>
    <rtept lat="28.53414" lon="84.78959">
      <ele>2309.8427840000886</ele>
    </rtept>
    <rtept lat="28.53421" lon="84.78921">
      <ele>2308.1146560000957</ele>
    </rtept>
    <rtept lat="28.53421" lon="84.78907">
      <ele>2307.936000000152</ele>
    </rtept>
    <rtept lat="28.53424" lon="84.7889">
      <ele>2311.0320000000456</ele>
    </rtept>
    <rtept lat="28.53451" lon="84.78861">
      <ele>2324.142336000322</ele>
    </rtept>
    <rtept lat="28.53454" lon="84.78854">
      <ele>2323.2236159998715</ele>
    </rtept>
    <rtept lat="28.53462" lon="84.78848">
      <ele>2325.9221760003898</ele>
    </rtept>
    <rtept lat="28.53466" lon="84.78838">
      <ele>2323.046208000136</ele>
    </rtept>
    <rtept lat="28.53468" lon="84.78805">
      <ele>2317.368480000015</ele>
    </rtept>
    <rtept lat="28.5348" lon="84.788">
      <ele>2320.199999999971</ele>
    </rtept>
    <rtept lat="28.53479" lon="84.78795">
      <ele>2319.080399999957</ele>
    </rtept>
    <rtept lat="28.53473" lon="84.78789">
      <ele>2316.436560000041</ele>
    </rtept>
    <rtept lat="28.53475" lon="84.78785">
      <ele>2316.5100000000466</ele>
    </rtept>
    <rtept lat="28.53485" lon="84.7878999">
      <ele>2320.0900919999513</ele>
    </rtept>
    <rtept lat="28.53486" lon="84.78785">
      <ele>2319.4008000000717</ele>
    </rtept>
    <rtept lat="28.53459" lon="84.78752">
      <ele>2330.2966399999027</ele>
    </rtept>
    <rtept lat="28.53456" lon="84.78753">
      <ele>2331.1966399998646</ele>
    </rtept>
    <rtept lat="28.53447" lon="84.7876">
      <ele>2331.5696000001685</ele>
    </rtept>
    <rtept lat="28.53444" lon="84.78761">
      <ele>2332.3606719999534</ele>
    </rtept>
    <rtept lat="28.53442" lon="84.78747">
      <ele>2341.381984000015</ele>
    </rtept>
    <rtept lat="28.53446" lon="84.7873199">
      <ele>2348.1488873600442</ele>
    </rtept>
    <rtept lat="28.53444" lon="84.78724">
      <ele>2354.1400960001774</ele>
    </rtept>
    <rtept lat="28.53445" lon="84.78719">
      <ele>2355.9336800002034</ele>
    </rtept>
    <rtept lat="28.53448" lon="84.78715">
      <ele>2355.6507200002125</ele>
    </rtept>
    <rtept lat="28.53446" lon="84.78707">
      <ele>2360.0453120000498</ele>
    </rtept>
    <rtept lat="28.5345" lon="84.78704">
      <ele>2358.6847999997376</ele>
    </rtept>
    <rtept lat="28.53452" lon="84.7869">
      <ele>2362.281599999891</ele>
    </rtept>
    <rtept lat="28.53458" lon="84.78686">
      <ele>2359.7817599999703</ele>
    </rtept>
    <rtept lat="28.53461" lon="84.78681">
      <ele>2359.6183199998745</ele>
    </rtept>
    <rtept lat="28.53482" lon="84.78668">
      <ele>2353.577791999861</ele>
    </rtept>
    <rtept lat="28.53484" lon="84.78663">
      <ele>2355.307999999899</ele>
    </rtept>
    <rtept lat="28.53484" lon="84.78637">
      <ele>2371.622015999625</ele>
    </rtept>
    <rtept lat="28.53486" lon="84.78628">
      <ele>2377.698815999718</ele>
    </rtept>
    <rtept lat="28.53494" lon="84.78618">
      <ele>2379.005183999981</ele>
    </rtept>
    <rtept lat="28.53495" lon="84.78612">
      <ele>2382.0988800003533</ele>
    </rtept>
    <rtept lat="28.53496" lon="84.78592">
      <ele>2391.8713599995936</ele>
    </rtept>
    <rtept lat="28.53499" lon="84.7858">
      <ele>2394.5560000001733</ele>
    </rtept>
    <rtept lat="28.53499" lon="84.78568">
      <ele>2399.7399999999743</ele>
    </rtept>
    <rtept lat="28.53504" lon="84.7856">
      <ele>2399.2691200000045</ele>
    </rtept>
    <rtept lat="28.53507" lon="84.78547">
      <ele>2403.883071999703</ele>
    </rtept>
    <rtept lat="28.53507" lon="84.78527">
      <ele>2415.30116800003</ele>
    </rtept>
    <rtept lat="28.535" lon="84.78532">
      <ele>2419.264000000069</ele>
    </rtept>
    <rtept lat="28.53513" lon="84.78506">
      <ele>2419.404736000049</ele>
    </rtept>
    <rtept lat="28.53515" lon="84.78492">
      <ele>2422.8731199998797</ele>
    </rtept>
    <rtept lat="28.53522" lon="84.78474">
      <ele>2423.3278720001003</ele>
    </rtept>
    <rtept lat="28.53524" lon="84.78427">
      <ele>2435.0089599997814</ele>
    </rtept>
    <rtept lat="28.53521" lon="84.78413">
      <ele>2439.296415999916</ele>
    </rtept>
    <rtept lat="28.53524" lon="84.78403">
      <ele>2440.445823999902</ele>
    </rtept>
    <rtept lat="28.53524" lon="84.78393">
      <ele>2442.7037439999726</ele>
    </rtept>
    <rtept lat="28.5353" lon="84.78384">
      <ele>2442.2496000001092</ele>
    </rtept>
    <rtept lat="28.53532" lon="84.78374">
      <ele>2444.216640000279</ele>
    </rtept>
    <rtept lat="28.53536" lon="84.78366">
      <ele>2443.692480000018</ele>
    </rtept>
    <rtept lat="28.53539" lon="84.7834">
      <ele>2447.5902400000177</ele>
    </rtept>
    <rtept lat="28.53543" lon="84.78332">
      <ele>2446.9378239998373</ele>
    </rtept>
    <rtept lat="28.53546" lon="84.7830199">
      <ele>2451.478170879992</ele>
    </rtept>
    <rtept lat="28.53553" lon="84.78278">
      <ele>2451.6268479998794</ele>
    </rtept>
    <rtept lat="28.53559" lon="84.78267">
      <ele>2451.3082240001163</ele>
    </rtept>
    <rtept lat="28.53565" lon="84.78259">
      <ele>2451.4556800000123</ele>
    </rtept>
    <rtept lat="28.53577" lon="84.78249">
      <ele>2450.952832000169</ele>
    </rtept>
    <rtept lat="28.53592" lon="84.78224">
      <ele>2456.78003199994</ele>
    </rtept>
    <rtept lat="28.53606" lon="84.7822">
      <ele>2457.182719999895</ele>
    </rtept>
    <rtept lat="28.53609" lon="84.78214">
      <ele>2459.1344960000497</ele>
    </rtept>
    <rtept lat="28.53612" lon="84.78196">
      <ele>2465.4080000000713</ele>
    </rtept>
    <rtept lat="28.53615" lon="84.78192">
      <ele>2466.652000000017</ele>
    </rtept>
    <rtept lat="28.5362" lon="84.78192">
      <ele>2466.4720000000107</ele>
    </rtept>
    <rtept lat="28.53624" lon="84.78183">
      <ele>2469.244000000021</ele>
    </rtept>
    <rtept lat="28.53639" lon="84.78169">
      <ele>2473.249312000083</ele>
    </rtept>
    <rtept lat="28.53642" lon="84.78159">
      <ele>2476.7080000001843</ele>
    </rtept>
    <rtept lat="28.53647" lon="84.78153">
      <ele>2479.011999999893</ele>
    </rtept>
    <rtept lat="28.53658" lon="84.78145">
      <ele>2482.39599999979</ele>
    </rtept>
    <rtept lat="28.53672" lon="84.78144">
      <ele>2482.6620159998934</ele>
    </rtept>
    <rtept lat="28.53675" lon="84.78139">
      <ele>2484.060399999923</ele>
    </rtept>
    <rtept lat="28.53675" lon="84.78133">
      <ele>2486.135200000092</ele>
    </rtept>
    <rtept lat="28.53678" lon="84.78124">
      <ele>2489.0373760001107</ele>
    </rtept>
    <rtept lat="28.53681" lon="84.7812">
      <ele>2490.273760000063</ele>
    </rtept>
    <rtept lat="28.53687" lon="84.78119">
      <ele>2490.2962240001825</ele>
    </rtept>
    <rtept lat="28.53692" lon="84.78122">
      <ele>2488.8449919998247</ele>
    </rtept>
    <rtept lat="28.53701" lon="84.78116">
      <ele>2489.259072000043</ele>
    </rtept>
    <rtept lat="28.53707" lon="84.78115">
      <ele>2487.9705600001225</ele>
    </rtept>
    <rtept lat="28.53718" lon="84.78109">
      <ele>2486.642207999897</ele>
    </rtept>
    <rtept lat="28.53726" lon="84.78102">
      <ele>2486.1384320000393</ele>
    </rtept>
    <rtept lat="28.53737" lon="84.78091">
      <ele>2487.500671999858</ele>
    </rtept>
    <rtept lat="28.53745" lon="84.7808699">
      <ele>2488.0900208000307</ele>
    </rtept>
    <rtept lat="28.53759" lon="84.78083">
      <ele>2488.4317760001204</ele>
    </rtept>
    <rtept lat="28.53773" lon="84.78065">
      <ele>2492.3969600001597</ele>
    </rtept>
    <rtept lat="28.53781" lon="84.78042">
      <ele>2498.7258239998027</ele>
    </rtept>
    <rtept lat="28.53792" lon="84.78019">
      <ele>2505.5279999998675</ele>
    </rtept>
    <rtept lat="28.53794" lon="84.78008">
      <ele>2508.6960000000545</ele>
    </rtept>
    <rtept lat="28.53792" lon="84.7800199">
      <ele>2510.426880000021</ele>
    </rtept>
    <rtept lat="28.53798" lon="84.77996">
      <ele>2511.6151679999575</ele>
    </rtept>
    <rtept lat="28.53801" lon="84.77987">
      <ele>2512.9487519999616</ele>
    </rtept>
    <rtept lat="28.53801" lon="84.7798">
      <ele>2513.9980800000826</ele>
    </rtept>
    <rtept lat="28.53807" lon="84.77969">
      <ele>2515.8601919999264</ele>
    </rtept>
    <rtept lat="28.53822" lon="84.77949">
      <ele>2523.4734720001707</ele>
    </rtept>
    <rtept lat="28.53828" lon="84.77945">
      <ele>2525.975040000139</ele>
    </rtept>
    <rtept lat="28.53841" lon="84.77941">
      <ele>2528.5506720000176</ele>
    </rtept>
    <rtept lat="28.53855" lon="84.7794">
      <ele>2530.5144000001287</ele>
    </rtept>
    <rtept lat="28.53856" lon="84.77938">
      <ele>2531.175935999917</ele>
    </rtept>
    <rtept lat="28.53848" lon="84.77919">
      <ele>2534.6149440000004</ele>
    </rtept>
    <rtept lat="28.53851" lon="84.7791699">
      <ele>2535.7355908799873</ele>
    </rtept>
    <rtept lat="28.53872" lon="84.77928">
      <ele>2536.304000000021</ele>
    </rtept>
    <rtept lat="28.5388" lon="84.77931">
      <ele>2536.5920000001106</ele>
    </rtept>
    <rtept lat="28.53891" lon="84.77927">
      <ele>2538.9869120000935</ele>
    </rtept>
    <rtept lat="28.53905" lon="84.7792">
      <ele>2541.341599999888</ele>
    </rtept>
    <rtept lat="28.53912" lon="84.77923">
      <ele>2540.2492160000716</ele>
    </rtept>
    <rtept lat="28.53921" lon="84.7791">
      <ele>2542.8766399999836</ele>
    </rtept>
    <rtept lat="28.53935" lon="84.7790799">
      <ele>2537.8434656000736</ele>
    </rtept>
    <rtept lat="28.53938" lon="84.77903">
      <ele>2538.727135999708</ele>
    </rtept>
    <rtept lat="28.53949" lon="84.77906">
      <ele>2533.3506879999063</ele>
    </rtept>
    <rtept lat="28.53955" lon="84.77904">
      <ele>2532.4806400003813</ele>
    </rtept>
    <rtept lat="28.53954" lon="84.77896">
      <ele>2537.8391680001605</ele>
    </rtept>
    <rtept lat="28.53961" lon="84.77888">
      <ele>2542.3704319999406</ele>
    </rtept>
    <rtept lat="28.53968" lon="84.77887">
      <ele>2542.601984000157</ele>
    </rtept>
    <rtept lat="28.53972" lon="84.7788">
      <ele>2547.4006399997224</ele>
    </rtept>
    <rtept lat="28.53981" lon="84.77876">
      <ele>2549.8856319996544</ele>
    </rtept>
    <rtept lat="28.53987" lon="84.7787">
      <ele>2553.131679999955</ele>
    </rtept>
    <rtept lat="28.53992" lon="84.77864">
      <ele>2555.8783360002494</ele>
    </rtept>
    <rtept lat="28.53999" lon="84.7786">
      <ele>2556.7756800001566</ele>
    </rtept>
    <rtept lat="28.53999" lon="84.77855">
      <ele>2559.456240000241</ele>
    </rtept>
    <rtept lat="28.54003" lon="84.77849">
      <ele>2560.399439999608</ele>
    </rtept>
    <rtept lat="28.54013" lon="84.77844">
      <ele>2556.385439999703</ele>
    </rtept>
    <rtept lat="28.54016" lon="84.77839">
      <ele>2557.560479999878</ele>
    </rtept>
    <rtept lat="28.54016" lon="84.77833">
      <ele>2561.4211200001932</ele>
    </rtept>
    <rtept lat="28.5402" lon="84.77826">
      <ele>2563.828799999861</ele>
    </rtept>
    <rtept lat="28.54023" lon="84.77818">
      <ele>2568.118559999504</ele>
    </rtept>
    <rtept lat="28.54028" lon="84.77811">
      <ele>2571.5680000001958</ele>
    </rtept>
    <rtept lat="28.54035" lon="84.77808">
      <ele>2570.1639999997788</ele>
    </rtept>
    <rtept lat="28.54043" lon="84.77799">
      <ele>2571.2812959998328</ele>
    </rtept>
    <rtept lat="28.54048" lon="84.7779">
      <ele>2574.0937599999097</ele>
    </rtept>
    <rtept lat="28.54052" lon="84.77773">
      <ele>2581.805919999778</ele>
    </rtept>
    <rtept lat="28.54061" lon="84.77769">
      <ele>2581.537551999678</ele>
    </rtept>
    <rtept lat="28.54081" lon="84.77751">
      <ele>2589.3731679995867</ele>
    </rtept>
    <rtept lat="28.54089" lon="84.77743">
      <ele>2591.645632000203</ele>
    </rtept>
    <rtept lat="28.54091" lon="84.77736">
      <ele>2594.6244159999164</ele>
    </rtept>
    <rtept lat="28.54097" lon="84.7772899">
      <ele>2596.8931964799926</ele>
    </rtept>
    <rtept lat="28.54102" lon="84.77719">
      <ele>2600.9577599998197</ele>
    </rtept>
    <rtept lat="28.54106" lon="84.77705">
      <ele>2606.409599999872</ele>
    </rtept>
    <rtept lat="28.54108" lon="84.77688">
      <ele>2611.953983999917</ele>
    </rtept>
    <rtept lat="28.54104" lon="84.77682">
      <ele>2612.906687999992</ele>
    </rtept>
    <rtept lat="28.54105" lon="84.77663">
      <ele>2615.864160000055</ele>
    </rtept>
    <rtept lat="28.54102" lon="84.7765">
      <ele>2618.5152000000307</ele>
    </rtept>
    <rtept lat="28.54098" lon="84.77642">
      <ele>2620.700543999946</ele>
    </rtept>
    <rtept lat="28.54098" lon="84.7761699">
      <ele>2628.8273459199977</ele>
    </rtept>
    <rtept lat="28.54101" lon="84.77607">
      <ele>2631.9463839998175</ele>
    </rtept>
    <rtept lat="28.5411" lon="84.77588">
      <ele>2638.9561599999615</ele>
    </rtept>
    <rtept lat="28.54113" lon="84.77577">
      <ele>2641.92300800015</ele>
    </rtept>
    <rtept lat="28.54115" lon="84.77544">
      <ele>2647.7310400000015</ele>
    </rtept>
    <rtept lat="28.54132" lon="84.77497">
      <ele>2649.7723520001946</ele>
    </rtept>
    <rtept lat="28.54137" lon="84.77491">
      <ele>2649.0020959997837</ele>
    </rtept>
    <rtept lat="28.54146" lon="84.77469">
      <ele>2652.826303999737</ele>
    </rtept>
    <rtept lat="28.54151" lon="84.7745">
      <ele>2657.7271999999293</ele>
    </rtept>
    <rtept lat="28.54164" lon="84.77425">
      <ele>2659.591200000093</ele>
    </rtept>
    <rtept lat="28.54169" lon="84.7741">
      <ele>2660.540159999984</ele>
    </rtept>
    <rtept lat="28.54172" lon="84.77383">
      <ele>2663.0694079998525</ele>
    </rtept>
    <rtept lat="28.54175" lon="84.77377">
      <ele>2661.8407999999845</ele>
    </rtept>
    <rtept lat="28.54177" lon="84.77366">
      <ele>2662.0170559999324</ele>
    </rtept>
    <rtept lat="28.54175" lon="84.77356">
      <ele>2664.9487999999046</ele>
    </rtept>
    <rtept lat="28.54181" lon="84.77349">
      <ele>2662.6190239999887</ele>
    </rtept>
    <rtept lat="28.54183" lon="84.77343">
      <ele>2662.532623999847</ele>
    </rtept>
    <rtept lat="28.54178" lon="84.7734">
      <ele>2666.313920000144</ele>
    </rtept>
    <rtept lat="28.54178" lon="84.7732599">
      <ele>2669.290802240063</ele>
    </rtept>
    <rtept lat="28.54197" lon="84.77301">
      <ele>2660.494880000053</ele>
    </rtept>
    <rtept lat="28.54203" lon="84.77279">
      <ele>2659.4004799999816</ele>
    </rtept>
    <rtept lat="28.54208" lon="84.77274">
      <ele>2659.4657920000864</ele>
    </rtept>
    <rtept lat="28.5421" lon="84.77269">
      <ele>2660.5662400000456</ele>
    </rtept>
    <rtept lat="28.54209" lon="84.77258">
      <ele>2664.8254719997485</ele>
    </rtept>
    <rtept lat="28.54215" lon="84.77243">
      <ele>2666.303200000036</ele>
    </rtept>
    <rtept lat="28.54225" lon="84.77235">
      <ele>2662.313999999979</ele>
    </rtept>
    <rtept lat="28.54227" lon="84.77225">
      <ele>2663.20680000005</ele>
    </rtept>
    <rtept lat="28.54234" lon="84.77207">
      <ele>2667.337888000052</ele>
    </rtept>
    <rtept lat="28.54231" lon="84.77203">
      <ele>2670.1559679999423</ele>
    </rtept>
    <rtept lat="28.54239" lon="84.77193">
      <ele>2670.240592000066</ele>
    </rtept>
    <rtept lat="28.5425" lon="84.77187">
      <ele>2667.4839999996675</ele>
    </rtept>
    <rtept lat="28.54255" lon="84.77182">
      <ele>2668.8620799997934</ele>
    </rtept>
    <rtept lat="28.5426" lon="84.77173">
      <ele>2671.7622399997786</ele>
    </rtept>
    <rtept lat="28.5426" lon="84.77166">
      <ele>2674.8208000001428</ele>
    </rtept>
    <rtept lat="28.54266" lon="84.77155">
      <ele>2678.4783999997267</ele>
    </rtept>
    <rtept lat="28.54278" lon="84.7712899">
      <ele>2684.839407360011</ele>
    </rtept>
    <rtept lat="28.5428" lon="84.77122">
      <ele>2686.822080000027</ele>
    </rtept>
    <rtept lat="28.54294" lon="84.77106">
      <ele>2686.633279999758</ele>
    </rtept>
    <rtept lat="28.54307" lon="84.77082">
      <ele>2690.665983999975</ele>
    </rtept>
    <rtept lat="28.54322" lon="84.7707">
      <ele>2687.6886399997416</ele>
    </rtept>
    <rtept lat="28.54338" lon="84.7706199">
      <ele>2683.4155734400665</ele>
    </rtept>
    <rtept lat="28.54339" lon="84.77058">
      <ele>2684.6261440002845</ele>
    </rtept>
    <rtept lat="28.54348" lon="84.77058">
      <ele>2679.356608000292</ele>
    </rtept>
    <rtept lat="28.54353" lon="84.7705299">
      <ele>2678.4762708799826</ele>
    </rtept>
    <rtept lat="28.54357" lon="84.7706">
      <ele>2673.039039999968</ele>
    </rtept>
    <rtept lat="28.54369" lon="84.77057">
      <ele>2667.63169599954</ele>
    </rtept>
    <rtept lat="28.54383" lon="84.77041">
      <ele>2665.108000000067</ele>
    </rtept>
    <rtept lat="28.5439" lon="84.7705299">
      <ele>2657.0460175999606</ele>
    </rtept>
    <rtept lat="28.54393" lon="84.77091">
      <ele>2630.8513919999705</ele>
    </rtept>
    <rtept lat="28.54395" lon="84.77095">
      <ele>2626.8096000001283</ele>
    </rtept>
    <rtept lat="28.54409" lon="84.77089">
      <ele>2622.9987840003314</ele>
    </rtept>
    <rtept lat="28.54419" lon="84.77081">
      <ele>2621.832000000123</ele>
    </rtept>
    <rtept lat="28.54423" lon="84.77075">
      <ele>2622.623999999703</ele>
    </rtept>
    <rtept lat="28.54447" lon="84.7705">
      <ele>2620.1256000000203</ele>
    </rtept>
    <rtept lat="28.54476" lon="84.77036">
      <ele>2605.2949760000993</ele>
    </rtept>
  </rte>
  <rte>
    <name>Manaslu Trek - Day 7</name>
    <rtept lat="28.54491" lon="84.77022">
      <ele>2602.175040000185</ele>
    </rtept>
    <rtept lat="28.54497" lon="84.77007">
      <ele>2607.292079999806</ele>
    </rtept>
    <rtept lat="28.54505" lon="84.77007">
      <ele>2602.909439999789</ele>
    </rtept>
    <rtept lat="28.54517" lon="84.76983">
      <ele>2604.5923680001183</ele>
    </rtept>
    <rtept lat="28.54526" lon="84.76958">
      <ele>2604.219391999968</ele>
    </rtept>
    <rtept lat="28.54526" lon="84.76949">
      <ele>2606.038975999964</ele>
    </rtept>
    <rtept lat="28.54537" lon="84.76933">
      <ele>2601.867216000151</ele>
    </rtept>
    <rtept lat="28.54544" lon="84.76926">
      <ele>2598.3402240000137</ele>
    </rtept>
    <rtept lat="28.5455" lon="84.76922">
      <ele>2594.985599999915</ele>
    </rtept>
    <rtept lat="28.54556" lon="84.7691399">
      <ele>2591.9702617600947</ele>
    </rtept>
    <rtept lat="28.54557" lon="84.76889">
      <ele>2593.3157919999408</ele>
    </rtept>
    <rtept lat="28.54547" lon="84.76869">
      <ele>2597.6378879999684</ele>
    </rtept>
    <rtept lat="28.54539" lon="84.76867">
      <ele>2601.465407999945</ele>
    </rtept>
    <rtept lat="28.54531" lon="84.76852">
      <ele>2603.1799999999016</ele>
    </rtept>
    <rtept lat="28.54541" lon="84.7683">
      <ele>2595.5719999999556</ele>
    </rtept>
    <rtept lat="28.54536" lon="84.76804">
      <ele>2596.2805760000656</ele>
    </rtept>
    <rtept lat="28.5453" lon="84.76789">
      <ele>2600.1996799999993</ele>
    </rtept>
    <rtept lat="28.54532" lon="84.76778">
      <ele>2600.1587839999734</ele>
    </rtept>
    <rtept lat="28.54526" lon="84.76754">
      <ele>2602.7040000000407</ele>
    </rtept>
    <rtept lat="28.54513" lon="84.76731">
      <ele>2601.011999999803</ele>
    </rtept>
    <rtept lat="28.54526" lon="84.76708">
      <ele>2591.516160000091</ele>
    </rtept>
    <rtept lat="28.54534" lon="84.767">
      <ele>2590.310399999978</ele>
    </rtept>
    <rtept lat="28.54531" lon="84.76695">
      <ele>2590.0353599999635</ele>
    </rtept>
    <rtept lat="28.5452" lon="84.76689">
      <ele>2592.9971199998886</ele>
    </rtept>
    <rtept lat="28.54517" lon="84.76685">
      <ele>2594.5760799999016</ele>
    </rtept>
    <rtept lat="28.54516" lon="84.76674">
      <ele>2597.3839360000475</ele>
    </rtept>
    <rtept lat="28.54548" lon="84.76638">
      <ele>2603.330816000098</ele>
    </rtept>
    <rtept lat="28.54559" lon="84.76634">
      <ele>2603.414879999994</ele>
    </rtept>
    <rtept lat="28.54573" lon="84.76624">
      <ele>2602.7049600002083</ele>
    </rtept>
    <rtept lat="28.54582" lon="84.7662299">
      <ele>2599.292966400079</ele>
    </rtept>
    <rtept lat="28.54591" lon="84.76618">
      <ele>2598.65644799982</ele>
    </rtept>
    <rtept lat="28.54604" lon="84.76594">
      <ele>2607.2044799999203</ele>
    </rtept>
    <rtept lat="28.54618" lon="84.76582">
      <ele>2609.1724799997546</ele>
    </rtept>
    <rtept lat="28.5462" lon="84.7657399">
      <ele>2612.5872240000394</ele>
    </rtept>
    <rtept lat="28.54628" lon="84.7657">
      <ele>2612.092800000219</ele>
    </rtept>
    <rtept lat="28.54633" lon="84.76559">
      <ele>2614.9605599998363</ele>
    </rtept>
    <rtept lat="28.54652" lon="84.7654699">
      <ele>2612.435943679991</ele>
    </rtept>
    <rtept lat="28.54683" lon="84.76533">
      <ele>2607.560719999645</ele>
    </rtept>
    <rtept lat="28.54711" lon="84.7651">
      <ele>2608.828799999729</ele>
    </rtept>
    <rtept lat="28.54734" lon="84.76482">
      <ele>2611.9539840000966</ele>
    </rtept>
    <rtept lat="28.5475" lon="84.76451">
      <ele>2622.5719999999337</ele>
    </rtept>
    <rtept lat="28.54759" lon="84.76437">
      <ele>2622.698832000091</ele>
    </rtept>
    <rtept lat="28.54772" lon="84.76431">
      <ele>2611.619328000204</ele>
    </rtept>
    <rtept lat="28.54785" lon="84.76411">
      <ele>2618.3775999997774</ele>
    </rtept>
    <rtept lat="28.54795" lon="84.76393">
      <ele>2627.521599999835</ele>
    </rtept>
    <rtept lat="28.54805" lon="84.76387">
      <ele>2624.5519200001772</ele>
    </rtept>
    <rtept lat="28.54817" lon="84.76383">
      <ele>2618.7760000001576</ele>
    </rtept>
    <rtept lat="28.54832" lon="84.76356">
      <ele>2625.3726720000986</ele>
    </rtept>
    <rtept lat="28.54851" lon="84.76344">
      <ele>2618.4168959998156</ele>
    </rtept>
    <rtept lat="28.54863" lon="84.76333">
      <ele>2615.63518400022</ele>
    </rtept>
    <rtept lat="28.54873" lon="84.76312">
      <ele>2623.7672959999895</ele>
    </rtept>
    <rtept lat="28.54881" lon="84.763">
      <ele>2627.0991999997736</ele>
    </rtept>
    <rtept lat="28.5491" lon="84.76287">
      <ele>2626.3732799997765</ele>
    </rtept>
    <rtept lat="28.54925" lon="84.76275">
      <ele>2626.8700000000604</ele>
    </rtept>
    <rtept lat="28.54941" lon="84.7625599">
      <ele>2627.547420639973</ele>
    </rtept>
    <rtept lat="28.54952" lon="84.7624">
      <ele>2628.111679999992</ele>
    </rtept>
    <rtept lat="28.54968" lon="84.76225">
      <ele>2629.5128000001328</ele>
    </rtept>
    <rtept lat="28.55002" lon="84.76197">
      <ele>2631.4746239999076</ele>
    </rtept>
    <rtept lat="28.55018" lon="84.76168">
      <ele>2634.489792000022</ele>
    </rtept>
    <rtept lat="28.55018" lon="84.76159">
      <ele>2634.566304</ele>
    </rtept>
    <rtept lat="28.5505" lon="84.76139">
      <ele>2630.807200000044</ele>
    </rtept>
    <rtept lat="28.55096" lon="84.76103">
      <ele>2635.6445439998947</ele>
    </rtept>
    <rtept lat="28.55164" lon="84.76058">
      <ele>2641.055551999771</ele>
    </rtept>
    <rtept lat="28.55186" lon="84.76056">
      <ele>2641.1642240000547</ele>
    </rtept>
    <rtept lat="28.55207" lon="84.76047">
      <ele>2643.0263520000285</ele>
    </rtept>
    <rtept lat="28.55216" lon="84.7604">
      <ele>2644.0483199999603</ele>
    </rtept>
    <rtept lat="28.55225" lon="84.76027">
      <ele>2645.1371999999033</ele>
    </rtept>
    <rtept lat="28.55237" lon="84.76019">
      <ele>2646.4118880000906</ele>
    </rtept>
    <rtept lat="28.55258" lon="84.76024">
      <ele>2643.030336000096</ele>
    </rtept>
    <rtept lat="28.55267" lon="84.76014">
      <ele>2642.083103999895</ele>
    </rtept>
    <rtept lat="28.55273" lon="84.76007">
      <ele>2641.7786880000135</ele>
    </rtept>
    <rtept lat="28.55277" lon="84.75994">
      <ele>2643.732192000025</ele>
    </rtept>
    <rtept lat="28.55284" lon="84.75982">
      <ele>2644.005695999896</ele>
    </rtept>
    <rtept lat="28.55286" lon="84.75954">
      <ele>2648.7542400000434</ele>
    </rtept>
    <rtept lat="28.55292" lon="84.75933">
      <ele>2645.7359999999762</ele>
    </rtept>
    <rtept lat="28.55297" lon="84.75922">
      <ele>2641.776000000125</ele>
    </rtept>
    <rtept lat="28.55304" lon="84.75912">
      <ele>2637.090816000134</ele>
    </rtept>
    <rtept lat="28.55309" lon="84.75899">
      <ele>2637.154272000021</ele>
    </rtept>
    <rtept lat="28.55314" lon="84.75876">
      <ele>2642.0264960002205</ele>
    </rtept>
    <rtept lat="28.55315" lon="84.75866">
      <ele>2645.130559999855</ele>
    </rtept>
    <rtept lat="28.55321" lon="84.75847">
      <ele>2647.3912799999184</ele>
    </rtept>
    <rtept lat="28.55332" lon="84.75836">
      <ele>2638.32288000011</ele>
    </rtept>
    <rtept lat="28.55336" lon="84.75827">
      <ele>2637.583104000058</ele>
    </rtept>
    <rtept lat="28.55353" lon="84.7582">
      <ele>2635.518719999943</ele>
    </rtept>
    <rtept lat="28.5536" lon="84.75812">
      <ele>2637.906239999747</ele>
    </rtept>
    <rtept lat="28.5536" lon="84.75793">
      <ele>2647.082559999929</ele>
    </rtept>
    <rtept lat="28.55364" lon="84.75785">
      <ele>2650.954879999784</ele>
    </rtept>
    <rtept lat="28.55365" lon="84.7577">
      <ele>2657.052000000005</ele>
    </rtept>
    <rtept lat="28.55369" lon="84.75751">
      <ele>2661.633360000104</ele>
    </rtept>
    <rtept lat="28.55388" lon="84.75732">
      <ele>2657.047679999923</ele>
    </rtept>
    <rtept lat="28.55399" lon="84.75708">
      <ele>2659.7201599999757</ele>
    </rtept>
    <rtept lat="28.55406" lon="84.75702">
      <ele>2658.4457600001133</ele>
    </rtept>
    <rtept lat="28.55416" lon="84.75704">
      <ele>2652.5907199999206</ele>
    </rtept>
    <rtept lat="28.55426" lon="84.75702">
      <ele>2646.652352000106</ele>
    </rtept>
    <rtept lat="28.5544" lon="84.75687">
      <ele>2639.089759999842</ele>
    </rtept>
    <rtept lat="28.55448" lon="84.75675">
      <ele>2636.9208000000385</ele>
    </rtept>
    <rtept lat="28.5545" lon="84.7566">
      <ele>2639.7359999998657</ele>
    </rtept>
    <rtept lat="28.55471" lon="84.75625">
      <ele>2644.2200000000457</ele>
    </rtept>
    <rtept lat="28.55471" lon="84.7562">
      <ele>2644.627519999943</ele>
    </rtept>
    <rtept lat="28.55477" lon="84.75602">
      <ele>2645.995167999839</ele>
    </rtept>
    <rtept lat="28.55491" lon="84.75577">
      <ele>2648.1658720000637</ele>
    </rtept>
    <rtept lat="28.55525" lon="84.75535">
      <ele>2648.2539999997825</ele>
    </rtept>
    <rtept lat="28.55533" lon="84.75516">
      <ele>2651.7708479998714</ele>
    </rtept>
    <rtept lat="28.55543" lon="84.75514">
      <ele>2651.31523200009</ele>
    </rtept>
    <rtept lat="28.55557" lon="84.75506">
      <ele>2652.8106240000075</ele>
    </rtept>
    <rtept lat="28.55576" lon="84.75484">
      <ele>2652.039935999977</ele>
    </rtept>
    <rtept lat="28.55585" lon="84.7547699">
      <ele>2650.693898400041</ele>
    </rtept>
    <rtept lat="28.55607" lon="84.7544099">
      <ele>2655.829554720107</ele>
    </rtept>
    <rtept lat="28.55617" lon="84.75433">
      <ele>2654.227344000074</ele>
    </rtept>
    <rtept lat="28.5562" lon="84.75426">
      <ele>2655.396479999888</ele>
    </rtept>
    <rtept lat="28.55621" lon="84.75417">
      <ele>2658.5237279999174</ele>
    </rtept>
    <rtept lat="28.55629" lon="84.75406">
      <ele>2657.796000000113</ele>
    </rtept>
    <rtept lat="28.55639" lon="84.75399">
      <ele>2654.6610879999266</ele>
    </rtept>
    <rtept lat="28.55657" lon="84.75378">
      <ele>2650.9467519998148</ele>
    </rtept>
    <rtept lat="28.55667" lon="84.75364">
      <ele>2650.0910079998635</ele>
    </rtept>
    <rtept lat="28.55674" lon="84.7535">
      <ele>2652.2383999999147</ele>
    </rtept>
    <rtept lat="28.5568" lon="84.7533">
      <ele>2657.120000000141</ele>
    </rtept>
    <rtept lat="28.5568" lon="84.75306">
      <ele>2664.8959999998465</ele>
    </rtept>
    <rtept lat="28.55689" lon="84.7526">
      <ele>2670.9697600000304</ele>
    </rtept>
    <rtept lat="28.55695" lon="84.75247">
      <ele>2669.5403199999178</ele>
    </rtept>
    <rtept lat="28.55704" lon="84.75236">
      <ele>2669.090752000088</ele>
    </rtept>
    <rtept lat="28.55713" lon="84.75228">
      <ele>2668.2541120000064</ele>
    </rtept>
    <rtept lat="28.55713" lon="84.7522">
      <ele>2671.1348799998696</ele>
    </rtept>
    <rtept lat="28.55709" lon="84.75207">
      <ele>2678.982303999866</ele>
    </rtept>
    <rtept lat="28.55713" lon="84.752">
      <ele>2681.4568000002164</ele>
    </rtept>
    <rtept lat="28.55719" lon="84.75202">
      <ele>2678.795103999948</ele>
    </rtept>
    <rtept lat="28.55724" lon="84.75201">
      <ele>2677.4360000000715</ele>
    </rtept>
    <rtept lat="28.55729" lon="84.75183">
      <ele>2682.537360000184</ele>
    </rtept>
    <rtept lat="28.55736" lon="84.75171">
      <ele>2682.098879999963</ele>
    </rtept>
    <rtept lat="28.5574" lon="84.75144">
      <ele>2691.4617599997914</ele>
    </rtept>
    <rtept lat="28.55744" lon="84.75139">
      <ele>2690.699135999988</ele>
    </rtept>
    <rtept lat="28.55748" lon="84.75114">
      <ele>2697.956095999541</ele>
    </rtept>
    <rtept lat="28.55754" lon="84.75102">
      <ele>2701.661376000301</ele>
    </rtept>
    <rtept lat="28.55759" lon="84.75078">
      <ele>2717.581919999274</ele>
    </rtept>
    <rtept lat="28.55762" lon="84.75069">
      <ele>2723.1028799994315</ele>
    </rtept>
    <rtept lat="28.55771" lon="84.75069">
      <ele>2712.6830399994833</ele>
    </rtept>
    <rtept lat="28.55779" lon="84.75063">
      <ele>2708.8385439998956</ele>
    </rtept>
    <rtept lat="28.55789" lon="84.7505">
      <ele>2712.8167999998295</ele>
    </rtept>
    <rtept lat="28.55806" lon="84.75048">
      <ele>2704.0457600001214</ele>
    </rtept>
    <rtept lat="28.55811" lon="84.75046">
      <ele>2702.525119999855</ele>
    </rtept>
    <rtept lat="28.55816" lon="84.75025">
      <ele>2711.064800000356</ele>
    </rtept>
    <rtept lat="28.55821" lon="84.75014">
      <ele>2716.3124479999274</ele>
    </rtept>
    <rtept lat="28.55839" lon="84.74996">
      <ele>2722.1451199998996</ele>
    </rtept>
    <rtept lat="28.55848" lon="84.7499">
      <ele>2724.689600000257</ele>
    </rtept>
    <rtept lat="28.55852" lon="84.74992">
      <ele>2722.296319999752</ele>
    </rtept>
    <rtept lat="28.55863" lon="84.74988">
      <ele>2722.0187519996666</ele>
    </rtept>
    <rtept lat="28.55884" lon="84.7499">
      <ele>2712.185280000234</ele>
    </rtept>
    <rtept lat="28.55891" lon="84.74988">
      <ele>2710.3723199996025</ele>
    </rtept>
    <rtept lat="28.55891" lon="84.7497999">
      <ele>2716.3586736000084</ele>
    </rtept>
    <rtept lat="28.55887" lon="84.74957">
      <ele>2737.8907359995137</ele>
    </rtept>
    <rtept lat="28.55892" lon="84.74945">
      <ele>2746.9187200003475</ele>
    </rtept>
    <rtept lat="28.559" lon="84.74934">
      <ele>2747.9119999997865</ele>
    </rtept>
    <rtept lat="28.55909" lon="84.74927">
      <ele>2746.400000000128</ele>
    </rtept>
    <rtept lat="28.5592" lon="84.74914">
      <ele>2747.4060800001434</ele>
    </rtept>
    <rtept lat="28.55927" lon="84.74908">
      <ele>2748.796255999582</ele>
    </rtept>
    <rtept lat="28.55924" lon="84.74892">
      <ele>2758.881728000119</ele>
    </rtept>
    <rtept lat="28.55934" lon="84.7486799">
      <ele>2771.856705280069</ele>
    </rtept>
    <rtept lat="28.55952" lon="84.7486">
      <ele>2771.520000000253</ele>
    </rtept>
    <rtept lat="28.55949" lon="84.74848">
      <ele>2779.619999999949</ele>
    </rtept>
    <rtept lat="28.55949" lon="84.74837">
      <ele>2785.5600000002996</ele>
    </rtept>
    <rtept lat="28.55959" lon="84.74828">
      <ele>2784.8464320003</ele>
    </rtept>
    <rtept lat="28.55969" lon="84.74805">
      <ele>2792.5313599997166</ele>
    </rtept>
    <rtept lat="28.55975" lon="84.74771">
      <ele>2803.8031999999853</ele>
    </rtept>
    <rtept lat="28.55979" lon="84.74757">
      <ele>2805.5720960001518</ele>
    </rtept>
    <rtept lat="28.55994" lon="84.74741">
      <ele>2804.117983999875</ele>
    </rtept>
    <rtept lat="28.55996" lon="84.74732">
      <ele>2806.4453119999152</ele>
    </rtept>
    <rtept lat="28.56012" lon="84.74719">
      <ele>2803.048447999875</ele>
    </rtept>
    <rtept lat="28.56019" lon="84.74691">
      <ele>2807.2278400000573</ele>
    </rtept>
    <rtept lat="28.56034" lon="84.74653">
      <ele>2812.130623999779</ele>
    </rtept>
    <rtept lat="28.56045" lon="84.74609">
      <ele>2825.804880000222</ele>
    </rtept>
    <rtept lat="28.56056" lon="84.74597">
      <ele>2825.475488000038</ele>
    </rtept>
    <rtept lat="28.56067" lon="84.7458">
      <ele>2828.7247999999454</ele>
    </rtept>
    <rtept lat="28.56075" lon="84.74575">
      <ele>2827.850000000011</ele>
    </rtept>
    <rtept lat="28.56077" lon="84.7457">
      <ele>2828.9191999999593</ele>
    </rtept>
    <rtept lat="28.56077" lon="84.74562">
      <ele>2831.8395199998404</ele>
    </rtept>
    <rtept lat="28.56079" lon="84.74558">
      <ele>2832.3233599998225</ele>
    </rtept>
    <rtept lat="28.56081" lon="84.74558">
      <ele>2831.3470399998632</ele>
    </rtept>
    <rtept lat="28.56083" lon="84.7455">
      <ele>2833.3679999997653</ele>
    </rtept>
    <rtept lat="28.56083" lon="84.74538">
      <ele>2838.120000000143</ele>
    </rtept>
    <rtept lat="28.56085" lon="84.74527">
      <ele>2840.981919999957</ele>
    </rtept>
    <rtept lat="28.56084" lon="84.74502">
      <ele>2849.7143680002096</ele>
    </rtept>
    <rtept lat="28.56087" lon="84.74491">
      <ele>2849.9852319997494</ele>
    </rtept>
    <rtept lat="28.56089" lon="84.74433">
      <ele>2862.064527999843</ele>
    </rtept>
    <rtept lat="28.56093" lon="84.74406">
      <ele>2867.0385279998964</ele>
    </rtept>
    <rtept lat="28.56103" lon="84.74391">
      <ele>2867.6807680000666</ele>
    </rtept>
    <rtept lat="28.56124" lon="84.74377">
      <ele>2864.5115520000413</ele>
    </rtept>
    <rtept lat="28.56126" lon="84.7437">
      <ele>2866.730879999821</ele>
    </rtept>
    <rtept lat="28.56125" lon="84.74352">
      <ele>2874.7639999998078</ele>
    </rtept>
    <rtept lat="28.56129" lon="84.74342">
      <ele>2878.7239999999847</ele>
    </rtept>
    <rtept lat="28.56132" lon="84.74338">
      <ele>2880.0559999999373</ele>
    </rtept>
    <rtept lat="28.5614" lon="84.74335">
      <ele>2880.3071999996823</ele>
    </rtept>
    <rtept lat="28.56141" lon="84.74333">
      <ele>2881.283999999977</ele>
    </rtept>
    <rtept lat="28.56137" lon="84.74329">
      <ele>2883.0453919999277</ele>
    </rtept>
    <rtept lat="28.56131" lon="84.74328">
      <ele>2884.4774720000737</ele>
    </rtept>
    <rtept lat="28.5613" lon="84.74326">
      <ele>2885.419519999761</ele>
    </rtept>
    <rtept lat="28.56132" lon="84.74323">
      <ele>2886.239744000146</ele>
    </rtept>
    <rtept lat="28.5614" lon="84.7432">
      <ele>2886.359999999928</ele>
    </rtept>
    <rtept lat="28.56143" lon="84.74321">
      <ele>2886.1799999998198</ele>
    </rtept>
    <rtept lat="28.56156" lon="84.7433099">
      <ele>2883.1599600000086</ele>
    </rtept>
    <rtept lat="28.56159" lon="84.74326">
      <ele>2885.3519999997334</ele>
    </rtept>
    <rtept lat="28.56165" lon="84.7429">
      <ele>2899.345599999794</ele>
    </rtept>
    <rtept lat="28.56161" lon="84.74221">
      <ele>2912.6388320000046</ele>
    </rtept>
    <rtept lat="28.5618" lon="84.74156">
      <ele>2914.6166399997915</ele>
    </rtept>
    <rtept lat="28.5619" lon="84.74118">
      <ele>2922.4086399999887</ele>
    </rtept>
    <rtept lat="28.56192" lon="84.74106">
      <ele>2923.55103999997</ele>
    </rtept>
    <rtept lat="28.56192" lon="84.74096">
      <ele>2924.1126399999926</ele>
    </rtept>
    <rtept lat="28.5619" lon="84.74087">
      <ele>2924.5216000000023</ele>
    </rtept>
    <rtept lat="28.5619" lon="84.74077">
      <ele>2924.5979200000024</ele>
    </rtept>
    <rtept lat="28.56194" lon="84.74059">
      <ele>2924.1480639999922</ele>
    </rtept>
    <rtept lat="28.562" lon="84.74056">
      <ele>2922.625599999984</ele>
    </rtept>
    <rtept lat="28.56204" lon="84.74047">
      <ele>2921.3702400000166</ele>
    </rtept>
    <rtept lat="28.56202" lon="84.74018">
      <ele>2922.057023999995</ele>
    </rtept>
    <rtept lat="28.56198" lon="84.73991">
      <ele>2924.2210560000535</ele>
    </rtept>
    <rtept lat="28.56194" lon="84.73981">
      <ele>2925.723776000042</ele>
    </rtept>
    <rtept lat="28.56173" lon="84.73954">
      <ele>2929.1497280000112</ele>
    </rtept>
    <rtept lat="28.56168" lon="84.7392799">
      <ele>2931.5714201600463</ele>
    </rtept>
    <rtept lat="28.56159" lon="84.73914">
      <ele>2934.4284799999423</ele>
    </rtept>
    <rtept lat="28.56152" lon="84.7389">
      <ele>2939.5663999999333</ele>
    </rtept>
    <rtept lat="28.56155" lon="84.73859">
      <ele>2937.3200799999736</ele>
    </rtept>
    <rtept lat="28.56153" lon="84.73838">
      <ele>2939.174655999925</ele>
    </rtept>
    <rtept lat="28.56154" lon="84.73802">
      <ele>2937.5896319999856</ele>
    </rtept>
    <rtept lat="28.56158" lon="84.73783">
      <ele>2936.2426560000217</ele>
    </rtept>
    <rtept lat="28.56155" lon="84.73773">
      <ele>2937.455999999999</ele>
    </rtept>
    <rtept lat="28.56154" lon="84.73763">
      <ele>2938.788000000024</ele>
    </rtept>
    <rtept lat="28.56159" lon="84.73738">
      <ele>2937.680928000052</ele>
    </rtept>
    <rtept lat="28.5617" lon="84.73708">
      <ele>2929.80768000015</ele>
    </rtept>
    <rtept lat="28.56175" lon="84.7370399">
      <ele>2927.3838359999872</ele>
    </rtept>
    <rtept lat="28.56177" lon="84.7368599">
      <ele>2923.386200000013</ele>
    </rtept>
    <rtept lat="28.56176" lon="84.7368">
      <ele>2922.7040000000607</ele>
    </rtept>
    <rtept lat="28.56166" lon="84.73662">
      <ele>2924.207936000017</ele>
    </rtept>
    <rtept lat="28.56154" lon="84.73652">
      <ele>2930.286463999945</ele>
    </rtept>
    <rtept lat="28.56153" lon="84.73642">
      <ele>2930.1102079999055</ele>
    </rtept>
    <rtept lat="28.56163" lon="84.73625">
      <ele>2921.1779999998944</ele>
    </rtept>
    <rtept lat="28.56163" lon="84.7361899">
      <ele>2919.589917599921</ele>
    </rtept>
    <rtept lat="28.56154" lon="84.73605">
      <ele>2923.443999999963</ele>
    </rtept>
    <rtept lat="28.56154" lon="84.7358">
      <ele>2922.183999999906</ele>
    </rtept>
    <rtept lat="28.56149" lon="84.73569">
      <ele>2924.020000000136</ele>
    </rtept>
    <rtept lat="28.56141" lon="84.7356">
      <ele>2928.1960000001686</ele>
    </rtept>
    <rtept lat="28.56138" lon="84.73551">
      <ele>2928.893248000086</ele>
    </rtept>
    <rtept lat="28.56137" lon="84.73542">
      <ele>2928.2371840000606</ele>
    </rtept>
    <rtept lat="28.56138" lon="84.73531">
      <ele>2926.0362879999916</ele>
    </rtept>
    <rtept lat="28.56136" lon="84.7351599">
      <ele>2923.432986559943</ele>
    </rtept>
    <rtept lat="28.56138" lon="84.73509">
      <ele>2920.1463680000043</ele>
    </rtept>
    <rtept lat="28.56156" lon="84.73499">
      <ele>2906.3065279999123</ele>
    </rtept>
    <rtept lat="28.56163" lon="84.73491">
      <ele>2900.49569599993</ele>
    </rtept>
    <rtept lat="28.56159" lon="84.73461">
      <ele>2897.248000000106</ele>
    </rtept>
    <rtept lat="28.56151" lon="84.73444">
      <ele>2898.6908800003766</ele>
    </rtept>
    <rtept lat="28.56148" lon="84.73439">
      <ele>2897.7894400002533</ele>
    </rtept>
    <rtept lat="28.56133" lon="84.73434">
      <ele>2903.01657600007</ele>
    </rtept>
    <rtept lat="28.5613" lon="84.7342199">
      <ele>2898.117249600008</ele>
    </rtept>
    <rtept lat="28.56121" lon="84.73408">
      <ele>2895.423072000379</ele>
    </rtept>
    <rtept lat="28.56106" lon="84.73402">
      <ele>2900.3988479999875</ele>
    </rtept>
    <rtept lat="28.56098" lon="84.7339499">
      <ele>2900.6979100798985</ele>
    </rtept>
    <rtept lat="28.56092" lon="84.73382">
      <ele>2898.970879999918</ele>
    </rtept>
    <rtept lat="28.56088" lon="84.73367">
      <ele>2897.6259200000445</ele>
    </rtept>
    <rtept lat="28.56083" lon="84.73363">
      <ele>2898.5960000001555</ele>
    </rtept>
    <rtept lat="28.5608" lon="84.7335">
      <ele>2896.3520000001504</ele>
    </rtept>
    <rtept lat="28.56074" lon="84.73339">
      <ele>2895.5205440000273</ele>
    </rtept>
    <rtept lat="28.5607" lon="84.73321">
      <ele>2889.5835199999665</ele>
    </rtept>
    <rtept lat="28.56049" lon="84.73302">
      <ele>2886.7577919997943</ele>
    </rtept>
    <rtept lat="28.56042" lon="84.7329199">
      <ele>2886.222080319934</ele>
    </rtept>
    <rtept lat="28.56049" lon="84.7327">
      <ele>2874.7676799997107</ele>
    </rtept>
    <rtept lat="28.5605" lon="84.73263">
      <ele>2871.654399999973</ele>
    </rtept>
    <rtept lat="28.56047" lon="84.73256">
      <ele>2869.8901120003065</ele>
    </rtept>
    <rtept lat="28.56037" lon="84.73251">
      <ele>2870.8001920002503</ele>
    </rtept>
    <rtept lat="28.56022" lon="84.73247">
      <ele>2874.86246400013</ele>
    </rtept>
    <rtept lat="28.56016" lon="84.73237">
      <ele>2874.9664320000957</ele>
    </rtept>
    <rtept lat="28.55989" lon="84.73215">
      <ele>2882.8864800001143</ele>
    </rtept>
    <rtept lat="28.5598" lon="84.73203">
      <ele>2887.9171200000533</ele>
    </rtept>
    <rtept lat="28.55973" lon="84.73189">
      <ele>2895.2465120000334</ele>
    </rtept>
    <rtept lat="28.55959" lon="84.73186">
      <ele>2904.2388160000614</ele>
    </rtept>
    <rtept lat="28.55955" lon="84.7318">
      <ele>2908.1895999997178</ele>
    </rtept>
    <rtept lat="28.55957" lon="84.7317">
      <ele>2909.5489599998546</ele>
    </rtept>
    <rtept lat="28.55963" lon="84.73165">
      <ele>2907.027520000021</ele>
    </rtept>
    <rtept lat="28.55966" lon="84.73159">
      <ele>2907.3869440000503</ele>
    </rtept>
    <rtept lat="28.55969" lon="84.73147">
      <ele>2909.7767679999533</ele>
    </rtept>
    <rtept lat="28.55979" lon="84.73133">
      <ele>2903.1826400000473</ele>
    </rtept>
    <rtept lat="28.55989" lon="84.73112">
      <ele>2895.407360000014</ele>
    </rtept>
    <rtept lat="28.55993" lon="84.73096">
      <ele>2893.4058239999204</ele>
    </rtept>
    <rtept lat="28.56001" lon="84.7307">
      <ele>2893.0507200000807</ele>
    </rtept>
    <rtept lat="28.56002" lon="84.7303">
      <ele>2900.1177599999533</ele>
    </rtept>
    <rtept lat="28.55997" lon="84.73012">
      <ele>2900.3027200000033</ele>
    </rtept>
    <rtept lat="28.55992" lon="84.73003">
      <ele>2902.7204799998544</ele>
    </rtept>
    <rtept lat="28.55993" lon="84.73">
      <ele>2901.5439999999435</ele>
    </rtept>
    <rtept lat="28.5605" lon="84.72987">
      <ele>2903.9360000000115</ele>
    </rtept>
    <rtept lat="28.56051" lon="84.72983">
      <ele>2904.6941599999795</ele>
    </rtept>
    <rtept lat="28.56053" lon="84.72986">
      <ele>2905.360159999979</ele>
    </rtept>
    <rtept lat="28.5606" lon="84.73015">
      <ele>2904.561600000128</ele>
    </rtept>
    <rtept lat="28.56058" lon="84.73024">
      <ele>2902.319808000136</ele>
    </rtept>
    <rtept lat="28.56054" lon="84.73032">
      <ele>2898.613631999719</ele>
    </rtept>
    <rtept lat="28.56054" lon="84.73038">
      <ele>2895.9386880001402</ele>
    </rtept>
    <rtept lat="28.56065" lon="84.73054">
      <ele>2892.0899199997452</ele>
    </rtept>
    <rtept lat="28.56088" lon="84.73078">
      <ele>2892.401280000185</ele>
    </rtept>
    <rtept lat="28.56126" lon="84.73097">
      <ele>2891.6305920001373</ele>
    </rtept>
    <rtept lat="28.56145" lon="84.7310399">
      <ele>2894.4216016002156</ele>
    </rtept>
    <rtept lat="28.5616" lon="84.73111">
      <ele>2897.3939199997308</ele>
    </rtept>
    <rtept lat="28.56197" lon="84.7311299">
      <ele>2930.075554080051</ele>
    </rtept>
    <rtept lat="28.56202" lon="84.73117">
      <ele>2927.6610239995052</ele>
    </rtept>
    <rtept lat="28.56208" lon="84.73114">
      <ele>2931.2872320003708</ele>
    </rtept>
    <rtept lat="28.56222" lon="84.7312">
      <ele>2927.3750399998717</ele>
    </rtept>
    <rtept lat="28.56227" lon="84.73127">
      <ele>2917.748480000566</ele>
    </rtept>
    <rtept lat="28.56252" lon="84.73133">
      <ele>2897.4038719999285</ele>
    </rtept>
    <rtept lat="28.56262" lon="84.73128">
      <ele>2919.523712000204</ele>
    </rtept>
    <rtept lat="28.56267" lon="84.73128">
      <ele>2925.358592000365</ele>
    </rtept>
    <rtept lat="28.56336" lon="84.73188">
      <ele>2943.3569920000255</ele>
    </rtept>
    <rtept lat="28.56345" lon="84.73188">
      <ele>2943.535839999977</ele>
    </rtept>
    <rtept lat="28.56349" lon="84.73192">
      <ele>2943.153951999967</ele>
    </rtept>
    <rtept lat="28.56351" lon="84.7319799">
      <ele>2941.5312473600443</ele>
    </rtept>
    <rtept lat="28.56353" lon="84.73197">
      <ele>2941.946623999902</ele>
    </rtept>
    <rtept lat="28.56355" lon="84.73188">
      <ele>2943.734559999922</ele>
    </rtept>
    <rtept lat="28.5636" lon="84.73191">
      <ele>2943.01744000002</ele>
    </rtept>
    <rtept lat="28.56362" lon="84.73197">
      <ele>2942.6276160000466</ele>
    </rtept>
    <rtept lat="28.56361" lon="84.73201">
      <ele>2942.6839040000386</ele>
    </rtept>
    <rtept lat="28.56363" lon="84.73205">
      <ele>2943.6717600000047</ele>
    </rtept>
    <rtept lat="28.56382" lon="84.7322499">
      <ele>2944.76117984002</ele>
    </rtept>
    <rtept lat="28.56388" lon="84.73235">
      <ele>2944.1758400000977</ele>
    </rtept>
    <rtept lat="28.56391" lon="84.73251">
      <ele>2942.9974719997394</ele>
    </rtept>
    <rtept lat="28.56388" lon="84.73256">
      <ele>2938.8665599997544</ele>
    </rtept>
    <rtept lat="28.56387" lon="84.73264">
      <ele>2933.6393599999537</ele>
    </rtept>
    <rtept lat="28.56395" lon="84.73271">
      <ele>2933.532640000093</ele>
    </rtept>
    <rtept lat="28.564" lon="84.73272">
      <ele>2934.553599999976</ele>
    </rtept>
    <rtept lat="28.56409" lon="84.7327">
      <ele>2938.3105600002914</ele>
    </rtept>
    <rtept lat="28.5641" lon="84.73266">
      <ele>2940.5555200002027</ele>
    </rtept>
    <rtept lat="28.56424" lon="84.7325199">
      <ele>2945.9763318399414</ele>
    </rtept>
    <rtept lat="28.56442" lon="84.73246">
      <ele>2942.0085759998183</ele>
    </rtept>
    <rtept lat="28.56449" lon="84.73247">
      <ele>2940.4160159995195</ele>
    </rtept>
    <rtept lat="28.56454" lon="84.73241">
      <ele>2944.6918079998813</ele>
    </rtept>
    <rtept lat="28.56474" lon="84.73213">
      <ele>2955.8670080000384</ele>
    </rtept>
    <rtept lat="28.56484" lon="84.73201">
      <ele>2954.152255999931</ele>
    </rtept>
    <rtept lat="28.565" lon="84.73189">
      <ele>2949.939999999534</ele>
    </rtept>
    <rtept lat="28.56502" lon="84.73185">
      <ele>2950.779520000265</ele>
    </rtept>
    <rtept lat="28.56503" lon="84.73157">
      <ele>2964.1239999997747</ele>
    </rtept>
    <rtept lat="28.56508" lon="84.73146">
      <ele>2965.456000000188</ele>
    </rtept>
    <rtept lat="28.56517" lon="84.73138">
      <ele>2962.7899200000406</ele>
    </rtept>
    <rtept lat="28.56531" lon="84.73133">
      <ele>2957.923408000005</ele>
    </rtept>
    <rtept lat="28.56539" lon="84.73127">
      <ele>2960.439088000257</ele>
    </rtept>
    <rtept lat="28.56548" lon="84.73114">
      <ele>2966.3317120001816</ele>
    </rtept>
    <rtept lat="28.56587" lon="84.73071">
      <ele>2968.4198239998996</ele>
    </rtept>
    <rtept lat="28.56589" lon="84.73067">
      <ele>2968.7478559998845</ele>
    </rtept>
    <rtept lat="28.56589" lon="84.73045">
      <ele>2977.859439999834</ele>
    </rtept>
    <rtept lat="28.56593" lon="84.73042">
      <ele>2976.430528000084</ele>
    </rtept>
    <rtept lat="28.56608" lon="84.7303699">
      <ele>2968.1438089600542</ele>
    </rtept>
    <rtept lat="28.56612" lon="84.73032">
      <ele>2967.265407999739</ele>
    </rtept>
    <rtept lat="28.56627" lon="84.73009">
      <ele>2967.729327999913</ele>
    </rtept>
    <rtept lat="28.56632" lon="84.72995">
      <ele>2969.145279999899</ele>
    </rtept>
    <rtept lat="28.56637" lon="84.7299">
      <ele>2968.0249600000243</ele>
    </rtept>
    <rtept lat="28.56638" lon="84.72986">
      <ele>2968.440256000011</ele>
    </rtept>
    <rtept lat="28.56636" lon="84.7296999">
      <ele>2973.179240000022</ele>
    </rtept>
    <rtept lat="28.56638" lon="84.72957">
      <ele>2976.380000000212</ele>
    </rtept>
    <rtept lat="28.56652" lon="84.72946">
      <ele>2977.1624319998928</ele>
    </rtept>
    <rtept lat="28.56654" lon="84.72927">
      <ele>2981.565472000015</ele>
    </rtept>
    <rtept lat="28.56674" lon="84.72909">
      <ele>2977.049728000058</ele>
    </rtept>
    <rtept lat="28.5668" lon="84.72894">
      <ele>2977.0393600001034</ele>
    </rtept>
    <rtept lat="28.56684" lon="84.7288">
      <ele>2978.816639999839</ele>
    </rtept>
    <rtept lat="28.56692" lon="84.72864">
      <ele>2978.733696000066</ele>
    </rtept>
    <rtept lat="28.56704" lon="84.72856">
      <ele>2976.80729599998</ele>
    </rtept>
    <rtept lat="28.56714" lon="84.72839">
      <ele>2980.1843839998746</ele>
    </rtept>
    <rtept lat="28.56716" lon="84.72829">
      <ele>2982.8490559999345</ele>
    </rtept>
    <rtept lat="28.56737" lon="84.72787">
      <ele>2981.7753760000223</ele>
    </rtept>
    <rtept lat="28.56745" lon="84.7278">
      <ele>2978.934399999939</ele>
    </rtept>
    <rtept lat="28.56751" lon="84.72772">
      <ele>2977.643999999964</ele>
    </rtept>
    <rtept lat="28.56764" lon="84.72732">
      <ele>2979.058367999889</ele>
    </rtept>
    <rtept lat="28.56772" lon="84.7271899">
      <ele>2978.87303423998</ele>
    </rtept>
    <rtept lat="28.56785" lon="84.72708">
      <ele>2976.96799999999</ele>
    </rtept>
    <rtept lat="28.56799" lon="84.72676">
      <ele>2977.894591999976</ele>
    </rtept>
    <rtept lat="28.5683" lon="84.72636">
      <ele>2981.7059199999994</ele>
    </rtept>
    <rtept lat="28.56847" lon="84.72609">
      <ele>2982.5799999999895</ele>
    </rtept>
    <rtept lat="28.56846" lon="84.726">
      <ele>2985.0639999999853</ele>
    </rtept>
    <rtept lat="28.56858" lon="84.72547">
      <ele>3001.0239999999467</ele>
    </rtept>
    <rtept lat="28.56866" lon="84.72546">
      <ele>2998.9920000000066</ele>
    </rtept>
    <rtept lat="28.56874" lon="84.72538">
      <ele>2998.4160000000284</ele>
    </rtept>
    <rtept lat="28.56876" lon="84.72535">
      <ele>2998.559999999794</ele>
    </rtept>
    <rtept lat="28.56877" lon="84.7253">
      <ele>2999.639999999853</ele>
    </rtept>
    <rtept lat="28.56866" lon="84.72517">
      <ele>3005.7702719998656</ele>
    </rtept>
    <rtept lat="28.56863" lon="84.72508">
      <ele>3008.5895039999687</ele>
    </rtept>
    <rtept lat="28.56853" lon="84.72495">
      <ele>3012.8502399999657</ele>
    </rtept>
    <rtept lat="28.56851" lon="84.72488">
      <ele>3013.880992000014</ele>
    </rtept>
    <rtept lat="28.56847" lon="84.72483">
      <ele>3015.3955839999935</ele>
    </rtept>
    <rtept lat="28.56846" lon="84.72475">
      <ele>3016.5783999999435</ele>
    </rtept>
    <rtept lat="28.56849" lon="84.72472">
      <ele>3016.009535999794</ele>
    </rtept>
    <rtept lat="28.56857" lon="84.72469">
      <ele>3014.6724960001548</ele>
    </rtept>
    <rtept lat="28.56877" lon="84.72479">
      <ele>3002.6039999999666</ele>
    </rtept>
    <rtept lat="28.56895" lon="84.7248">
      <ele>2991.478399999925</ele>
    </rtept>
    <rtept lat="28.56906" lon="84.72476">
      <ele>2984.0762239999544</ele>
    </rtept>
    <rtept lat="28.56909" lon="84.72472">
      <ele>2982.3253759998797</ele>
    </rtept>
    <rtept lat="28.56912" lon="84.72466">
      <ele>2982.5431039998907</ele>
    </rtept>
    <rtept lat="28.56913" lon="84.72453">
      <ele>2986.8459679998664</ele>
    </rtept>
    <rtept lat="28.56913" lon="84.72443">
      <ele>2990.88118400003</ele>
    </rtept>
    <rtept lat="28.5691" lon="84.72424">
      <ele>3003.203840000381</ele>
    </rtept>
    <rtept lat="28.56913" lon="84.72409">
      <ele>3008.2888639997295</ele>
    </rtept>
    <rtept lat="28.56925" lon="84.72388">
      <ele>3005.5720000001475</ele>
    </rtept>
    <rtept lat="28.56931" lon="84.72371">
      <ele>3003.8144799999045</ele>
    </rtept>
    <rtept lat="28.56936" lon="84.72349">
      <ele>3001.853280000069</ele>
    </rtept>
    <rtept lat="28.56941" lon="84.72332">
      <ele>2999.02243199983</ele>
    </rtept>
    <rtept lat="28.56944" lon="84.72314">
      <ele>3002.323775999964</ele>
    </rtept>
    <rtept lat="28.56944" lon="84.72289">
      <ele>3008.8578559998505</ele>
    </rtept>
    <rtept lat="28.56948" lon="84.72263">
      <ele>3007.480480000107</ele>
    </rtept>
    <rtept lat="28.56946" lon="84.7223">
      <ele>3008.4208000000717</ele>
    </rtept>
    <rtept lat="28.56948" lon="84.72221">
      <ele>3006.0714240001357</ele>
    </rtept>
    <rtept lat="28.56944" lon="84.72204">
      <ele>3010.3199999999924</ele>
    </rtept>
    <rtept lat="28.5695" lon="84.72192">
      <ele>3005.4463999999025</ele>
    </rtept>
    <rtept lat="28.56948" lon="84.7218199">
      <ele>3008.0542803201083</ele>
    </rtept>
    <rtept lat="28.56945" lon="84.72175">
      <ele>3010.976000000019</ele>
    </rtept>
    <rtept lat="28.56932" lon="84.72171">
      <ele>3019.1355519999283</ele>
    </rtept>
    <rtept lat="28.56926" lon="84.72166">
      <ele>3022.5915520000103</ele>
    </rtept>
    <rtept lat="28.56929" lon="84.72158">
      <ele>3020.238304000107</ele>
    </rtept>
    <rtept lat="28.56948" lon="84.72147">
      <ele>3006.1888640000025</ele>
    </rtept>
    <rtept lat="28.56951" lon="84.72139">
      <ele>3003.8896159999576</ele>
    </rtept>
    <rtept lat="28.56954" lon="84.7212">
      <ele>3006.9840000000872</ele>
    </rtept>
    <rtept lat="28.56951" lon="84.72094">
      <ele>3007.6263679999306</ele>
    </rtept>
    <rtept lat="28.56945" lon="84.72063">
      <ele>3008.9480000000144</ele>
    </rtept>
    <rtept lat="28.56945" lon="84.7205">
      <ele>3010.0799999999817</ele>
    </rtept>
    <rtept lat="28.56956" lon="84.72009">
      <ele>3010.7500800000453</ele>
    </rtept>
    <rtept lat="28.56947" lon="84.71972">
      <ele>3015.0654720000043</ele>
    </rtept>
    <rtept lat="28.56949" lon="84.71952">
      <ele>3013.1427840000692</ele>
    </rtept>
    <rtept lat="28.56948" lon="84.71948">
      <ele>3013.1992320000672</ele>
    </rtept>
    <rtept lat="28.56952" lon="84.71933">
      <ele>3012.3480639999825</ele>
    </rtept>
    <rtept lat="28.56952" lon="84.71919">
      <ele>3012.9891519999924</ele>
    </rtept>
    <rtept lat="28.56949" lon="84.71911">
      <ele>3014.6680000000347</ele>
    </rtept>
    <rtept lat="28.56959" lon="84.7189">
      <ele>3015.171999999887</ele>
    </rtept>
    <rtept lat="28.56959" lon="84.71883">
      <ele>3015.8467359999822</ele>
    </rtept>
    <rtept lat="28.56958" lon="84.71875">
      <ele>3016.852000000048</ele>
    </rtept>
    <rtept lat="28.56946" lon="84.71861">
      <ele>3022.4437760000283</ele>
    </rtept>
    <rtept lat="28.56948" lon="84.71856">
      <ele>3021.8804480000604</ele>
    </rtept>
    <rtept lat="28.56951" lon="84.7185499">
      <ele>3020.8083550399615</ele>
    </rtept>
    <rtept lat="28.56955" lon="84.71857">
      <ele>3019.291760000018</ele>
    </rtept>
    <rtept lat="28.56959" lon="84.71857">
      <ele>3017.8304479999415</ele>
    </rtept>
    <rtept lat="28.56962" lon="84.71854">
      <ele>3016.7742079999794</ele>
    </rtept>
    <rtept lat="28.56963" lon="84.71847">
      <ele>3016.488656000003</ele>
    </rtept>
    <rtept lat="28.56956" lon="84.71822">
      <ele>3019.424000000033</ele>
    </rtept>
    <rtept lat="28.56951" lon="84.71809">
      <ele>3021.4039999999563</ele>
    </rtept>
    <rtept lat="28.56949" lon="84.71784">
      <ele>3022.7174720000885</ele>
    </rtept>
    <rtept lat="28.56946" lon="84.71771">
      <ele>3024.570656000041</ele>
    </rtept>
    <rtept lat="28.56954" lon="84.7174">
      <ele>3023.984000000027</ele>
    </rtept>
    <rtept lat="28.56961" lon="84.71729">
      <ele>3022.9039999999122</ele>
    </rtept>
    <rtept lat="28.56962" lon="84.71721">
      <ele>3023.4232320000388</ele>
    </rtept>
    <rtept lat="28.5696" lon="84.71711">
      <ele>3024.864959999925</ele>
    </rtept>
    <rtept lat="28.56959" lon="84.71703">
      <ele>3025.734432000009</ele>
    </rtept>
    <rtept lat="28.56962" lon="84.71683">
      <ele>3028.9613119999426</ele>
    </rtept>
    <rtept lat="28.56955" lon="84.7166">
      <ele>3038.739200000035</ele>
    </rtept>
    <rtept lat="28.56954" lon="84.71647">
      <ele>3043.8840319999676</ele>
    </rtept>
    <rtept lat="28.56959" lon="84.71627">
      <ele>3043.46508799991</ele>
    </rtept>
    <rtept lat="28.56969" lon="84.71613">
      <ele>3037.7995519998503</ele>
    </rtept>
    <rtept lat="28.56972" lon="84.71606">
      <ele>3036.137471999989</ele>
    </rtept>
    <rtept lat="28.5697" lon="84.7159">
      <ele>3037.4207999999326</ele>
    </rtept>
    <rtept lat="28.56978" lon="84.71558">
      <ele>3035.8972159999034</ele>
    </rtept>
    <rtept lat="28.56976" lon="84.71538">
      <ele>3040.888000000149</ele>
    </rtept>
    <rtept lat="28.56979" lon="84.71529">
      <ele>3041.320000000029</ele>
    </rtept>
    <rtept lat="28.56993" lon="84.71501">
      <ele>3042.710431999817</ele>
    </rtept>
    <rtept lat="28.57004" lon="84.71484">
      <ele>3043.4042240001254</ele>
    </rtept>
    <rtept lat="28.57004" lon="84.71476">
      <ele>3044.9663360000686</ele>
    </rtept>
    <rtept lat="28.57002" lon="84.71472">
      <ele>3046.382272000018</ele>
    </rtept>
    <rtept lat="28.57002" lon="84.71439">
      <ele>3050.6534400000746</ele>
    </rtept>
    <rtept lat="28.56998" lon="84.71432">
      <ele>3053.121023999954</ele>
    </rtept>
    <rtept lat="28.56996" lon="84.71418">
      <ele>3055.7003520000926</ele>
    </rtept>
    <rtept lat="28.56998" lon="84.71406">
      <ele>3055.9251839999106</ele>
    </rtept>
    <rtept lat="28.56997" lon="84.71397">
      <ele>3057.4317119998664</ele>
    </rtept>
    <rtept lat="28.56991" lon="84.71381">
      <ele>3063.648048000043</ele>
    </rtept>
    <rtept lat="28.56986" lon="84.71354">
      <ele>3070.6080000001666</ele>
    </rtept>
    <rtept lat="28.56986" lon="84.71336">
      <ele>3071.9040000001687</ele>
    </rtept>
    <rtept lat="28.56975" lon="84.71324">
      <ele>3082.944000000094</ele>
    </rtept>
    <rtept lat="28.56975" lon="84.71319">
      <ele>3083.664000000117</ele>
    </rtept>
    <rtept lat="28.56978" lon="84.71315">
      <ele>3081.6479999998846</ele>
    </rtept>
    <rtept lat="28.56995" lon="84.71311">
      <ele>3067.536000000111</ele>
    </rtept>
    <rtept lat="28.57012" lon="84.71301">
      <ele>3057.431392000091</ele>
    </rtept>
    <rtept lat="28.57022" lon="84.7126">
      <ele>3060.651520000148</ele>
    </rtept>
    <rtept lat="28.57029" lon="84.71243">
      <ele>3062.0729120000433</ele>
    </rtept>
    <rtept lat="28.57042" lon="84.71227">
      <ele>3062.668063999964</ele>
    </rtept>
    <rtept lat="28.57044" lon="84.71222">
      <ele>3063.1446399999154</ele>
    </rtept>
    <rtept lat="28.57044" lon="84.71216">
      <ele>3064.8899200000524</ele>
    </rtept>
    <rtept lat="28.57045" lon="84.71212">
      <ele>3065.807200000011</ele>
    </rtept>
    <rtept lat="28.57054" lon="84.712">
      <ele>3066.3039999998905</ele>
    </rtept>
    <rtept lat="28.57067" lon="84.71158">
      <ele>3077.424736000068</ele>
    </rtept>
    <rtept lat="28.57068" lon="84.71111">
      <ele>3088.198623999922</ele>
    </rtept>
    <rtept lat="28.5707" lon="84.71092">
      <ele>3090.9827200000464</ele>
    </rtept>
    <rtept lat="28.57073" lon="84.71082">
      <ele>3091.161855999966</ele>
    </rtept>
    <rtept lat="28.57079" lon="84.71069">
      <ele>3089.6404960000805</ele>
    </rtept>
    <rtept lat="28.57088" lon="84.71061">
      <ele>3086.871999999994</ele>
    </rtept>
    <rtept lat="28.57093" lon="84.7106">
      <ele>3085.57599999999</ele>
    </rtept>
    <rtept lat="28.57098" lon="84.71053">
      <ele>3085.008575999986</ele>
    </rtept>
    <rtept lat="28.57108" lon="84.71043">
      <ele>3083.2013760000177</ele>
    </rtept>
    <rtept lat="28.5711" lon="84.71038">
      <ele>3083.1907199999596</ele>
    </rtept>
    <rtept lat="28.57109" lon="84.71028">
      <ele>3084.508607999986</ele>
    </rtept>
    <rtept lat="28.57106" lon="84.7102">
      <ele>3084.8825600000246</ele>
    </rtept>
    <rtept lat="28.57094" lon="84.71008">
      <ele>3088.2037759999944</ele>
    </rtept>
    <rtept lat="28.57088" lon="84.71007">
      <ele>3090.195008000034</ele>
    </rtept>
    <rtept lat="28.57079" lon="84.7101">
      <ele>3093.3123200000555</ele>
    </rtept>
    <rtept lat="28.57065" lon="84.70993">
      <ele>3100.1069599999814</ele>
    </rtept>
    <rtept lat="28.57061" lon="84.70986">
      <ele>3103.271647999923</ele>
    </rtept>
    <rtept lat="28.5706" lon="84.70977">
      <ele>3105.798559999908</ele>
    </rtept>
    <rtept lat="28.57063" lon="84.70974">
      <ele>3105.1194560000185</ele>
    </rtept>
    <rtept lat="28.57069" lon="84.70977">
      <ele>3101.753743999922</ele>
    </rtept>
    <rtept lat="28.57077" lon="84.70975">
      <ele>3098.4956000000248</ele>
    </rtept>
    <rtept lat="28.57083" lon="84.70968">
      <ele>3097.0752959998326</ele>
    </rtept>
    <rtept lat="28.57094" lon="84.70966">
      <ele>3091.623935999995</ele>
    </rtept>
    <rtept lat="28.57107" lon="84.7097299">
      <ele>3084.05563712006</ele>
    </rtept>
    <rtept lat="28.57116" lon="84.70975">
      <ele>3081.1200000000185</ele>
    </rtept>
    <rtept lat="28.57127" lon="84.70968">
      <ele>3079.270112000013</ele>
    </rtept>
    <rtept lat="28.57145" lon="84.70954">
      <ele>3075.1643200000362</ele>
    </rtept>
    <rtept lat="28.57147" lon="84.70947">
      <ele>3074.6371359999607</ele>
    </rtept>
    <rtept lat="28.57148" lon="84.70942">
      <ele>3074.788544000061</ele>
    </rtept>
    <rtept lat="28.57141" lon="84.70927">
      <ele>3079.969087999916</ele>
    </rtept>
    <rtept lat="28.5714" lon="84.7092">
      <ele>3081.819200000065</ele>
    </rtept>
    <rtept lat="28.57134" lon="84.70908">
      <ele>3087.900032000036</ele>
    </rtept>
    <rtept lat="28.57134" lon="84.70898">
      <ele>3091.1169920001535</ele>
    </rtept>
    <rtept lat="28.57139" lon="84.70869">
      <ele>3095.6364959997986</ele>
    </rtept>
    <rtept lat="28.57145" lon="84.70825">
      <ele>3087.9020000001838</ele>
    </rtept>
    <rtept lat="28.5717" lon="84.7078499">
      <ele>3075.313316800025</ele>
    </rtept>
    <rtept lat="28.57173" lon="84.70778">
      <ele>3074.8498240000868</ele>
    </rtept>
    <rtept lat="28.57168" lon="84.70745">
      <ele>3086.880000000059</ele>
    </rtept>
    <rtept lat="28.57173" lon="84.70714">
      <ele>3089.278464000219</ele>
    </rtept>
    <rtept lat="28.57182" lon="84.7068">
      <ele>3091.30304000005</ele>
    </rtept>
    <rtept lat="28.57188" lon="84.70668">
      <ele>3090.4511359998082</ele>
    </rtept>
    <rtept lat="28.572" lon="84.70653">
      <ele>3086.5552000000134</ele>
    </rtept>
    <rtept lat="28.57198" lon="84.7064">
      <ele>3089.760639999961</ele>
    </rtept>
    <rtept lat="28.572" lon="84.70634">
      <ele>3090.1392000000624</ele>
    </rtept>
    <rtept lat="28.57204" lon="84.70629">
      <ele>3089.794464000033</ele>
    </rtept>
    <rtept lat="28.57212" lon="84.7062399">
      <ele>3088.4284195199525</ele>
    </rtept>
    <rtept lat="28.57216" lon="84.70605">
      <ele>3090.766559999902</ele>
    </rtept>
    <rtept lat="28.57221" lon="84.70595">
      <ele>3091.259040000025</ele>
    </rtept>
    <rtept lat="28.57222" lon="84.70585">
      <ele>3092.771039999984</ele>
    </rtept>
    <rtept lat="28.57221" lon="84.70571">
      <ele>3094.8452160001157</ele>
    </rtept>
    <rtept lat="28.57216" lon="84.70558">
      <ele>3098.9777280000258</ele>
    </rtept>
    <rtept lat="28.57215" lon="84.7055">
      <ele>3100.899999999957</ele>
    </rtept>
    <rtept lat="28.57216" lon="84.70544">
      <ele>3101.4400000000624</ele>
    </rtept>
    <rtept lat="28.57219" lon="84.70539">
      <ele>3100.720000000152</ele>
    </rtept>
    <rtept lat="28.57223" lon="84.70537">
      <ele>3099.377519999966</ele>
    </rtept>
    <rtept lat="28.57228" lon="84.70536">
      <ele>3099.8361600000217</ele>
    </rtept>
    <rtept lat="28.57236" lon="84.7054">
      <ele>3099.19680000007</ele>
    </rtept>
    <rtept lat="28.5724" lon="84.70539">
      <ele>3099.607200000165</ele>
    </rtept>
    <rtept lat="28.57237" lon="84.7053">
      <ele>3101.983200000159</ele>
    </rtept>
    <rtept lat="28.57241" lon="84.70508">
      <ele>3109.165440000142</ele>
    </rtept>
    <rtept lat="28.57242" lon="84.70478">
      <ele>3118.932096000006</ele>
    </rtept>
    <rtept lat="28.57232" lon="84.70455">
      <ele>3126.0657600000436</ele>
    </rtept>
    <rtept lat="28.57226" lon="84.70444">
      <ele>3129.517823999927</ele>
    </rtept>
    <rtept lat="28.57222" lon="84.7044">
      <ele>3130.6719999998786</ele>
    </rtept>
    <rtept lat="28.57225" lon="84.70436">
      <ele>3130.7856000000766</ele>
    </rtept>
    <rtept lat="28.57237" lon="84.70429">
      <ele>3129.800208000005</ele>
    </rtept>
    <rtept lat="28.57244" lon="84.70429">
      <ele>3128.652095999991</ele>
    </rtept>
    <rtept lat="28.5725" lon="84.70431">
      <ele>3127.4519999999493</ele>
    </rtept>
    <rtept lat="28.57257" lon="84.70429">
      <ele>3128.6477759999807</ele>
    </rtept>
    <rtept lat="28.57271" lon="84.70416">
      <ele>3131.315423999996</ele>
    </rtept>
    <rtept lat="28.57273" lon="84.70411">
      <ele>3131.8283519999995</ele>
    </rtept>
    <rtept lat="28.57274" lon="84.70406">
      <ele>3132.184896000007</ele>
    </rtept>
    <rtept lat="28.57279" lon="84.70399">
      <ele>3132.9999680000187</ele>
    </rtept>
    <rtept lat="28.57279" lon="84.70386">
      <ele>3134.6119679997846</ele>
    </rtept>
    <rtept lat="28.57282" lon="84.7038199">
      <ele>3137.084064960039</ele>
    </rtept>
    <rtept lat="28.57286" lon="84.70379">
      <ele>3139.198368000041</ele>
    </rtept>
    <rtept lat="28.57289" lon="84.7037">
      <ele>3142.872960000089</ele>
    </rtept>
    <rtept lat="28.57295" lon="84.7036399">
      <ele>3145.44611760002</ele>
    </rtept>
    <rtept lat="28.57302" lon="84.70352">
      <ele>3148.1399680000363</ele>
    </rtept>
    <rtept lat="28.57313" lon="84.70341">
      <ele>3150.99587199993</ele>
    </rtept>
    <rtept lat="28.57323" lon="84.70319">
      <ele>3153.1358079999845</ele>
    </rtept>
    <rtept lat="28.57327" lon="84.70308">
      <ele>3153.235743999998</ele>
    </rtept>
    <rtept lat="28.57333" lon="84.70307">
      <ele>3153.061503999993</ele>
    </rtept>
    <rtept lat="28.5734" lon="84.70319">
      <ele>3154.3278400000104</ele>
    </rtept>
    <rtept lat="28.57386" lon="84.70271">
      <ele>3162.3506239999942</ele>
    </rtept>
    <rtept lat="28.57403" lon="84.7024">
      <ele>3168.0393600000016</ele>
    </rtept>
  </rte>
  <rte>
    <name>Manaslu Trek - Day 8</name>
    <rtept lat="28.57409" lon="84.70235">
      <ele>3169.7911200000267</ele>
    </rtept>
    <rtept lat="28.57415" lon="84.70225">
      <ele>3170.8020000000506</ele>
    </rtept>
    <rtept lat="28.57418" lon="84.70215">
      <ele>3170.801599999988</ele>
    </rtept>
    <rtept lat="28.57418" lon="84.70201">
      <ele>3169.672639999987</ele>
    </rtept>
    <rtept lat="28.57411" lon="84.70188">
      <ele>3168.624639999996</ele>
    </rtept>
    <rtept lat="28.57405" lon="84.70183">
      <ele>3168.605199999991</ele>
    </rtept>
    <rtept lat="28.57403" lon="84.70164">
      <ele>3170.369536000032</ele>
    </rtept>
    <rtept lat="28.57399" lon="84.7015">
      <ele>3172.50880000006</ele>
    </rtept>
    <rtept lat="28.57396" lon="84.70113">
      <ele>3178.4214079998947</ele>
    </rtept>
    <rtept lat="28.574" lon="84.7009999">
      <ele>3179.961224000004</ele>
    </rtept>
    <rtept lat="28.57408" lon="84.70078">
      <ele>3183.0920960001076</ele>
    </rtept>
    <rtept lat="28.57422" lon="84.70071">
      <ele>3185.0695039999846</ele>
    </rtept>
    <rtept lat="28.5745" lon="84.70052">
      <ele>3189.435200000032</ele>
    </rtept>
    <rtept lat="28.57463" lon="84.70047">
      <ele>3189.6147680000336</ele>
    </rtept>
    <rtept lat="28.57478" lon="84.70034">
      <ele>3189.4748160000127</ele>
    </rtept>
    <rtept lat="28.57476" lon="84.7002399">
      <ele>3190.6636150400027</ele>
    </rtept>
    <rtept lat="28.57465" lon="84.70002">
      <ele>3195.141600000075</ele>
    </rtept>
    <rtept lat="28.57488" lon="84.6998799">
      <ele>3196.652240960013</ele>
    </rtept>
    <rtept lat="28.57515" lon="84.6998799">
      <ele>3194.541800000009</ele>
    </rtept>
    <rtept lat="28.57537" lon="84.69977">
      <ele>3194.5331039999887</ele>
    </rtept>
    <rtept lat="28.5756" lon="84.69974">
      <ele>3193.594239999917</ele>
    </rtept>
    <rtept lat="28.57565" lon="84.69953">
      <ele>3198.490160000113</ele>
    </rtept>
    <rtept lat="28.57562" lon="84.69935">
      <ele>3203.0331200000837</ele>
    </rtept>
    <rtept lat="28.57567" lon="84.69897">
      <ele>3209.771695999965</ele>
    </rtept>
    <rtept lat="28.57578" lon="84.69869">
      <ele>3213.073055999998</ele>
    </rtept>
    <rtept lat="28.57577" lon="84.69837">
      <ele>3215.917712000041</ele>
    </rtept>
    <rtept lat="28.57578" lon="84.69828">
      <ele>3215.265727999926</ele>
    </rtept>
    <rtept lat="28.57569" lon="84.69789">
      <ele>3212.9002879999416</ele>
    </rtept>
    <rtept lat="28.57579" lon="84.69751">
      <ele>3210.859232000034</ele>
    </rtept>
    <rtept lat="28.57602" lon="84.69727">
      <ele>3202.387999999957</ele>
    </rtept>
    <rtept lat="28.57605" lon="84.69747">
      <ele>3197.060000000155</ele>
    </rtept>
    <rtept lat="28.57639" lon="84.69718">
      <ele>3177.4353919998935</ele>
    </rtept>
    <rtept lat="28.57677" lon="84.69674">
      <ele>3163.850623999856</ele>
    </rtept>
    <rtept lat="28.57688" lon="84.69647">
      <ele>3161.2399999999875</ele>
    </rtept>
    <rtept lat="28.57716" lon="84.69601">
      <ele>3128.189216000106</ele>
    </rtept>
    <rtept lat="28.57689" lon="84.6956">
      <ele>3135.7872000000543</ele>
    </rtept>
    <rtept lat="28.57666" lon="84.69548">
      <ele>3149.158528000166</ele>
    </rtept>
    <rtept lat="28.5765" lon="84.6949999">
      <ele>3140.597192000021</ele>
    </rtept>
    <rtept lat="28.57648" lon="84.69453">
      <ele>3131.2229759999946</ele>
    </rtept>
    <rtept lat="28.57601" lon="84.69315">
      <ele>3124.3595200000727</ele>
    </rtept>
    <rtept lat="28.5757" lon="84.69292">
      <ele>3134.0527999999613</ele>
    </rtept>
    <rtept lat="28.57558" lon="84.69271">
      <ele>3133.0328320001972</ele>
    </rtept>
    <rtept lat="28.57561" lon="84.6926">
      <ele>3129.084639999933</ele>
    </rtept>
    <rtept lat="28.57554" lon="84.69249">
      <ele>3128.4839360001183</ele>
    </rtept>
    <rtept lat="28.57554" lon="84.6925">
      <ele>3128.6719999999095</ele>
    </rtept>
    <rtept lat="28.57522" lon="84.69213">
      <ele>3132.886943999964</ele>
    </rtept>
    <rtept lat="28.57499" lon="84.6918">
      <ele>3138.4886400000396</ele>
    </rtept>
    <rtept lat="28.57493" lon="84.69165">
      <ele>3144.3100800002685</ele>
    </rtept>
    <rtept lat="28.57491" lon="84.6914">
      <ele>3149.367360000052</ele>
    </rtept>
    <rtept lat="28.57474" lon="84.69094">
      <ele>3165.3948160000577</ele>
    </rtept>
    <rtept lat="28.5746" lon="84.69087">
      <ele>3180.287679999947</ele>
    </rtept>
    <rtept lat="28.57442" lon="84.69068">
      <ele>3200.7091840000076</ele>
    </rtept>
    <rtept lat="28.57448" lon="84.69063">
      <ele>3193.6867839998654</ele>
    </rtept>
    <rtept lat="28.57441" lon="84.69046">
      <ele>3197.6345920000226</ele>
    </rtept>
    <rtept lat="28.5743" lon="84.68972">
      <ele>3205.1292800000383</ele>
    </rtept>
    <rtept lat="28.57432" lon="84.68962">
      <ele>3205.7093119998553</ele>
    </rtept>
    <rtept lat="28.57427" lon="84.68928">
      <ele>3214.8353280001193</ele>
    </rtept>
    <rtept lat="28.57422" lon="84.68921">
      <ele>3218.429855999936</ele>
    </rtept>
    <rtept lat="28.57422" lon="84.68893">
      <ele>3221.5464959999813</ele>
    </rtept>
    <rtept lat="28.57409" lon="84.68853">
      <ele>3237.9874079998367</ele>
    </rtept>
    <rtept lat="28.57405" lon="84.68756">
      <ele>3259.5015999999323</ele>
    </rtept>
    <rtept lat="28.57406" lon="84.68685">
      <ele>3273.5668799998966</ele>
    </rtept>
    <rtept lat="28.57405" lon="84.6864">
      <ele>3279.5135999999925</ele>
    </rtept>
    <rtept lat="28.57397" lon="84.6861799">
      <ele>3285.0569817600563</ele>
    </rtept>
    <rtept lat="28.57398" lon="84.68601">
      <ele>3283.956608000065</ele>
    </rtept>
    <rtept lat="28.5739" lon="84.68581">
      <ele>3289.304480000106</ele>
    </rtept>
    <rtept lat="28.57384" lon="84.68558">
      <ele>3295.34399999995</ele>
    </rtept>
    <rtept lat="28.57383" lon="84.68526">
      <ele>3299.6949759999293</ele>
    </rtept>
    <rtept lat="28.57388" lon="84.68516">
      <ele>3295.374976000073</ele>
    </rtept>
    <rtept lat="28.574" lon="84.68502">
      <ele>3282.0431999998077</ele>
    </rtept>
    <rtept lat="28.57405" lon="84.68483">
      <ele>3274.1520000001037</ele>
    </rtept>
    <rtept lat="28.57412" lon="84.6847">
      <ele>3265.572479999779</ele>
    </rtept>
    <rtept lat="28.57416" lon="84.68445">
      <ele>3268.371840000118</ele>
    </rtept>
    <rtept lat="28.5741" lon="84.68423">
      <ele>3271.828639999936</ele>
    </rtept>
    <rtept lat="28.57411" lon="84.68414">
      <ele>3270.998911999967</ele>
    </rtept>
    <rtept lat="28.57417" lon="84.68403">
      <ele>3269.47351999998</ele>
    </rtept>
    <rtept lat="28.57422" lon="84.68399">
      <ele>3269.478560000039</ele>
    </rtept>
    <rtept lat="28.57425" lon="84.68393">
      <ele>3269.929999999966</ele>
    </rtept>
    <rtept lat="28.57447" lon="84.6838099">
      <ele>3273.940756640024</ele>
    </rtept>
    <rtept lat="28.57455" lon="84.68375">
      <ele>3276.829999999885</ele>
    </rtept>
    <rtept lat="28.57459" lon="84.68365">
      <ele>3280.008080000003</ele>
    </rtept>
    <rtept lat="28.5746" lon="84.68357">
      <ele>3282.9315199998646</ele>
    </rtept>
    <rtept lat="28.57469" lon="84.68343">
      <ele>3290.5934719999455</ele>
    </rtept>
    <rtept lat="28.57475" lon="84.68337">
      <ele>3294.531200000192</ele>
    </rtept>
    <rtept lat="28.5749" lon="84.68328">
      <ele>3299.0336000000734</ele>
    </rtept>
    <rtept lat="28.57499" lon="84.6832">
      <ele>3300.898400000009</ele>
    </rtept>
    <rtept lat="28.57505" lon="84.68309">
      <ele>3303.2671999999593</ele>
    </rtept>
    <rtept lat="28.5751" lon="84.68297">
      <ele>3304.7822400000123</ele>
    </rtept>
    <rtept lat="28.57511" lon="84.68289">
      <ele>3305.503967999988</ele>
    </rtept>
    <rtept lat="28.5751" lon="84.68285">
      <ele>3305.7671999999784</ele>
    </rtept>
    <rtept lat="28.57516" lon="84.68274">
      <ele>3307.507328000113</ele>
    </rtept>
    <rtept lat="28.57519" lon="84.68271">
      <ele>3308.3022079999964</ele>
    </rtept>
    <rtept lat="28.57521" lon="84.6827">
      <ele>3308.5726400000667</ele>
    </rtept>
    <rtept lat="28.5753" lon="84.68259">
      <ele>3311.3500799998787</ele>
    </rtept>
    <rtept lat="28.57532" lon="84.6825">
      <ele>3313.6079999999197</ele>
    </rtept>
    <rtept lat="28.57532" lon="84.6824199">
      <ele>3317.093695680039</ele>
    </rtept>
    <rtept lat="28.57535" lon="84.68236">
      <ele>3319.8057599998856</ele>
    </rtept>
    <rtept lat="28.57536" lon="84.68227">
      <ele>3323.477471999893</ele>
    </rtept>
    <rtept lat="28.5754" lon="84.6822">
      <ele>3326.0576000002457</ele>
    </rtept>
    <rtept lat="28.57546" lon="84.68216">
      <ele>3326.7326720001324</ele>
    </rtept>
    <rtept lat="28.57552" lon="84.68206">
      <ele>3328.0730239998043</ele>
    </rtept>
    <rtept lat="28.57556" lon="84.68203">
      <ele>3327.34435200006</ele>
    </rtept>
    <rtept lat="28.57561" lon="84.68195">
      <ele>3326.9752799999546</ele>
    </rtept>
    <rtept lat="28.57567" lon="84.6818">
      <ele>3327.0515200001137</ele>
    </rtept>
    <rtept lat="28.57571" lon="84.68172">
      <ele>3326.581503999984</ele>
    </rtept>
    <rtept lat="28.57576" lon="84.68167">
      <ele>3325.1256640000847</ele>
    </rtept>
    <rtept lat="28.57585" lon="84.68164">
      <ele>3323.4899199999145</ele>
    </rtept>
    <rtept lat="28.57591" lon="84.68165">
      <ele>3324.7355199998606</ele>
    </rtept>
    <rtept lat="28.57597" lon="84.68159">
      <ele>3327.885664000037</ele>
    </rtept>
    <rtept lat="28.57602" lon="84.6815699">
      <ele>3329.3351766400056</ele>
    </rtept>
    <rtept lat="28.57605" lon="84.68161">
      <ele>3329.211039999862</ele>
    </rtept>
    <rtept lat="28.57607" lon="84.68168">
      <ele>3328.876480000044</ele>
    </rtept>
    <rtept lat="28.57612" lon="84.68167">
      <ele>3330.75961599994</ele>
    </rtept>
    <rtept lat="28.57616" lon="84.68163">
      <ele>3334.234912000136</ele>
    </rtept>
    <rtept lat="28.5762" lon="84.68155">
      <ele>3337.4104000000025</ele>
    </rtept>
    <rtept lat="28.57629" lon="84.6812099">
      <ele>3340.6731537599967</ele>
    </rtept>
    <rtept lat="28.57634" lon="84.6811">
      <ele>3340.6271999999717</ele>
    </rtept>
    <rtept lat="28.57656" lon="84.6808">
      <ele>3350.0860800000332</ele>
    </rtept>
    <rtept lat="28.5766" lon="84.68069">
      <ele>3351.207839999963</ele>
    </rtept>
    <rtept lat="28.57666" lon="84.68061">
      <ele>3352.9752960000187</ele>
    </rtept>
    <rtept lat="28.5767" lon="84.6805">
      <ele>3356.6719999999204</ele>
    </rtept>
    <rtept lat="28.57673" lon="84.68032">
      <ele>3359.6078720000874</ele>
    </rtept>
    <rtept lat="28.57676" lon="84.68024">
      <ele>3361.1921279999992</ele>
    </rtept>
    <rtept lat="28.57681" lon="84.68021">
      <ele>3363.6186719999323</ele>
    </rtept>
    <rtept lat="28.57681" lon="84.67998">
      <ele>3361.746239999943</ele>
    </rtept>
    <rtept lat="28.577" lon="84.67955">
      <ele>3371.2719999999754</ele>
    </rtept>
    <rtept lat="28.57704" lon="84.67943">
      <ele>3376.332224000136</ele>
    </rtept>
    <rtept lat="28.57705" lon="84.67932">
      <ele>3380.5995199998474</ele>
    </rtept>
    <rtept lat="28.57703" lon="84.67914">
      <ele>3385.269727999938</ele>
    </rtept>
    <rtept lat="28.57696" lon="84.67899">
      <ele>3385.785536000015</ele>
    </rtept>
    <rtept lat="28.57699" lon="84.67889">
      <ele>3389.7746240000597</ele>
    </rtept>
    <rtept lat="28.57691" lon="84.67864">
      <ele>3391.3359999999902</ele>
    </rtept>
    <rtept lat="28.57693" lon="84.67856">
      <ele>3392.2448639999766</ele>
    </rtept>
    <rtept lat="28.57689" lon="84.67844">
      <ele>3392.5985280000154</ele>
    </rtept>
    <rtept lat="28.57682" lon="84.6784">
      <ele>3391.9430400000324</ele>
    </rtept>
    <rtept lat="28.57675" lon="84.67818">
      <ele>3393.5184000000495</ele>
    </rtept>
    <rtept lat="28.57661" lon="84.67804">
      <ele>3394.9194560001633</ele>
    </rtept>
    <rtept lat="28.5766" lon="84.67792">
      <ele>3398.8572800000047</ele>
    </rtept>
    <rtept lat="28.57653" lon="84.6778">
      <ele>3402.9281599998694</ele>
    </rtept>
    <rtept lat="28.57643" lon="84.67775">
      <ele>3404.9591999998706</ele>
    </rtept>
    <rtept lat="28.57635" lon="84.67764">
      <ele>3408.9579200000776</ele>
    </rtept>
    <rtept lat="28.57631" lon="84.67753">
      <ele>3412.242703999892</ele>
    </rtept>
    <rtept lat="28.57622" lon="84.67742">
      <ele>3417.5342720001167</ele>
    </rtept>
    <rtept lat="28.57608" lon="84.67733">
      <ele>3421.228384000086</ele>
    </rtept>
    <rtept lat="28.57592" lon="84.67714">
      <ele>3426.173760000153</ele>
    </rtept>
    <rtept lat="28.57582" lon="84.67693">
      <ele>3429.636064000058</ele>
    </rtept>
    <rtept lat="28.57573" lon="84.6769">
      <ele>3430.127679999916</ele>
    </rtept>
    <rtept lat="28.57562" lon="84.6768">
      <ele>3429.370240000022</ele>
    </rtept>
    <rtept lat="28.5755" lon="84.67657">
      <ele>3429.1056000000494</ele>
    </rtept>
    <rtept lat="28.57543" lon="84.67649">
      <ele>3430.492751999988</ele>
    </rtept>
    <rtept lat="28.57536" lon="84.67631">
      <ele>3433.952255999961</ele>
    </rtept>
    <rtept lat="28.57525" lon="84.67617">
      <ele>3436.8132000000296</ele>
    </rtept>
    <rtept lat="28.57518" lon="84.67617">
      <ele>3436.6448640000185</ele>
    </rtept>
    <rtept lat="28.5751" lon="84.67613">
      <ele>3436.878719999986</ele>
    </rtept>
    <rtept lat="28.57499" lon="84.67594">
      <ele>3435.7578239999993</ele>
    </rtept>
    <rtept lat="28.57491" lon="84.6758399">
      <ele>3438.271299360031</ele>
    </rtept>
    <rtept lat="28.5749" lon="84.6758399">
      <ele>3438.6321504000134</ele>
    </rtept>
    <rtept lat="28.57472" lon="84.6755699">
      <ele>3445.0201312000063</ele>
    </rtept>
    <rtept lat="28.57455" lon="84.67523">
      <ele>3454.2521600000177</ele>
    </rtept>
    <rtept lat="28.57442" lon="84.67501">
      <ele>3460.4925119999907</ele>
    </rtept>
    <rtept lat="28.57432" lon="84.67474">
      <ele>3467.04537600001</ele>
    </rtept>
    <rtept lat="28.57422" lon="84.67449">
      <ele>3468.2605119999075</ele>
    </rtept>
    <rtept lat="28.57418" lon="84.6744499">
      <ele>3467.4288572799537</ele>
    </rtept>
    <rtept lat="28.57414" lon="84.67433">
      <ele>3470.1035520000805</ele>
    </rtept>
    <rtept lat="28.57405" lon="84.67427">
      <ele>3468.923759999726</ele>
    </rtept>
    <rtept lat="28.57403" lon="84.6742">
      <ele>3470.820960000056</ele>
    </rtept>
    <rtept lat="28.57401" lon="84.67417">
      <ele>3471.2332319999014</ele>
    </rtept>
    <rtept lat="28.57398" lon="84.67411">
      <ele>3473.276352000025</ele>
    </rtept>
    <rtept lat="28.57396" lon="84.67402">
      <ele>3477.4673280000598</ele>
    </rtept>
    <rtept lat="28.5739" lon="84.67398">
      <ele>3478.0444799999427</ele>
    </rtept>
    <rtept lat="28.57387" lon="84.6739">
      <ele>3481.8921599998</ele>
    </rtept>
    <rtept lat="28.57385" lon="84.67376">
      <ele>3486.0660799999564</ele>
    </rtept>
    <rtept lat="28.57387" lon="84.67372">
      <ele>3487.9133119998883</ele>
    </rtept>
    <rtept lat="28.57385" lon="84.67367">
      <ele>3488.8913599999614</ele>
    </rtept>
    <rtept lat="28.57386" lon="84.67364">
      <ele>3490.149631999803</ele>
    </rtept>
    <rtept lat="28.57385" lon="84.67359">
      <ele>3491.217279999908</ele>
    </rtept>
    <rtept lat="28.57383" lon="84.67357">
      <ele>3491.0427520000753</ele>
    </rtept>
    <rtept lat="28.57382" lon="84.67353">
      <ele>3491.664832000053</ele>
    </rtept>
    <rtept lat="28.57385" lon="84.67348">
      <ele>3493.7041600000543</ele>
    </rtept>
    <rtept lat="28.57392" lon="84.67346">
      <ele>3495.6510719998914</ele>
    </rtept>
    <rtept lat="28.57393" lon="84.67341">
      <ele>3496.8288479999237</ele>
    </rtept>
    <rtept lat="28.57407" lon="84.67334">
      <ele>3499.827648000065</ele>
    </rtept>
    <rtept lat="28.5741" lon="84.67329">
      <ele>3500.2363200000063</ele>
    </rtept>
    <rtept lat="28.57415" lon="84.67308">
      <ele>3500.072159999996</ele>
    </rtept>
    <rtept lat="28.57412" lon="84.673">
      <ele>3499.833600000005</ele>
    </rtept>
    <rtept lat="28.57412" lon="84.6728399">
      <ele>3499.354068479997</ele>
    </rtept>
    <rtept lat="28.5741" lon="84.67274">
      <ele>3499.7513599999343</ele>
    </rtept>
    <rtept lat="28.57417" lon="84.67242">
      <ele>3503.5605439999886</ele>
    </rtept>
    <rtept lat="28.57407" lon="84.67189">
      <ele>3506.187375999981</ele>
    </rtept>
    <rtept lat="28.57406" lon="84.67162">
      <ele>3507.248511999956</ele>
    </rtept>
    <rtept lat="28.57409" lon="84.67144">
      <ele>3509.029215999981</ele>
    </rtept>
    <rtept lat="28.57405" lon="84.6712">
      <ele>3511.9480000000176</ele>
    </rtept>
    <rtept lat="28.57405" lon="84.67085">
      <ele>3517.41479999998</ele>
    </rtept>
    <rtept lat="28.57409" lon="84.67076">
      <ele>3517.8959999999593</ele>
    </rtept>
    <rtept lat="28.57409" lon="84.6707">
      <ele>3518.544000000011</ele>
    </rtept>
    <rtept lat="28.57405" lon="84.6705">
      <ele>3521.563999999939</ele>
    </rtept>
    <rtept lat="28.57414" lon="84.67043">
      <ele>3521.2353920000587</ele>
    </rtept>
    <rtept lat="28.57428" lon="84.67005">
      <ele>3523.0199999998813</ele>
    </rtept>
    <rtept lat="28.57432" lon="84.66996">
      <ele>3523.711487999895</ele>
    </rtept>
    <rtept lat="28.57441" lon="84.66987">
      <ele>3523.393967999891</ele>
    </rtept>
    <rtept lat="28.57449" lon="84.66982">
      <ele>3522.7417279999336</ele>
    </rtept>
    <rtept lat="28.57463" lon="84.66977">
      <ele>3520.890896000028</ele>
    </rtept>
    <rtept lat="28.57471" lon="84.66969">
      <ele>3521.1302079999377</ele>
    </rtept>
    <rtept lat="28.57475" lon="84.66935">
      <ele>3526.473999999972</ele>
    </rtept>
    <rtept lat="28.57467" lon="84.66912">
      <ele>3528.695584000083</ele>
    </rtept>
    <rtept lat="28.57466" lon="84.669">
      <ele>3526.9263999999007</ele>
    </rtept>
    <rtept lat="28.57447" lon="84.66865">
      <ele>3526.091119999946</ele>
    </rtept>
    <rtept lat="28.5744" lon="84.66858">
      <ele>3526.300160000136</ele>
    </rtept>
    <rtept lat="28.5742" lon="84.66846">
      <ele>3527.39455999985</ele>
    </rtept>
    <rtept lat="28.57414" lon="84.66839">
      <ele>3526.6804160000743</ele>
    </rtept>
    <rtept lat="28.57395" lon="84.66828">
      <ele>3528.3089599997834</ele>
    </rtept>
    <rtept lat="28.5739" lon="84.66824">
      <ele>3527.6537599999</ele>
    </rtept>
    <rtept lat="28.57387" lon="84.66812">
      <ele>3521.7726720001024</ele>
    </rtept>
    <rtept lat="28.57378" lon="84.668">
      <ele>3519.038400000119</ele>
    </rtept>
    <rtept lat="28.57367" lon="84.66793">
      <ele>3520.0361759999787</ele>
    </rtept>
    <rtept lat="28.57359" lon="84.66785">
      <ele>3520.532480000033</ele>
    </rtept>
    <rtept lat="28.57351" lon="84.66782">
      <ele>3522.0453440000992</ele>
    </rtept>
    <rtept lat="28.57347" lon="84.6677799">
      <ele>3522.578797759985</ele>
    </rtept>
    <rtept lat="28.57347" lon="84.66767">
      <ele>3521.207312000004</ele>
    </rtept>
    <rtept lat="28.57352" lon="84.6675999">
      <ele>3518.7243142400343</ele>
    </rtept>
    <rtept lat="28.57357" lon="84.66757">
      <ele>3516.6281119999617</ele>
    </rtept>
    <rtept lat="28.57403" lon="84.66674">
      <ele>3521.2098879998325</ele>
    </rtept>
    <rtept lat="28.57409" lon="84.66668">
      <ele>3523.0372480000087</ele>
    </rtept>
    <rtept lat="28.57416" lon="84.66665">
      <ele>3523.409439999916</ele>
    </rtept>
    <rtept lat="28.5742" lon="84.66661">
      <ele>3523.479519999856</ele>
    </rtept>
    <rtept lat="28.57421" lon="84.66655">
      <ele>3524.5184799999647</ele>
    </rtept>
    <rtept lat="28.57428" lon="84.66647">
      <ele>3524.5111359998828</ele>
    </rtept>
    <rtept lat="28.57436" lon="84.66634">
      <ele>3524.2659840000147</ele>
    </rtept>
    <rtept lat="28.57444" lon="84.66628">
      <ele>3522.870912000012</ele>
    </rtept>
    <rtept lat="28.57446" lon="84.66621">
      <ele>3522.935871999992</ele>
    </rtept>
    <rtept lat="28.57436" lon="84.66606">
      <ele>3523.328128000065</ele>
    </rtept>
    <rtept lat="28.57433" lon="84.66597">
      <ele>3520.7534080000514</ele>
    </rtept>
    <rtept lat="28.57427" lon="84.66596">
      <ele>3520.848735999952</ele>
    </rtept>
    <rtept lat="28.57417" lon="84.66587">
      <ele>3518.304831999938</ele>
    </rtept>
    <rtept lat="28.57409" lon="84.66567">
      <ele>3513.526288000138</ele>
    </rtept>
    <rtept lat="28.57395" lon="84.66539">
      <ele>3508.4893600000655</ele>
    </rtept>
    <rtept lat="28.57385" lon="84.66511">
      <ele>3506.9359999999883</ele>
    </rtept>
    <rtept lat="28.57373" lon="84.66494">
      <ele>3510.7675519999625</ele>
    </rtept>
    <rtept lat="28.57351" lon="84.6646899">
      <ele>3515.2805550400044</ele>
    </rtept>
    <rtept lat="28.57351" lon="84.66468">
      <ele>3515.115328000091</ele>
    </rtept>
    <rtept lat="28.57324" lon="84.66438">
      <ele>3518.128000000036</ele>
    </rtept>
    <rtept lat="28.57317" lon="84.66428">
      <ele>3520.2879999999795</ele>
    </rtept>
    <rtept lat="28.57317" lon="84.66422">
      <ele>3520.071999999962</ele>
    </rtept>
    <rtept lat="28.57316" lon="84.66414">
      <ele>3520.348287999936</ele>
    </rtept>
    <rtept lat="28.57289" lon="84.66379">
      <ele>3532.4949439999477</ele>
    </rtept>
    <rtept lat="28.57276" lon="84.66353">
      <ele>3537.4239360000947</ele>
    </rtept>
    <rtept lat="28.57272" lon="84.66322">
      <ele>3542.1582720000615</ele>
    </rtept>
    <rtept lat="28.57269" lon="84.66321">
      <ele>3543.415391999846</ele>
    </rtept>
    <rtept lat="28.57264" lon="84.6632599">
      <ele>3544.515554880006</ele>
    </rtept>
    <rtept lat="28.5726" lon="84.6632599">
      <ele>3546.0234191999516</ele>
    </rtept>
    <rtept lat="28.57258" lon="84.66323">
      <ele>3547.1622720000732</ele>
    </rtept>
    <rtept lat="28.5726" lon="84.6631699">
      <ele>3547.2286991999563</ele>
    </rtept>
    <rtept lat="28.57262" lon="84.66316">
      <ele>3546.6591359999125</ele>
    </rtept>
    <rtept lat="28.57257" lon="84.66312">
      <ele>3548.9190719999597</ele>
    </rtept>
    <rtept lat="28.5726" lon="84.6630799">
      <ele>3548.4339791999614</ele>
    </rtept>
    <rtept lat="28.57255" lon="84.66305">
      <ele>3550.408800000018</ele>
    </rtept>
    <rtept lat="28.57248" lon="84.66309">
      <ele>3552.7978560001075</ele>
    </rtept>
    <rtept lat="28.57247" lon="84.66306">
      <ele>3553.683456000031</ele>
    </rtept>
    <rtept lat="28.57247" lon="84.66297">
      <ele>3553.6614720000457</ele>
    </rtept>
    <rtept lat="28.57242" lon="84.66292">
      <ele>3556.326911999945</ele>
    </rtept>
    <rtept lat="28.5724" lon="84.66292">
      <ele>3557.4086400000965</ele>
    </rtept>
    <rtept lat="28.57236" lon="84.66297">
      <ele>3559.7535360000174</ele>
    </rtept>
    <rtept lat="28.57231" lon="84.66292">
      <ele>3562.2764159999056</ele>
    </rtept>
    <rtept lat="28.57224" lon="84.6628999">
      <ele>3565.9270060799577</ele>
    </rtept>
    <rtept lat="28.5722" lon="84.66283">
      <ele>3567.656000000068</ele>
    </rtept>
    <rtept lat="28.5722" lon="84.66274">
      <ele>3566.8284800000615</ele>
    </rtept>
    <rtept lat="28.57304" lon="84.66202">
      <ele>3557.9120000000257</ele>
    </rtept>
    <rtept lat="28.57298" lon="84.66193">
      <ele>3559.3781440000503</ele>
    </rtept>
    <rtept lat="28.57309" lon="84.66181">
      <ele>3562.575983999937</ele>
    </rtept>
    <rtept lat="28.57319" lon="84.66175">
      <ele>3564.5292000000536</ele>
    </rtept>
    <rtept lat="28.57331" lon="84.66165">
      <ele>3567.241200000104</ele>
    </rtept>
    <rtept lat="28.5734" lon="84.66154">
      <ele>3567.3811199999795</ele>
    </rtept>
    <rtept lat="28.57344" lon="84.66144">
      <ele>3567.765311999969</ele>
    </rtept>
    <rtept lat="28.57354" lon="84.66114">
      <ele>3570.4721279998807</ele>
    </rtept>
    <rtept lat="28.57356" lon="84.66094">
      <ele>3572.898688000034</ele>
    </rtept>
    <rtept lat="28.57359" lon="84.66077">
      <ele>3572.5906720000276</ele>
    </rtept>
    <rtept lat="28.5737" lon="84.66058">
      <ele>3568.199680000007</ele>
    </rtept>
    <rtept lat="28.57373" lon="84.66045">
      <ele>3566.0746399999407</ele>
    </rtept>
    <rtept lat="28.57372" lon="84.66032">
      <ele>3564.588415999954</ele>
    </rtept>
    <rtept lat="28.57362" lon="84.65993">
      <ele>3562.98800000008</ele>
    </rtept>
    <rtept lat="28.57363" lon="84.65978">
      <ele>3561.0799999999354</ele>
    </rtept>
    <rtept lat="28.57369" lon="84.65958">
      <ele>3558.7280000000246</ele>
    </rtept>
    <rtept lat="28.5737" lon="84.65947">
      <ele>3558.440000000035</ele>
    </rtept>
    <rtept lat="28.57366" lon="84.65937">
      <ele>3560.128000000025</ele>
    </rtept>
    <rtept lat="28.57366" lon="84.65913">
      <ele>3561.9647679999457</ele>
    </rtept>
    <rtept lat="28.57387" lon="84.65895">
      <ele>3557.1570399999855</ele>
    </rtept>
    <rtept lat="28.5739" lon="84.65895">
      <ele>3556.0976000000387</ele>
    </rtept>
    <rtept lat="28.57395" lon="84.65892">
      <ele>3554.1852800000315</ele>
    </rtept>
    <rtept lat="28.57397" lon="84.65888">
      <ele>3553.48665600003</ele>
    </rtept>
    <rtept lat="28.57408" lon="84.6587799">
      <ele>3548.4740563200585</ele>
    </rtept>
    <rtept lat="28.57415" lon="84.65866">
      <ele>3544.9454400000145</ele>
    </rtept>
    <rtept lat="28.5742" lon="84.65863">
      <ele>3543.4353599999836</ele>
    </rtept>
    <rtept lat="28.57434" lon="84.65864">
      <ele>3540.724415999982</ele>
    </rtept>
    <rtept lat="28.57438" lon="84.65862">
      <ele>3540.0936959999813</ele>
    </rtept>
    <rtept lat="28.57449" lon="84.6586">
      <ele>3537.637439999902</ele>
    </rtept>
    <rtept lat="28.57459" lon="84.65862">
      <ele>3534.271839999982</ele>
    </rtept>
    <rtept lat="28.57465" lon="84.65858">
      <ele>3532.593120000051</ele>
    </rtept>
    <rtept lat="28.5747" lon="84.6585">
      <ele>3531.551999999972</ele>
    </rtept>
    <rtept lat="28.57468" lon="84.65837">
      <ele>3533.235935999935</ele>
    </rtept>
    <rtept lat="28.57469" lon="84.65828">
      <ele>3533.950271999915</ele>
    </rtept>
    <rtept lat="28.57496" lon="84.65798">
      <ele>3528.2168320000233</ele>
    </rtept>
    <rtept lat="28.57512" lon="84.6577499">
      <ele>3526.7090800000487</ele>
    </rtept>
    <rtept lat="28.5752" lon="84.65767">
      <ele>3525.844000000069</ele>
    </rtept>
    <rtept lat="28.57529" lon="84.65763">
      <ele>3524.417184000042</ele>
    </rtept>
    <rtept lat="28.57549" lon="84.6574">
      <ele>3524.890080000144</ele>
    </rtept>
    <rtept lat="28.57553" lon="84.6573">
      <ele>3527.0875199998095</ele>
    </rtept>
    <rtept lat="28.57572" lon="84.65713">
      <ele>3527.4447360000345</ele>
    </rtept>
    <rtept lat="28.57605" lon="84.6568999">
      <ele>3518.9748824000408</ele>
    </rtept>
    <rtept lat="28.57617" lon="84.65666">
      <ele>3517.934911999981</ele>
    </rtept>
    <rtept lat="28.57626" lon="84.65654">
      <ele>3516.075583999988</ele>
    </rtept>
    <rtept lat="28.57669" lon="84.6558699">
      <ele>3513.736497760005</ele>
    </rtept>
    <rtept lat="28.57696" lon="84.65535">
      <ele>3521.234560000015</ele>
    </rtept>
    <rtept lat="28.57708" lon="84.65521">
      <ele>3522.0058560000025</ele>
    </rtept>
    <rtept lat="28.57711" lon="84.6551099">
      <ele>3521.8839628799947</ele>
    </rtept>
    <rtept lat="28.57711" lon="84.65503">
      <ele>3521.8287359999904</ele>
    </rtept>
    <rtept lat="28.57719" lon="84.65492">
      <ele>3520.756224000008</ele>
    </rtept>
    <rtept lat="28.57726" lon="84.65488">
      <ele>3519.827008000038</ele>
    </rtept>
    <rtept lat="28.57727" lon="84.65474">
      <ele>3519.0839680000195</ele>
    </rtept>
    <rtept lat="28.5773" lon="84.65468">
      <ele>3519.7174400000167</ele>
    </rtept>
    <rtept lat="28.5774" lon="84.65468">
      <ele>3519.6627200000157</ele>
    </rtept>
    <rtept lat="28.57746" lon="84.65465">
      <ele>3520.077439999946</ele>
    </rtept>
    <rtept lat="28.5775" lon="84.6546">
      <ele>3520.759999999964</ele>
    </rtept>
    <rtept lat="28.57762" lon="84.6543">
      <ele>3524.823999999868</ele>
    </rtept>
    <rtept lat="28.5777" lon="84.65427">
      <ele>3524.6080000000684</ele>
    </rtept>
    <rtept lat="28.57776" lon="84.6542">
      <ele>3525.4719999999197</ele>
    </rtept>
    <rtept lat="28.57781" lon="84.65405">
      <ele>3526.582560000031</ele>
    </rtept>
    <rtept lat="28.57785" lon="84.65398">
      <ele>3526.3665599999267</ele>
    </rtept>
    <rtept lat="28.57831" lon="84.65345">
      <ele>3522.739999999936</ele>
    </rtept>
    <rtept lat="28.57839" lon="84.65331">
      <ele>3523.3862719999743</ele>
    </rtept>
    <rtept lat="28.57845" lon="84.6532">
      <ele>3523.6832000000163</ele>
    </rtept>
    <rtept lat="28.57845" lon="84.65306">
      <ele>3525.1145600000364</ele>
    </rtept>
    <rtept lat="28.57849" lon="84.65301">
      <ele>3524.9435040000194</ele>
    </rtept>
    <rtept lat="28.57853" lon="84.6529599">
      <ele>3524.6845531199956</ele>
    </rtept>
    <rtept lat="28.57855" lon="84.65292">
      <ele>3524.547360000005</ele>
    </rtept>
    <rtept lat="28.57852" lon="84.65253">
      <ele>3524.983999999989</ele>
    </rtept>
    <rtept lat="28.57856" lon="84.65239">
      <ele>3524.8751360000133</ele>
    </rtept>
    <rtept lat="28.57864" lon="84.65221">
      <ele>3525.078848000022</ele>
    </rtept>
    <rtept lat="28.57884" lon="84.6515299">
      <ele>3527.530390720008</ele>
    </rtept>
    <rtept lat="28.5789" lon="84.6513499">
      <ele>3528.292668799984</ele>
    </rtept>
    <rtept lat="28.57897" lon="84.65121">
      <ele>3528.908095999865</ele>
    </rtept>
    <rtept lat="28.57907" lon="84.65112">
      <ele>3528.5702719998603</ele>
    </rtept>
    <rtept lat="28.57916" lon="84.65097">
      <ele>3530.1558079999527</ele>
    </rtept>
    <rtept lat="28.57955" lon="84.65058">
      <ele>3528.440319999992</ele>
    </rtept>
    <rtept lat="28.57968" lon="84.65043">
      <ele>3526.3512960000057</ele>
    </rtept>
    <rtept lat="28.57984" lon="84.65034">
      <ele>3524.7269759999904</ele>
    </rtept>
    <rtept lat="28.57999" lon="84.65029">
      <ele>3523.0544160000313</ele>
    </rtept>
    <rtept lat="28.58006" lon="84.65021">
      <ele>3523.327999999985</ele>
    </rtept>
    <rtept lat="28.58015" lon="84.65016">
      <ele>3523.076000000008</ele>
    </rtept>
    <rtept lat="28.58028" lon="84.65011">
      <ele>3522.4191680000276</ele>
    </rtept>
    <rtept lat="28.58047" lon="84.65007">
      <ele>3523.1663840000047</ele>
    </rtept>
    <rtept lat="28.5807" lon="84.64992">
      <ele>3524.7142400000484</ele>
    </rtept>
    <rtept lat="28.58075" lon="84.64984">
      <ele>3525.3248000000244</ele>
    </rtept>
    <rtept lat="28.58081" lon="84.64961">
      <ele>3526.4880000000176</ele>
    </rtept>
    <rtept lat="28.58098" lon="84.64925">
      <ele>3525.4023999999704</ele>
    </rtept>
    <rtept lat="28.58118" lon="84.64901">
      <ele>3524.315999999986</ele>
    </rtept>
    <rtept lat="28.58122" lon="84.64888">
      <ele>3524.6538239999786</ele>
    </rtept>
    <rtept lat="28.58128" lon="84.64882">
      <ele>3524.532864000002</ele>
    </rtept>
    <rtept lat="28.58135" lon="84.64879">
      <ele>3523.9833600000047</ele>
    </rtept>
    <rtept lat="28.58147" lon="84.64878">
      <ele>3522.084928000013</ele>
    </rtept>
    <rtept lat="28.5817" lon="84.64884">
      <ele>3517.1382399999225</ele>
    </rtept>
    <rtept lat="28.58175" lon="84.64882">
      <ele>3515.69680000001</ele>
    </rtept>
    <rtept lat="28.58179" lon="84.64878">
      <ele>3514.7440959999376</ele>
    </rtept>
    <rtept lat="28.58181" lon="84.64872">
      <ele>3514.591455999998</ele>
    </rtept>
    <rtept lat="28.58184" lon="84.64858">
      <ele>3514.8138880000342</ele>
    </rtept>
    <rtept lat="28.58185" lon="84.64847">
      <ele>3515.2232799999965</ele>
    </rtept>
    <rtept lat="28.58194" lon="84.64813">
      <ele>3513.340575999989</ele>
    </rtept>
    <rtept lat="28.58231" lon="84.6476799">
      <ele>3507.0934400000006</ele>
    </rtept>
    <rtept lat="28.58242" lon="84.64762">
      <ele>3507.559999999953</ele>
    </rtept>
    <rtept lat="28.58252" lon="84.64751">
      <ele>3508.7788160000496</ele>
    </rtept>
    <rtept lat="28.58284" lon="84.64699">
      <ele>3511.775999999969</ele>
    </rtept>
    <rtept lat="28.58298" lon="84.64682">
      <ele>3511.105855999971</ele>
    </rtept>
    <rtept lat="28.58313" lon="84.64668">
      <ele>3509.831999999966</ele>
    </rtept>
    <rtept lat="28.5833" lon="84.6465599">
      <ele>3508.5408335999873</ele>
    </rtept>
    <rtept lat="28.58344" lon="84.64643">
      <ele>3508.844832000048</ele>
    </rtept>
    <rtept lat="28.58371" lon="84.64617">
      <ele>3508.432000000008</ele>
    </rtept>
    <rtept lat="28.5839" lon="84.64591">
      <ele>3509.4990399999942</ele>
    </rtept>
    <rtept lat="28.58397" lon="84.64539">
      <ele>3512.725967999958</ele>
    </rtept>
    <rtept lat="28.58406" lon="84.64515">
      <ele>3513.404639999987</ele>
    </rtept>
    <rtept lat="28.58419" lon="84.645">
      <ele>3512.7480000000205</ele>
    </rtept>
    <rtept lat="28.58424" lon="84.64498">
      <ele>3512.29900799997</ele>
    </rtept>
    <rtept lat="28.58432" lon="84.64494">
      <ele>3511.6792319999527</ele>
    </rtept>
    <rtept lat="28.5845" lon="84.6446">
      <ele>3512.5280000000107</ele>
    </rtept>
    <rtept lat="28.58474" lon="84.64421">
      <ele>3514.054016</ele>
    </rtept>
    <rtept lat="28.58489" lon="84.64412">
      <ele>3514.838528</ele>
    </rtept>
    <rtept lat="28.58496" lon="84.64397">
      <ele>3515.6659520000153</ele>
    </rtept>
    <rtept lat="28.585" lon="84.64376">
      <ele>3517.856000000003</ele>
    </rtept>
    <rtept lat="28.5852" lon="84.64345">
      <ele>3521.299999999996</ele>
    </rtept>
    <rtept lat="28.58541" lon="84.64322">
      <ele>3521.941791999992</ele>
    </rtept>
    <rtept lat="28.58552" lon="84.64299">
      <ele>3520.6359999999872</ele>
    </rtept>
    <rtept lat="28.58563" lon="84.64286">
      <ele>3521.099999999978</ele>
    </rtept>
    <rtept lat="28.58569" lon="84.64277">
      <ele>3521.4519999999957</ele>
    </rtept>
    <rtept lat="28.58582" lon="84.64247">
      <ele>3522.7531839999924</ele>
    </rtept>
    <rtept lat="28.58587" lon="84.64243">
      <ele>3523.3414720000183</ele>
    </rtept>
    <rtept lat="28.58596" lon="84.64237">
      <ele>3524.3851839999984</ele>
    </rtept>
    <rtept lat="28.58601" lon="84.64231">
      <ele>3524.6259519999794</ele>
    </rtept>
    <rtept lat="28.58608" lon="84.64227">
      <ele>3525.1414719999525</ele>
    </rtept>
    <rtept lat="28.58621" lon="84.64215">
      <ele>3525.2634400000043</ele>
    </rtept>
    <rtept lat="28.58634" lon="84.64206">
      <ele>3525.342784000002</ele>
    </rtept>
    <rtept lat="28.58643" lon="84.6419">
      <ele>3525.5803199999796</ele>
    </rtept>
    <rtept lat="28.58651" lon="84.64184">
      <ele>3526.520064000001</ele>
    </rtept>
    <rtept lat="28.58671" lon="84.64174">
      <ele>3528.468000000001</ele>
    </rtept>
    <rtept lat="28.5868" lon="84.64166">
      <ele>3529.4284800000055</ele>
    </rtept>
    <rtept lat="28.58697" lon="84.64156">
      <ele>3530.5806719999923</ele>
    </rtept>
    <rtept lat="28.58706" lon="84.64153">
      <ele>3530.303328000013</ele>
    </rtept>
    <rtept lat="28.58712" lon="84.64149">
      <ele>3529.9620480000294</ele>
    </rtept>
    <rtept lat="28.58711" lon="84.64147">
      <ele>3529.870031999992</ele>
    </rtept>
    <rtept lat="28.58717" lon="84.64147">
      <ele>3529.717103999987</ele>
    </rtept>
  </rte>
  <rte>
    <name>Manaslu Trek - Day 9</name>
    <rtept lat="28.58739" lon="84.64137">
      <ele>3528.301071999977</ele>
    </rtept>
    <rtept lat="28.58751" lon="84.64136">
      <ele>3527.932000000028</ele>
    </rtept>
    <rtept lat="28.58761" lon="84.64133">
      <ele>3528.1839999999925</ele>
    </rtept>
    <rtept lat="28.58796" lon="84.64118">
      <ele>3530.053311999997</ele>
    </rtept>
    <rtept lat="28.58805" lon="84.64113">
      <ele>3530.941359999991</ele>
    </rtept>
    <rtept lat="28.58807" lon="84.64109">
      <ele>3531.0559519999924</ele>
    </rtept>
    <rtept lat="28.58819" lon="84.64104">
      <ele>3531.6079039999972</ele>
    </rtept>
    <rtept lat="28.58845" lon="84.64112">
      <ele>3532.0185600000013</ele>
    </rtept>
    <rtept lat="28.58867" lon="84.64115">
      <ele>3532.4240000000036</ele>
    </rtept>
    <rtept lat="28.58876" lon="84.64119">
      <ele>3533.0720000000047</ele>
    </rtept>
    <rtept lat="28.58947" lon="84.6413199">
      <ele>3538.682489120001</ele>
    </rtept>
    <rtept lat="28.58946" lon="84.6413199">
      <ele>3538.7095481599995</ele>
    </rtept>
    <rtept lat="28.58961" lon="84.64133">
      <ele>3538.3183519999934</ele>
    </rtept>
    <rtept lat="28.58987" lon="84.6412299">
      <ele>3537.6955044799956</ele>
    </rtept>
    <rtept lat="28.58994" lon="84.64117">
      <ele>3537.3822080000105</ele>
    </rtept>
    <rtept lat="28.59015" lon="84.6411">
      <ele>3538.138400000038</ele>
    </rtept>
    <rtept lat="28.59026" lon="84.64117">
      <ele>3538.6871359999964</ele>
    </rtept>
    <rtept lat="28.59048" lon="84.64126">
      <ele>3538.8542079999966</ele>
    </rtept>
    <rtept lat="28.59066" lon="84.6414">
      <ele>3539.446080000027</ele>
    </rtept>
    <rtept lat="28.59074" lon="84.64144">
      <ele>3540.092352000025</ele>
    </rtept>
    <rtept lat="28.59085" lon="84.64142">
      <ele>3540.4823999999626</ele>
    </rtept>
    <rtept lat="28.59103" lon="84.64135">
      <ele>3542.345759999984</ele>
    </rtept>
    <rtept lat="28.59123" lon="84.64136">
      <ele>3543.5319999999765</ele>
    </rtept>
    <rtept lat="28.59136" lon="84.64139">
      <ele>3543.887999999997</ele>
    </rtept>
    <rtept lat="28.59145" lon="84.6413199">
      <ele>3544.6322775999947</ele>
    </rtept>
    <rtept lat="28.5915" lon="84.64134">
      <ele>3544.7872000000025</ele>
    </rtept>
    <rtept lat="28.59159" lon="84.6414">
      <ele>3544.5860799999455</ele>
    </rtept>
    <rtept lat="28.59165" lon="84.6414099">
      <ele>3544.646516800015</ele>
    </rtept>
    <rtept lat="28.59183" lon="84.64151">
      <ele>3545.020000000067</ele>
    </rtept>
    <rtept lat="28.592" lon="84.64154">
      <ele>3546.1151999998983</ele>
    </rtept>
    <rtept lat="28.59206" lon="84.64157">
      <ele>3545.952767999976</ele>
    </rtept>
    <rtept lat="28.59224" lon="84.64155">
      <ele>3547.073120000085</ele>
    </rtept>
    <rtept lat="28.59251" lon="84.64167">
      <ele>3545.0124319999686</ele>
    </rtept>
    <rtept lat="28.59261" lon="84.64161">
      <ele>3546.212000000001</ele>
    </rtept>
    <rtept lat="28.59272" lon="84.64162">
      <ele>3546.4639999999545</ele>
    </rtept>
    <rtept lat="28.59291" lon="84.64156">
      <ele>3547.901568000029</ele>
    </rtept>
    <rtept lat="28.59329" lon="84.64142">
      <ele>3550.4840000000772</ele>
    </rtept>
    <rtept lat="28.59341" lon="84.64136">
      <ele>3551.6239999998706</ele>
    </rtept>
    <rtept lat="28.59365" lon="84.6413199">
      <ele>3552.2797008000193</ele>
    </rtept>
    <rtept lat="28.5937" lon="84.6413">
      <ele>3552.4847999999815</ele>
    </rtept>
    <rtept lat="28.59377" lon="84.64121">
      <ele>3554.4567359999774</ele>
    </rtept>
    <rtept lat="28.59382" lon="84.64119">
      <ele>3554.868864000144</ele>
    </rtept>
    <rtept lat="28.59396" lon="84.64124">
      <ele>3553.1507840001077</ele>
    </rtept>
    <rtept lat="28.59405" lon="84.64125">
      <ele>3552.7100000000146</ele>
    </rtept>
    <rtept lat="28.59413" lon="84.64124">
      <ele>3552.822752000098</ele>
    </rtept>
    <rtept lat="28.59433" lon="84.64126">
      <ele>3551.7023359999484</ele>
    </rtept>
    <rtept lat="28.5945" lon="84.64119">
      <ele>3552.6368000000934</ele>
    </rtept>
    <rtept lat="28.59456" lon="84.64116">
      <ele>3553.1932160000115</ele>
    </rtept>
    <rtept lat="28.59469" lon="84.64098">
      <ele>3555.9975040000145</ele>
    </rtept>
    <rtept lat="28.59487" lon="84.64092">
      <ele>3557.4499840000744</ele>
    </rtept>
    <rtept lat="28.59498" lon="84.64081">
      <ele>3559.5939519999465</ele>
    </rtept>
    <rtept lat="28.59504" lon="84.6407">
      <ele>3562.84576000013</ele>
    </rtept>
    <rtept lat="28.59516" lon="84.64061">
      <ele>3565.081792000119</ele>
    </rtept>
    <rtept lat="28.59535" lon="84.64064">
      <ele>3564.6169599998902</ele>
    </rtept>
    <rtept lat="28.59549" lon="84.64067">
      <ele>3564.7412320000076</ele>
    </rtept>
    <rtept lat="28.59594" lon="84.64068">
      <ele>3568.139967999927</ele>
    </rtept>
    <rtept lat="28.59621" lon="84.6406">
      <ele>3569.281919999863</ele>
    </rtept>
    <rtept lat="28.59625" lon="84.64061">
      <ele>3568.824000000097</ele>
    </rtept>
    <rtept lat="28.59637" lon="84.6406">
      <ele>3568.314239999882</ele>
    </rtept>
    <rtept lat="28.59646" lon="84.64054">
      <ele>3569.107327999966</ele>
    </rtept>
    <rtept lat="28.59658" lon="84.64043">
      <ele>3570.854048000108</ele>
    </rtept>
    <rtept lat="28.59665" lon="84.64034">
      <ele>3572.0331200000933</ele>
    </rtept>
    <rtept lat="28.59687" lon="84.64023">
      <ele>3575.405903999908</ele>
    </rtept>
    <rtept lat="28.59694" lon="84.64026">
      <ele>3574.6229760000756</ele>
    </rtept>
    <rtept lat="28.5971" lon="84.64028">
      <ele>3574.52095999993</ele>
    </rtept>
    <rtept lat="28.59719" lon="84.64026">
      <ele>3575.3542720000596</ele>
    </rtept>
    <rtept lat="28.59725" lon="84.64033">
      <ele>3574.566799999906</ele>
    </rtept>
    <rtept lat="28.59727" lon="84.64049">
      <ele>3572.591408000027</ele>
    </rtept>
    <rtept lat="28.59733" lon="84.64059">
      <ele>3572.30399999997</ele>
    </rtept>
    <rtept lat="28.59735" lon="84.64067">
      <ele>3572.0159999999814</ele>
    </rtept>
    <rtept lat="28.59738" lon="84.64068">
      <ele>3572.375999999992</ele>
    </rtept>
    <rtept lat="28.59741" lon="84.6406499">
      <ele>3573.024720000002</ele>
    </rtept>
    <rtept lat="28.59746" lon="84.6406499">
      <ele>3573.744720000027</ele>
    </rtept>
    <rtept lat="28.5975" lon="84.64062">
      <ele>3574.536000000012</ele>
    </rtept>
    <rtept lat="28.59757" lon="84.64058">
      <ele>3575.372352000008</ele>
    </rtept>
    <rtept lat="28.59817" lon="84.64049">
      <ele>3579.8655359999984</ele>
    </rtept>
    <rtept lat="28.5984" lon="84.64033">
      <ele>3580.7131200000385</ele>
    </rtept>
    <rtept lat="28.59864" lon="84.6401999">
      <ele>3582.4883600000007</ele>
    </rtept>
    <rtept lat="28.59886" lon="84.64032">
      <ele>3583.8236159999924</ele>
    </rtept>
    <rtept lat="28.59929" lon="84.64043">
      <ele>3584.69531200001</ele>
    </rtept>
    <rtept lat="28.59941" lon="84.64057">
      <ele>3584.817552000009</ele>
    </rtept>
    <rtept lat="28.59953" lon="84.64061">
      <ele>3584.2483680000023</ele>
    </rtept>
    <rtept lat="28.59964" lon="84.64061">
      <ele>3583.5339839999997</ele>
    </rtept>
    <rtept lat="28.59976" lon="84.64062">
      <ele>3582.759552</ele>
    </rtept>
    <rtept lat="28.59986" lon="84.64064">
      <ele>3582.1587840000107</ele>
    </rtept>
    <rtept lat="28.60006" lon="84.64072">
      <ele>3581.680128000003</ele>
    </rtept>
    <rtept lat="28.6002" lon="84.6407399">
      <ele>3581.905819200001</ele>
    </rtept>
    <rtept lat="28.60031" lon="84.64072">
      <ele>3582.210656000001</ele>
    </rtept>
    <rtept lat="28.60038" lon="84.64066">
      <ele>3582.827264000018</ele>
    </rtept>
    <rtept lat="28.60057" lon="84.64062">
      <ele>3584.588000000015</ele>
    </rtept>
    <rtept lat="28.6008" lon="84.64063">
      <ele>3585.3439999999873</ele>
    </rtept>
    <rtept lat="28.60085" lon="84.6406499">
      <ele>3585.2007199999935</ele>
    </rtept>
    <rtept lat="28.601" lon="84.64068">
      <ele>3583.903999999983</ele>
    </rtept>
    <rtept lat="28.60106" lon="84.64066">
      <ele>3583.61600000002</ele>
    </rtept>
    <rtept lat="28.60117" lon="84.64066">
      <ele>3582.9037120000216</ele>
    </rtept>
    <rtept lat="28.6013" lon="84.64071">
      <ele>3581.9060800000148</ele>
    </rtept>
    <rtept lat="28.60163" lon="84.64067">
      <ele>3582.9663840000003</ele>
    </rtept>
    <rtept lat="28.60168" lon="84.6406499">
      <ele>3583.512720000027</ele>
    </rtept>
    <rtept lat="28.6018" lon="84.6406499">
      <ele>3585.2407200000134</ele>
    </rtept>
    <rtept lat="28.60191" lon="84.64075">
      <ele>3586.104000000024</ele>
    </rtept>
    <rtept lat="28.60196" lon="84.64078">
      <ele>3586.5519999999337</ele>
    </rtept>
    <rtept lat="28.60208" lon="84.64082">
      <ele>3587.559999999972</ele>
    </rtept>
    <rtept lat="28.60223" lon="84.64085">
      <ele>3588.9376799999877</ele>
    </rtept>
    <rtept lat="28.60229" lon="84.64084">
      <ele>3589.445856000018</ele>
    </rtept>
    <rtept lat="28.60239" lon="84.6407399">
      <ele>3590.068074239999</ele>
    </rtept>
    <rtept lat="28.60253" lon="84.64067">
      <ele>3589.8240000000005</ele>
    </rtept>
    <rtept lat="28.60258" lon="84.64066">
      <ele>3589.7519999999777</ele>
    </rtept>
    <rtept lat="28.60271" lon="84.64067">
      <ele>3589.8240000000005</ele>
    </rtept>
    <rtept lat="28.60281" lon="84.6406499">
      <ele>3589.7186782399995</ele>
    </rtept>
    <rtept lat="28.60289" lon="84.64061">
      <ele>3589.4711839999572</ele>
    </rtept>
    <rtept lat="28.60401" lon="84.6404">
      <ele>3587.3603199999875</ele>
    </rtept>
    <rtept lat="28.60424" lon="84.64034">
      <ele>3590.931136000048</ele>
    </rtept>
    <rtept lat="28.60433" lon="84.64024">
      <ele>3593.1320319999877</ele>
    </rtept>
    <rtept lat="28.60448" lon="84.63995">
      <ele>3596.441920000004</ele>
    </rtept>
    <rtept lat="28.60466" lon="84.63978">
      <ele>3597.130815999999</ele>
    </rtept>
    <rtept lat="28.60503" lon="84.6396">
      <ele>3597.5955199999903</ele>
    </rtept>
    <rtept lat="28.60519" lon="84.63948">
      <ele>3599.1524479999657</ele>
    </rtept>
    <rtept lat="28.6053" lon="84.6394399">
      <ele>3600.0963600000014</ele>
    </rtept>
    <rtept lat="28.60575" lon="84.63933">
      <ele>3601.2887999999907</ele>
    </rtept>
    <rtept lat="28.60598" lon="84.63925">
      <ele>3602.099999999956</ele>
    </rtept>
    <rtept lat="28.60608" lon="84.63914">
      <ele>3603.085248000007</ele>
    </rtept>
    <rtept lat="28.60668" lon="84.639">
      <ele>3601.87680000005</ele>
    </rtept>
    <rtept lat="28.60689" lon="84.63893">
      <ele>3604.045007999971</ele>
    </rtept>
    <rtept lat="28.60717" lon="84.63889">
      <ele>3606.604751999939</ele>
    </rtept>
    <rtept lat="28.60827" lon="84.6387">
      <ele>3601.68</ele>
    </rtept>
    <rtept lat="28.6087" lon="84.6387">
      <ele>3603.4127999999946</ele>
    </rtept>
    <rtept lat="28.6089" lon="84.63867">
      <ele>3605.180479999837</ele>
    </rtept>
    <rtept lat="28.60919" lon="84.63873">
      <ele>3605.3955680001063</ele>
    </rtept>
    <rtept lat="28.6095" lon="84.63873">
      <ele>3602.9991999999725</ele>
    </rtept>
    <rtept lat="28.60976" lon="84.63869">
      <ele>3600.7159999999612</ele>
    </rtept>
    <rtept lat="28.6098" lon="84.6387">
      <ele>3600.6800000000007</ele>
    </rtept>
    <rtept lat="28.61001" lon="84.63865">
      <ele>3599.5589599999685</ele>
    </rtept>
    <rtept lat="28.61049" lon="84.63862">
      <ele>3605.404896000024</ele>
    </rtept>
    <rtept lat="28.61059" lon="84.63856">
      <ele>3606.0887360000374</ele>
    </rtept>
    <rtept lat="28.61071" lon="84.63858">
      <ele>3604.4189119999746</ele>
    </rtept>
    <rtept lat="28.61098" lon="84.63856">
      <ele>3603.3017600000157</ele>
    </rtept>
    <rtept lat="28.61109" lon="84.63853">
      <ele>3604.0570399999656</ele>
    </rtept>
    <rtept lat="28.61125" lon="84.63851">
      <ele>3606.27400000002</ele>
    </rtept>
    <rtept lat="28.61155" lon="84.63844">
      <ele>3608.267999999966</ele>
    </rtept>
    <rtept lat="28.61186" lon="84.63846">
      <ele>3607.192128000016</ele>
    </rtept>
    <rtept lat="28.61194" lon="84.63849">
      <ele>3607.0049279999985</ele>
    </rtept>
    <rtept lat="28.61203" lon="84.63848">
      <ele>3607.6160000000054</ele>
    </rtept>
    <rtept lat="28.6122" lon="84.63855">
      <ele>3608.84000000001</ele>
    </rtept>
    <rtept lat="28.61248" lon="84.6386">
      <ele>3609.074240000022</ele>
    </rtept>
    <rtept lat="28.61259" lon="84.63863">
      <ele>3610.0179680000247</ele>
    </rtept>
    <rtept lat="28.61264" lon="84.6386">
      <ele>3610.6121600000183</ele>
    </rtept>
    <rtept lat="28.61274" lon="84.6385899">
      <ele>3611.8106950399915</ele>
    </rtept>
    <rtept lat="28.61288" lon="84.63863">
      <ele>3613.1040000000053</ele>
    </rtept>
    <rtept lat="28.61303" lon="84.63863">
      <ele>3614.7239999999833</ele>
    </rtept>
    <rtept lat="28.61329" lon="84.63876">
      <ele>3613.7643840000187</ele>
    </rtept>
    <rtept lat="28.61349" lon="84.6387699">
      <ele>3611.3964499200147</ele>
    </rtept>
    <rtept lat="28.61371" lon="84.63885">
      <ele>3610.3735200000324</ele>
    </rtept>
    <rtept lat="28.61383" lon="84.63888">
      <ele>3610.1916480000004</ele>
    </rtept>
    <rtept lat="28.61462" lon="84.63892">
      <ele>3614.3260799999916</ele>
    </rtept>
    <rtept lat="28.61491" lon="84.63897">
      <ele>3617.838431999962</ele>
    </rtept>
    <rtept lat="28.61503" lon="84.63895">
      <ele>3619.3788000001887</ele>
    </rtept>
    <rtept lat="28.6151" lon="84.63891">
      <ele>3619.5768000000967</ele>
    </rtept>
    <rtept lat="28.61531" lon="84.63895">
      <ele>3614.9070400000737</ele>
    </rtept>
    <rtept lat="28.61543" lon="84.63892">
      <ele>3611.6307520000196</ele>
    </rtept>
    <rtept lat="28.61564" lon="84.63884">
      <ele>3610.0739839999214</ele>
    </rtept>
    <rtept lat="28.6158" lon="84.6388">
      <ele>3611.0335999998842</ele>
    </rtept>
    <rtept lat="28.61591" lon="84.63873">
      <ele>3613.266128000143</ele>
    </rtept>
    <rtept lat="28.61597" lon="84.63871">
      <ele>3613.9711519999023</ele>
    </rtept>
    <rtept lat="28.61601" lon="84.63867">
      <ele>3615.226831999859</ele>
    </rtept>
    <rtept lat="28.61614" lon="84.63865">
      <ele>3615.8800000000483</ele>
    </rtept>
    <rtept lat="28.61623" lon="84.6386">
      <ele>3617.4800000001414</ele>
    </rtept>
    <rtept lat="28.61635" lon="84.6386">
      <ele>3617.4800000001414</ele>
    </rtept>
    <rtept lat="28.61651" lon="84.63864">
      <ele>3617.866656000167</ele>
    </rtept>
    <rtept lat="28.61693" lon="84.63867">
      <ele>3622.683023999832</ele>
    </rtept>
    <rtept lat="28.61704" lon="84.63873">
      <ele>3621.848320000101</ele>
    </rtept>
    <rtept lat="28.61722" lon="84.63881">
      <ele>3623.9507199999907</ele>
    </rtept>
    <rtept lat="28.61725" lon="84.6388">
      <ele>3624.603999999973</ele>
    </rtept>
    <rtept lat="28.61729" lon="84.6388">
      <ele>3625.473760000021</ele>
    </rtept>
    <rtept lat="28.61732" lon="84.63885">
      <ele>3626.3161600000058</ele>
    </rtept>
    <rtept lat="28.61741" lon="84.6389">
      <ele>3628.6356799999326</ele>
    </rtept>
    <rtept lat="28.61812" lon="84.63942">
      <ele>3619.4355839999907</ele>
    </rtept>
    <rtept lat="28.61855" lon="84.63966">
      <ele>3624.5227199999194</ele>
    </rtept>
    <rtept lat="28.6187" lon="84.63979">
      <ele>3626.287679999983</ele>
    </rtept>
    <rtept lat="28.61888" lon="84.63978">
      <ele>3629.034623999986</ele>
    </rtept>
    <rtept lat="28.61896" lon="84.63981">
      <ele>3628.81689600004</ele>
    </rtept>
    <rtept lat="28.6192" lon="84.63985">
      <ele>3628.804800000046</ele>
    </rtept>
    <rtept lat="28.61939" lon="84.63981">
      <ele>3630.405936000034</ele>
    </rtept>
    <rtept lat="28.61952" lon="84.63981">
      <ele>3631.0939520000447</ele>
    </rtept>
    <rtept lat="28.61962" lon="84.63976">
      <ele>3632.17395200006</ele>
    </rtept>
    <rtept lat="28.6198" lon="84.63972">
      <ele>3633.6080000000748</ele>
    </rtept>
    <rtept lat="28.61992" lon="84.63966">
      <ele>3635.767999999868</ele>
    </rtept>
    <rtept lat="28.61996" lon="84.63968">
      <ele>3635.6240000000253</ele>
    </rtept>
    <rtept lat="28.62004" lon="84.63966">
      <ele>3636.599743999864</ele>
    </rtept>
    <rtept lat="28.62011" lon="84.63963">
      <ele>3637.6525280000656</ele>
    </rtept>
    <rtept lat="28.62015" lon="84.63959">
      <ele>3638.6789600000266</ele>
    </rtept>
    <rtept lat="28.62022" lon="84.63961">
      <ele>3638.688031999911</ele>
    </rtept>
    <rtept lat="28.62033" lon="84.63955">
      <ele>3640.2692000000006</ele>
    </rtept>
    <rtept lat="28.62041" lon="84.63943">
      <ele>3641.75924799993</ele>
    </rtept>
    <rtept lat="28.62046" lon="84.6394">
      <ele>3642.0390400000747</ele>
    </rtept>
    <rtept lat="28.62055" lon="84.63928">
      <ele>3643.399840000001</ele>
    </rtept>
    <rtept lat="28.62062" lon="84.63921">
      <ele>3644.607999999916</ele>
    </rtept>
    <rtept lat="28.62075" lon="84.63921">
      <ele>3645.0759999999236</ele>
    </rtept>
    <rtept lat="28.62127" lon="84.63931">
      <ele>3646.5583040000133</ele>
    </rtept>
    <rtept lat="28.62199" lon="84.6393499">
      <ele>3651.2721809600016</ele>
    </rtept>
    <rtept lat="28.62227" lon="84.6393499">
      <ele>3653.1170980800002</ele>
    </rtept>
    <rtept lat="28.62247" lon="84.63932">
      <ele>3654.828383999984</ele>
    </rtept>
    <rtept lat="28.62262" lon="84.63927">
      <ele>3656.853888000014</ele>
    </rtept>
    <rtept lat="28.62285" lon="84.63927">
      <ele>3660.8312800000117</ele>
    </rtept>
    <rtept lat="28.6231" lon="84.63933">
      <ele>3664.7276800000072</ele>
    </rtept>
    <rtept lat="28.62331" lon="84.63932">
      <ele>3669.201472000044</ele>
    </rtept>
    <rtept lat="28.62341" lon="84.63931">
      <ele>3670.3135840001187</ele>
    </rtept>
    <rtept lat="28.62364" lon="84.63918">
      <ele>3673.4309760000197</ele>
    </rtept>
    <rtept lat="28.62371" lon="84.6391699">
      <ele>3670.658951520064</ele>
    </rtept>
    <rtept lat="28.62377" lon="84.63914">
      <ele>3669.0829440000693</ele>
    </rtept>
    <rtept lat="28.62383" lon="84.63907">
      <ele>3669.8786879997833</ele>
    </rtept>
    <rtept lat="28.62391" lon="84.63903">
      <ele>3669.697215999764</ele>
    </rtept>
    <rtept lat="28.624" lon="84.63902">
      <ele>3667.2975999999276</ele>
    </rtept>
    <rtept lat="28.6243" lon="84.63884">
      <ele>3670.0895999998884</ele>
    </rtept>
    <rtept lat="28.62452" lon="84.63881">
      <ele>3670.9150079997457</ele>
    </rtept>
    <rtept lat="28.62475" lon="84.63871">
      <ele>3675.5519999998905</ele>
    </rtept>
    <rtept lat="28.62497" lon="84.63869">
      <ele>3679.296000000106</ele>
    </rtept>
    <rtept lat="28.62512" lon="84.63855">
      <ele>3684.8520000001895</ele>
    </rtept>
    <rtept lat="28.62517" lon="84.63848">
      <ele>3687.8039999999496</ele>
    </rtept>
    <rtept lat="28.62524" lon="84.63845">
      <ele>3689.2439999997696</ele>
    </rtept>
    <rtept lat="28.62535" lon="84.63847">
      <ele>3687.680080000068</ele>
    </rtept>
    <rtept lat="28.62549" lon="84.63855">
      <ele>3682.532080000216</ele>
    </rtept>
    <rtept lat="28.62566" lon="84.63862">
      <ele>3678.7639679999183</ele>
    </rtept>
    <rtept lat="28.62593" lon="84.63861">
      <ele>3680.44260800001</ele>
    </rtept>
    <rtept lat="28.62598" lon="84.63864">
      <ele>3680.1701760001324</ele>
    </rtept>
    <rtept lat="28.62606" lon="84.63866">
      <ele>3680.5687679999296</ele>
    </rtept>
    <rtept lat="28.62628" lon="84.63863">
      <ele>3682.237311999747</ele>
    </rtept>
    <rtept lat="28.62633" lon="84.63861">
      <ele>3683.041696000004</ele>
    </rtept>
    <rtept lat="28.62642" lon="84.63855">
      <ele>3685.161920000182</ele>
    </rtept>
    <rtept lat="28.62647" lon="84.63853">
      <ele>3685.8837919998846</ele>
    </rtept>
    <rtept lat="28.62654" lon="84.63857">
      <ele>3684.177535999941</ele>
    </rtept>
    <rtept lat="28.62659" lon="84.63864">
      <ele>3680.8021120002404</ele>
    </rtept>
    <rtept lat="28.62665" lon="84.63867">
      <ele>3678.918159999742</ele>
    </rtept>
    <rtept lat="28.62677" lon="84.63864">
      <ele>3681.401248000285</ele>
    </rtept>
    <rtept lat="28.62695" lon="84.63852">
      <ele>3688.179679999995</ele>
    </rtept>
    <rtept lat="28.62714" lon="84.63847">
      <ele>3686.928896000075</ele>
    </rtept>
    <rtept lat="28.62735" lon="84.63845">
      <ele>3687.340399999691</ele>
    </rtept>
    <rtept lat="28.62742" lon="84.6384099">
      <ele>3689.9639129600496</ele>
    </rtept>
    <rtept lat="28.62756" lon="84.63842">
      <ele>3690.319040000214</ele>
    </rtept>
    <rtept lat="28.62787" lon="84.63835">
      <ele>3691.959199999755</ele>
    </rtept>
    <rtept lat="28.62793" lon="84.63838">
      <ele>3687.1726400001576</ele>
    </rtept>
    <rtept lat="28.62812" lon="84.6384099">
      <ele>3680.519702400021</ele>
    </rtept>
    <rtept lat="28.62839" lon="84.6383199">
      <ele>3687.916323840069</ele>
    </rtept>
    <rtept lat="28.6285" lon="84.63836">
      <ele>3690.8783999997527</ele>
    </rtept>
    <rtept lat="28.62857" lon="84.63836">
      <ele>3694.00924799976</ele>
    </rtept>
    <rtept lat="28.62881" lon="84.63831">
      <ele>3696.472863999704</ele>
    </rtept>
    <rtept lat="28.62888" lon="84.63833">
      <ele>3694.3456960002904</ele>
    </rtept>
    <rtept lat="28.62901" lon="84.63829">
      <ele>3693.3118880001157</ele>
    </rtept>
    <rtept lat="28.62905" lon="84.6383199">
      <ele>3690.1792184000738</ele>
    </rtept>
    <rtept lat="28.62912" lon="84.63833">
      <ele>3687.526112000193</ele>
    </rtept>
    <rtept lat="28.62927" lon="84.63834">
      <ele>3683.6206399999755</ele>
    </rtept>
    <rtept lat="28.62944" lon="84.63826">
      <ele>3683.5322239999095</ele>
    </rtept>
    <rtept lat="28.62974" lon="84.63807">
      <ele>3687.6046720000472</ele>
    </rtept>
    <rtept lat="28.6298" lon="84.63808">
      <ele>3687.6553599999147</ele>
    </rtept>
    <rtept lat="28.62988" lon="84.63804">
      <ele>3689.5687679998987</ele>
    </rtept>
    <rtept lat="28.63006" lon="84.638">
      <ele>3691.243199999883</ele>
    </rtept>
    <rtept lat="28.63013" lon="84.63796">
      <ele>3692.224991999843</ele>
    </rtept>
    <rtept lat="28.6303" lon="84.63792">
      <ele>3692.9731200001866</ele>
    </rtept>
    <rtept lat="28.63035" lon="84.63784">
      <ele>3694.217280000085</ele>
    </rtept>
    <rtept lat="28.63059" lon="84.63777">
      <ele>3692.0469439998246</ele>
    </rtept>
    <rtept lat="28.6308" lon="84.63758">
      <ele>3692.573119999985</ele>
    </rtept>
    <rtept lat="28.63107" lon="84.63741">
      <ele>3691.987759999851</ele>
    </rtept>
    <rtept lat="28.63123" lon="84.63737">
      <ele>3690.69108799987</ele>
    </rtept>
    <rtept lat="28.63133" lon="84.6373">
      <ele>3691.6419200001446</ele>
    </rtept>
    <rtept lat="28.63141" lon="84.63728">
      <ele>3691.3676159998836</ele>
    </rtept>
    <rtept lat="28.63159" lon="84.63731">
      <ele>3690.9295680000114</ele>
    </rtept>
    <rtept lat="28.63168" lon="84.63726">
      <ele>3691.95705600006</ele>
    </rtept>
    <rtept lat="28.63191" lon="84.63711">
      <ele>3691.902095999771</ele>
    </rtept>
    <rtept lat="28.63211" lon="84.63699">
      <ele>3692.0012320000465</ele>
    </rtept>
    <rtept lat="28.63218" lon="84.63687">
      <ele>3695.6342079998717</ele>
    </rtept>
    <rtept lat="28.63225" lon="84.63684">
      <ele>3696.113599999686</ele>
    </rtept>
    <rtept lat="28.63237" lon="84.63676">
      <ele>3698.8830080001862</ele>
    </rtept>
    <rtept lat="28.63265" lon="84.6367099">
      <ele>3701.85573680004</ele>
    </rtept>
    <rtept lat="28.63289" lon="84.6366">
      <ele>3707.5550399999706</ele>
    </rtept>
    <rtept lat="28.63299" lon="84.6366199">
      <ele>3708.1735329600056</ele>
    </rtept>
    <rtept lat="28.63306" lon="84.63661">
      <ele>3709.067999999921</ele>
    </rtept>
    <rtept lat="28.63314" lon="84.63656">
      <ele>3710.8319999999576</ele>
    </rtept>
    <rtept lat="28.63324" lon="84.63656">
      <ele>3711.9119999999552</ele>
    </rtept>
    <rtept lat="28.63341" lon="84.63661">
      <ele>3712.684607999919</ele>
    </rtept>
    <rtept lat="28.63348" lon="84.6366">
      <ele>3713.5094399999593</ele>
    </rtept>
    <rtept lat="28.6336" lon="84.63663">
      <ele>3713.8334400000927</ele>
    </rtept>
    <rtept lat="28.63369" lon="84.63658">
      <ele>3715.752000000137</ele>
    </rtept>
    <rtept lat="28.63382" lon="84.63659">
      <ele>3716.4360000000443</ele>
    </rtept>
    <rtept lat="28.63389" lon="84.63656">
      <ele>3717.697535999935</ele>
    </rtept>
    <rtept lat="28.63393" lon="84.63656">
      <ele>3718.04083199992</ele>
    </rtept>
    <rtept lat="28.63395" lon="84.63659">
      <ele>3717.432720000034</ele>
    </rtept>
    <rtept lat="28.634" lon="84.63655">
      <ele>3718.908000000011</ele>
    </rtept>
    <rtept lat="28.63419" lon="84.63656">
      <ele>3720.0525119999147</ele>
    </rtept>
    <rtept lat="28.63434" lon="84.63647">
      <ele>3722.923583999911</ele>
    </rtept>
    <rtept lat="28.63448" lon="84.63648">
      <ele>3722.3359999997874</ele>
    </rtept>
    <rtept lat="28.63466" lon="84.63646">
      <ele>3721.112000000013</ele>
    </rtept>
    <rtept lat="28.63471" lon="84.63643">
      <ele>3721.6519999998627</ele>
    </rtept>
    <rtept lat="28.63477" lon="84.63642">
      <ele>3722.2432639999606</ele>
    </rtept>
    <rtept lat="28.6348" lon="84.63637">
      <ele>3724.3188800000125</ele>
    </rtept>
    <rtept lat="28.63492" lon="84.63638">
      <ele>3724.7396479999143</ele>
    </rtept>
    <rtept lat="28.63495" lon="84.63639">
      <ele>3724.6032799998084</ele>
    </rtept>
    <rtept lat="28.63503" lon="84.63638">
      <ele>3725.2845439999164</ele>
    </rtept>
    <rtept lat="28.63514" lon="84.63631">
      <ele>3727.4128640001672</ele>
    </rtept>
    <rtept lat="28.63518" lon="84.63633">
      <ele>3726.7706239999748</ele>
    </rtept>
    <rtept lat="28.6353" lon="84.63631">
      <ele>3726.9401600001493</ele>
    </rtept>
    <rtept lat="28.63536" lon="84.6362599">
      <ele>3727.6472316800546</ele>
    </rtept>
    <rtept lat="28.63541" lon="84.63628">
      <ele>3726.3157760000204</ele>
    </rtept>
    <rtept lat="28.63554" lon="84.63625">
      <ele>3725.6959999998567</ele>
    </rtept>
    <rtept lat="28.63552" lon="84.63622">
      <ele>3727.0945280002193</ele>
    </rtept>
    <rtept lat="28.63565" lon="84.63607">
      <ele>3731.5576799998757</ele>
    </rtept>
    <rtept lat="28.63572" lon="84.63603">
      <ele>3732.2631359998154</ele>
    </rtept>
    <rtept lat="28.63578" lon="84.63601">
      <ele>3732.285888000036</ele>
    </rtept>
    <rtept lat="28.63587" lon="84.63601">
      <ele>3730.236048000017</ele>
    </rtept>
    <rtept lat="28.63596" lon="84.63606">
      <ele>3724.907903999952</ele>
    </rtept>
    <rtept lat="28.63631" lon="84.6359">
      <ele>3717.9995199997284</ele>
    </rtept>
    <rtept lat="28.63639" lon="84.63581">
      <ele>3718.086655999709</ele>
    </rtept>
    <rtept lat="28.63645" lon="84.6357699">
      <ele>3719.547723200012</ele>
    </rtept>
    <rtept lat="28.6366" lon="84.63576">
      <ele>3718.8694399998194</ele>
    </rtept>
    <rtept lat="28.6367" lon="84.63575">
      <ele>3718.7479999999514</ele>
    </rtept>
    <rtept lat="28.63684" lon="84.63571">
      <ele>3720.0658879999114</ele>
    </rtept>
    <rtept lat="28.63704" lon="84.6357">
      <ele>3719.328000000014</ele>
    </rtept>
    <rtept lat="28.6372" lon="84.63565">
      <ele>3718.8600000000433</ele>
    </rtept>
    <rtept lat="28.63767" lon="84.63561">
      <ele>3725.199952000005</ele>
    </rtept>
    <rtept lat="28.63774" lon="84.63557">
      <ele>3727.104927999997</ele>
    </rtept>
    <rtept lat="28.63784" lon="84.63554">
      <ele>3729.586367999922</ele>
    </rtept>
    <rtept lat="28.63797" lon="84.6354999">
      <ele>3732.737852639993</ele>
    </rtept>
    <rtept lat="28.63804" lon="84.63551">
      <ele>3734.0195520000293</ele>
    </rtept>
    <rtept lat="28.63835" lon="84.6353">
      <ele>3735.680799999994</ele>
    </rtept>
    <rtept lat="28.63854" lon="84.63522">
      <ele>3736.605503999911</ele>
    </rtept>
    <rtept lat="28.63861" lon="84.63518">
      <ele>3737.4651839998655</ele>
    </rtept>
    <rtept lat="28.63883" lon="84.635">
      <ele>3742.787999999839</ele>
    </rtept>
    <rtept lat="28.63904" lon="84.63479">
      <ele>3746.1032640000863</ele>
    </rtept>
    <rtept lat="28.63911" lon="84.6347399">
      <ele>3746.835142560014</ele>
    </rtept>
    <rtept lat="28.63917" lon="84.6347399">
      <ele>3746.628632640009</ele>
    </rtept>
    <rtept lat="28.63943" lon="84.63461">
      <ele>3749.564000000074</ele>
    </rtept>
    <rtept lat="28.63951" lon="84.6345">
      <ele>3751.6719999999705</ele>
    </rtept>
    <rtept lat="28.63956" lon="84.6344699">
      <ele>3752.465440000008</ele>
    </rtept>
    <rtept lat="28.63971" lon="84.63449">
      <ele>3753.256000000013</ele>
    </rtept>
    <rtept lat="28.63977" lon="84.63448">
      <ele>3753.787968000048</ele>
    </rtept>
    <rtept lat="28.6399" lon="84.63451">
      <ele>3754.0339199998925</ele>
    </rtept>
    <rtept lat="28.64005" lon="84.63461">
      <ele>3752.029440000123</ele>
    </rtept>
    <rtept lat="28.64011" lon="84.63461">
      <ele>3751.555968000121</ele>
    </rtept>
    <rtept lat="28.64033" lon="84.63469">
      <ele>3747.3203839998446</ele>
    </rtept>
    <rtept lat="28.64039" lon="84.63468">
      <ele>3746.8811839999216</ele>
    </rtept>
    <rtept lat="28.64047" lon="84.63464">
      <ele>3746.882335999887</ele>
    </rtept>
    <rtept lat="28.64072" lon="84.63445">
      <ele>3748.6723199999583</ele>
    </rtept>
    <rtept lat="28.64087" lon="84.63443">
      <ele>3748.506272000183</ele>
    </rtept>
    <rtept lat="28.64119" lon="84.63432">
      <ele>3751.0455359999232</ele>
    </rtept>
    <rtept lat="28.64141" lon="84.63428">
      <ele>3750.5209919999143</ele>
    </rtept>
    <rtept lat="28.64148" lon="84.63425">
      <ele>3751.101600000124</ele>
    </rtept>
    <rtept lat="28.64173" lon="84.63421">
      <ele>3750.7178400001044</ele>
    </rtept>
    <rtept lat="28.64186" lon="84.63424">
      <ele>3747.8947199999097</ele>
    </rtept>
    <rtept lat="28.64188" lon="84.63428">
      <ele>3747.1027199999485</ele>
    </rtept>
    <rtept lat="28.64188" lon="84.63435">
      <ele>3746.3064000000213</ele>
    </rtept>
    <rtept lat="28.6419" lon="84.63439">
      <ele>3745.7088000000404</ele>
    </rtept>
    <rtept lat="28.64193" lon="84.6344">
      <ele>3745.413600000014</ele>
    </rtept>
    <rtept lat="28.64204" lon="84.63453">
      <ele>3743.3978560000155</ele>
    </rtept>
    <rtept lat="28.64221" lon="84.63453">
      <ele>3742.7393440000133</ele>
    </rtept>
    <rtept lat="28.64232" lon="84.63453">
      <ele>3742.8004160000064</ele>
    </rtept>
    <rtept lat="28.64245" lon="84.63448">
      <ele>3742.9769600000022</ele>
    </rtept>
    <rtept lat="28.64251" lon="84.63449">
      <ele>3743.053712000008</ele>
    </rtept>
    <rtept lat="28.64263" lon="84.6344">
      <ele>3743.628000000004</ele>
    </rtept>
    <rtept lat="28.64272" lon="84.63436">
      <ele>3744.0959999999986</ele>
    </rtept>
    <rtept lat="28.64283" lon="84.6343">
      <ele>3745.4675200000197</ele>
    </rtept>
    <rtept lat="28.6429" lon="84.6343">
      <ele>3746.7376000000427</ele>
    </rtept>
    <rtept lat="28.64308" lon="84.63435">
      <ele>3749.5180800000485</ele>
    </rtept>
    <rtept lat="28.64323" lon="84.63433">
      <ele>3752.745263999933</ele>
    </rtept>
    <rtept lat="28.6434" lon="84.63425">
      <ele>3756.28800000004</ele>
    </rtept>
    <rtept lat="28.64356" lon="84.63414">
      <ele>3758.880000000043</ele>
    </rtept>
    <rtept lat="28.64374" lon="84.63408">
      <ele>3762.289536</ele>
    </rtept>
    <rtept lat="28.64369" lon="84.63414">
      <ele>3761.658528000011</ele>
    </rtept>
    <rtept lat="28.64366" lon="84.63419">
      <ele>3760.979999999975</ele>
    </rtept>
    <rtept lat="28.6437" lon="84.6342">
      <ele>3761.8799999998996</ele>
    </rtept>
    <rtept lat="28.64368" lon="84.63428">
      <ele>3760.511999999952</ele>
    </rtept>
    <rtept lat="28.6438" lon="84.63427">
      <ele>3763.643999999961</ele>
    </rtept>
    <rtept lat="28.64384" lon="84.63417">
      <ele>3765.732000000051</ele>
    </rtept>
    <rtept lat="28.64392" lon="84.63418">
      <ele>3768.0772480000473</ele>
    </rtept>
    <rtept lat="28.644" lon="84.63415">
      <ele>3771.3759999999425</ele>
    </rtept>
    <rtept lat="28.64411" lon="84.63404">
      <ele>3776.295904000067</ele>
    </rtept>
    <rtept lat="28.64414" lon="84.63404">
      <ele>3777.6808960000126</ele>
    </rtept>
    <rtept lat="28.64416" lon="84.63401">
      <ele>3778.8098559999476</ele>
    </rtept>
    <rtept lat="28.6442" lon="84.63399">
      <ele>3779.5772800000395</ele>
    </rtept>
    <rtept lat="28.64429" lon="84.63401">
      <ele>3780.1296639999664</ele>
    </rtept>
    <rtept lat="28.64442" lon="84.634">
      <ele>3781.3887999999934</ele>
    </rtept>
    <rtept lat="28.64451" lon="84.63395">
      <ele>3781.920080000026</ele>
    </rtept>
    <rtept lat="28.64468" lon="84.63391">
      <ele>3780.9355519999826</ele>
    </rtept>
    <rtept lat="28.64483" lon="84.63382">
      <ele>3785.1751039999785</ele>
    </rtept>
    <rtept lat="28.64499" lon="84.63365">
      <ele>3791.207839999947</ele>
    </rtept>
    <rtept lat="28.64511" lon="84.63358">
      <ele>3792.260703999973</ele>
    </rtept>
    <rtept lat="28.64524" lon="84.63347">
      <ele>3792.725824000011</ele>
    </rtept>
    <rtept lat="28.64536" lon="84.63343">
      <ele>3792.4849599999766</ele>
    </rtept>
    <rtept lat="28.64548" lon="84.63332">
      <ele>3793.1048320000177</ele>
    </rtept>
    <rtept lat="28.64566" lon="84.63305">
      <ele>3794.884640000012</ele>
    </rtept>
    <rtept lat="28.64586" lon="84.63285">
      <ele>3796.50799999992</ele>
    </rtept>
    <rtept lat="28.64593" lon="84.6327">
      <ele>3795.283519999995</ele>
    </rtept>
    <rtept lat="28.64606" lon="84.63265">
      <ele>3794.770879999969</ele>
    </rtept>
    <rtept lat="28.64622" lon="84.63265">
      <ele>3797.1575999999914</ele>
    </rtept>
    <rtept lat="28.64634" lon="84.63262">
      <ele>3799.6761599999495</ele>
    </rtept>
    <rtept lat="28.6464" lon="84.63258">
      <ele>3801.472959999947</ele>
    </rtept>
    <rtept lat="28.64666" lon="84.63255">
      <ele>3809.8926400001137</ele>
    </rtept>
    <rtept lat="28.64684" lon="84.63258">
      <ele>3815.3557119999623</ele>
    </rtept>
    <rtept lat="28.64689" lon="84.63255">
      <ele>3817.4807200000464</ele>
    </rtept>
    <rtept lat="28.64693" lon="84.63256">
      <ele>3818.6567680000644</ele>
    </rtept>
    <rtept lat="28.64706" lon="84.63251">
      <ele>3821.9809280000322</ele>
    </rtept>
    <rtept lat="28.64719" lon="84.63261">
      <ele>3823.886191999965</ele>
    </rtept>
    <rtept lat="28.6473" lon="84.63267">
      <ele>3826.456640000014</ele>
    </rtept>
    <rtept lat="28.64739" lon="84.6326799">
      <ele>3828.793185440042</ele>
    </rtept>
    <rtept lat="28.64759" lon="84.63279">
      <ele>3831.206768000009</ele>
    </rtept>
    <rtept lat="28.64772" lon="84.63275">
      <ele>3833.0215999999746</ele>
    </rtept>
    <rtept lat="28.64797" lon="84.63269">
      <ele>3834.5800000000604</ele>
    </rtept>
    <rtept lat="28.64808" lon="84.63263">
      <ele>3835.450207999913</ele>
    </rtept>
    <rtept lat="28.64828" lon="84.6325899">
      <ele>3833.055813439991</ele>
    </rtept>
    <rtept lat="28.64844" lon="84.63266">
      <ele>3836.7660800000426</ele>
    </rtept>
    <rtept lat="28.6485" lon="84.63265">
      <ele>3838.159999999937</ele>
    </rtept>
    <rtept lat="28.64857" lon="84.63272">
      <ele>3840.690080000049</ele>
    </rtept>
    <rtept lat="28.64888" lon="84.63269">
      <ele>3846.3086719998746</ele>
    </rtept>
    <rtept lat="28.64896" lon="84.63274">
      <ele>3847.5515519999544</ele>
    </rtept>
    <rtept lat="28.64897" lon="84.63278">
      <ele>3848.717343999992</ele>
    </rtept>
    <rtept lat="28.6491" lon="84.63284">
      <ele>3848.9209600000167</ele>
    </rtept>
    <rtept lat="28.64934" lon="84.63288">
      <ele>3849.9312639999985</ele>
    </rtept>
    <rtept lat="28.64941" lon="84.6329499">
      <ele>3851.5641692799945</ele>
    </rtept>
    <rtept lat="28.64948" lon="84.63299">
      <ele>3852.063296000174</ele>
    </rtept>
    <rtept lat="28.64959" lon="84.63299">
      <ele>3850.4523680003067</ele>
    </rtept>
    <rtept lat="28.64969" lon="84.63302">
      <ele>3850.8770240001204</ele>
    </rtept>
    <rtept lat="28.6497" lon="84.63307">
      <ele>3853.227680000039</ele>
    </rtept>
    <rtept lat="28.64987" lon="84.63311">
      <ele>3851.1259040000496</ele>
    </rtept>
    <rtept lat="28.64995" lon="84.63317">
      <ele>3851.6808800002123</ele>
    </rtept>
    <rtept lat="28.65028" lon="84.63328">
      <ele>3852.8784639999653</ele>
    </rtept>
    <rtept lat="28.65039" lon="84.63327">
      <ele>3854.155887999929</ele>
    </rtept>
    <rtept lat="28.65049" lon="84.63329">
      <ele>3856.000816000074</ele>
    </rtept>
    <rtept lat="28.65057" lon="84.63324">
      <ele>3855.5955840000242</ele>
    </rtept>
    <rtept lat="28.65069" lon="84.63323">
      <ele>3854.855855999921</ele>
    </rtept>
    <rtept lat="28.65072" lon="84.63326">
      <ele>3855.683136000223</ele>
    </rtept>
    <rtept lat="28.65077" lon="84.63326">
      <ele>3855.5405760002322</ele>
    </rtept>
    <rtept lat="28.65117" lon="84.6335299">
      <ele>3861.537159359973</ele>
    </rtept>
    <rtept lat="28.65125" lon="84.6336199">
      <ele>3864.237299999981</ele>
    </rtept>
    <rtept lat="28.65139" lon="84.63369">
      <ele>3866.5565440000455</ele>
    </rtept>
    <rtept lat="28.65149" lon="84.6337">
      <ele>3866.981920000172</ele>
    </rtept>
    <rtept lat="28.65158" lon="84.63368">
      <ele>3866.2264959999256</ele>
    </rtept>
    <rtept lat="28.6519" lon="84.63346">
      <ele>3861.316159999997</ele>
    </rtept>
    <rtept lat="28.65212" lon="84.63327">
      <ele>3861.6113279998335</ele>
    </rtept>
    <rtept lat="28.65221" lon="84.63317">
      <ele>3860.377104000345</ele>
    </rtept>
    <rtept lat="28.65234" lon="84.63308">
      <ele>3859.386560000361</ele>
    </rtept>
    <rtept lat="28.65244" lon="84.63305">
      <ele>3860.2766399998604</ele>
    </rtept>
    <rtept lat="28.6526" lon="84.63289">
      <ele>3859.473120000108</ele>
    </rtept>
    <rtept lat="28.65276" lon="84.6327">
      <ele>3859.747840000022</ele>
    </rtept>
    <rtept lat="28.65291" lon="84.63258">
      <ele>3864.619264000076</ele>
    </rtept>
    <rtept lat="28.65305" lon="84.63243">
      <ele>3867.4220800000016</ele>
    </rtept>
    <rtept lat="28.65319" lon="84.63235">
      <ele>3870.125200000047</ele>
    </rtept>
    <rtept lat="28.65327" lon="84.63225">
      <ele>3868.4619999999304</ele>
    </rtept>
    <rtept lat="28.65338" lon="84.63208">
      <ele>3865.4200960000335</ele>
    </rtept>
    <rtept lat="28.6535" lon="84.63197">
      <ele>3865.00479999995</ele>
    </rtept>
    <rtept lat="28.6537" lon="84.63169">
      <ele>3864.117760000164</ele>
    </rtept>
    <rtept lat="28.65383" lon="84.63153">
      <ele>3863.2932159999227</ele>
    </rtept>
    <rtept lat="28.65405" lon="84.63136">
      <ele>3864.6667200000657</ele>
    </rtept>
    <rtept lat="28.65411" lon="84.63129">
      <ele>3864.9624960001374</ele>
    </rtept>
    <rtept lat="28.65422" lon="84.63112">
      <ele>3863.214719999855</ele>
    </rtept>
    <rtept lat="28.65448" lon="84.63097">
      <ele>3867.3268800000396</ele>
    </rtept>
    <rtept lat="28.65473" lon="84.63073">
      <ele>3873.4407520000314</ele>
    </rtept>
    <rtept lat="28.65485" lon="84.63065">
      <ele>3877.169200000083</ele>
    </rtept>
    <rtept lat="28.65505" lon="84.63039">
      <ele>3879.9308800000836</ele>
    </rtept>
    <rtept lat="28.65524" lon="84.62998">
      <ele>3879.9875840000136</ele>
    </rtept>
    <rtept lat="28.65533" lon="84.6299">
      <ele>3880.4163200000667</ele>
    </rtept>
    <rtept lat="28.65551" lon="84.62978">
      <ele>3880.4698879999496</ele>
    </rtept>
    <rtept lat="28.6556" lon="84.62971">
      <ele>3880.712000000015</ele>
    </rtept>
    <rtept lat="28.6557" lon="84.62958">
      <ele>3881.5760000000214</ele>
    </rtept>
    <rtept lat="28.65578" lon="84.62943">
      <ele>3881.997983999998</ele>
    </rtept>
    <rtept lat="28.65583" lon="84.62929">
      <ele>3882.3906720000186</ele>
    </rtept>
    <rtept lat="28.65593" lon="84.62912">
      <ele>3884.436000000038</ele>
    </rtept>
    <rtept lat="28.65602" lon="84.62903">
      <ele>3886.7040000000416</ele>
    </rtept>
    <rtept lat="28.6561" lon="84.6289">
      <ele>3888.7199999999652</ele>
    </rtept>
    <rtept lat="28.65609" lon="84.62886">
      <ele>3888.6918079999514</ele>
    </rtept>
    <rtept lat="28.65612" lon="84.6288">
      <ele>3889.8755200000464</ele>
    </rtept>
    <rtept lat="28.65634" lon="84.62841">
      <ele>3895.8571200000024</ele>
    </rtept>
    <rtept lat="28.65637" lon="84.6283">
      <ele>3896.28384000004</ele>
    </rtept>
    <rtept lat="28.65641" lon="84.62822">
      <ele>3897.6009600000284</ele>
    </rtept>
    <rtept lat="28.6565" lon="84.62816">
      <ele>3899.4240000000377</ele>
    </rtept>
    <rtept lat="28.65658" lon="84.62801">
      <ele>3900.4888320000045</ele>
    </rtept>
    <rtept lat="28.65658" lon="84.62788">
      <ele>3900.8108160000043</ele>
    </rtept>
    <rtept lat="28.6566" lon="84.62773">
      <ele>3900.0760000000005</ele>
    </rtept>
    <rtept lat="28.65653" lon="84.62758">
      <ele>3895.539999999867</ele>
    </rtept>
    <rtept lat="28.65654" lon="84.62751">
      <ele>3893.8840000000196</ele>
    </rtept>
    <rtept lat="28.65659" lon="84.62743">
      <ele>3891.5824480001606</ele>
    </rtept>
    <rtept lat="28.65697" lon="84.62722">
      <ele>3891.3142079998743</ele>
    </rtept>
    <rtept lat="28.65701" lon="84.62717">
      <ele>3890.761104000146</ele>
    </rtept>
    <rtept lat="28.65702" lon="84.62708">
      <ele>3888.9217920001297</ele>
    </rtept>
    <rtept lat="28.65716" lon="84.62702">
      <ele>3890.7027840000537</ele>
    </rtept>
    <rtept lat="28.65731" lon="84.62692">
      <ele>3892.4363839999714</ele>
    </rtept>
    <rtept lat="28.65735" lon="84.6268599">
      <ele>3892.7156288000124</ele>
    </rtept>
    <rtept lat="28.65741" lon="84.62684">
      <ele>3893.495647999993</ele>
    </rtept>
    <rtept lat="28.65746" lon="84.62678">
      <ele>3893.6744959999724</ele>
    </rtept>
    <rtept lat="28.6575" lon="84.62675">
      <ele>3893.8999999999996</ele>
    </rtept>
    <rtept lat="28.6576" lon="84.6267699">
      <ele>3895.6887103999707</ele>
    </rtept>
    <rtept lat="28.65762" lon="84.62676">
      <ele>3895.881152000077</ele>
    </rtept>
    <rtept lat="28.65773" lon="84.62632">
      <ele>3900.3173439998554</ele>
    </rtept>
    <rtept lat="28.65773" lon="84.6263">
      <ele>3900.8089600000117</ele>
    </rtept>
    <rtept lat="28.65762" lon="84.62624">
      <ele>3898.903552000145</ele>
    </rtept>
    <rtept lat="28.65758" lon="84.62621">
      <ele>3898.3534719999707</ele>
    </rtept>
    <rtept lat="28.65755" lon="84.62613">
      <ele>3899.1997599999445</ele>
    </rtept>
    <rtept lat="28.6576" lon="84.62608">
      <ele>3902.4943999998886</ele>
    </rtept>
    <rtept lat="28.65756" lon="84.62599">
      <ele>3905.141119999934</ele>
    </rtept>
    <rtept lat="28.65761" lon="84.6259199">
      <ele>3909.149727199987</ele>
    </rtept>
    <rtept lat="28.65778" lon="84.62593">
      <ele>3912.2692160000697</ele>
    </rtept>
    <rtept lat="28.65793" lon="84.62588">
      <ele>3917.3999360001585</ele>
    </rtept>
    <rtept lat="28.65798" lon="84.62589">
      <ele>3918.3154880000175</ele>
    </rtept>
    <rtept lat="28.65814" lon="84.62584">
      <ele>3925.0915200001114</ele>
    </rtept>
    <rtept lat="28.65819" lon="84.62571">
      <ele>3929.5440000000804</ele>
    </rtept>
    <rtept lat="28.65825" lon="84.62566">
      <ele>3932.820000000025</ele>
    </rtept>
    <rtept lat="28.65824" lon="84.62554">
      <ele>3934.565631999958</ele>
    </rtept>
    <rtept lat="28.65829" lon="84.62548">
      <ele>3937.456864000096</ele>
    </rtept>
    <rtept lat="28.65829" lon="84.62542">
      <ele>3938.3882559999474</ele>
    </rtept>
    <rtept lat="28.65837" lon="84.62531">
      <ele>3942.8253760000653</ele>
    </rtept>
    <rtept lat="28.65841" lon="84.62521">
      <ele>3945.761376000064</ele>
    </rtept>
    <rtept lat="28.65842" lon="84.62512">
      <ele>3947.5328640000525</ele>
    </rtept>
    <rtept lat="28.65846" lon="84.6250699">
      <ele>3950.170088640077</ele>
    </rtept>
    <rtept lat="28.65847" lon="84.6248899">
      <ele>3955.8452582400832</ele>
    </rtept>
    <rtept lat="28.65851" lon="84.62478">
      <ele>3962.0394239999423</ele>
    </rtept>
    <rtept lat="28.65852" lon="84.62466">
      <ele>3966.3128319998223</ele>
    </rtept>
    <rtept lat="28.65851" lon="84.62418">
      <ele>3973.5229440000253</ele>
    </rtept>
    <rtept lat="28.65853" lon="84.62411">
      <ele>3974.4364319999527</ele>
    </rtept>
    <rtept lat="28.65851" lon="84.6239">
      <ele>3973.2825599999956</ele>
    </rtept>
    <rtept lat="28.65852" lon="84.62369">
      <ele>3973.9708479999767</ele>
    </rtept>
    <rtept lat="28.65849" lon="84.62361">
      <ele>3972.7822560000295</ele>
    </rtept>
    <rtept lat="28.65845" lon="84.6236">
      <ele>3971.176799999976</ele>
    </rtept>
    <rtept lat="28.65841" lon="84.62354">
      <ele>3970.1506559999334</ele>
    </rtept>
    <rtept lat="28.6584" lon="84.62347">
      <ele>3970.5259200000432</ele>
    </rtept>
    <rtept lat="28.65836" lon="84.62342">
      <ele>3969.2820479999646</ele>
    </rtept>
    <rtept lat="28.65834" lon="84.62331">
      <ele>3969.660095999902</ele>
    </rtept>
    <rtept lat="28.65826" lon="84.62316">
      <ele>3968.1315839999415</ele>
    </rtept>
    <rtept lat="28.65822" lon="84.6230099">
      <ele>3967.044360000003</ele>
    </rtept>
    <rtept lat="28.65822" lon="84.62281">
      <ele>3967.763999999997</ele>
    </rtept>
    <rtept lat="28.65818" lon="84.62275">
      <ele>3966.0648000001324</ele>
    </rtept>
    <rtept lat="28.65814" lon="84.6224">
      <ele>3970.213440000007</ele>
    </rtept>
    <rtept lat="28.65808" lon="84.6222">
      <ele>3973.6467199997664</ele>
    </rtept>
    <rtept lat="28.65803" lon="84.62161">
      <ele>3989.7639999999737</ele>
    </rtept>
    <rtept lat="28.65799" lon="84.62152">
      <ele>3989.4040000000145</ele>
    </rtept>
    <rtept lat="28.65799" lon="84.62144">
      <ele>3989.9799999999927</ele>
    </rtept>
    <rtept lat="28.65802" lon="84.62141">
      <ele>3990.9520000000307</ele>
    </rtept>
    <rtept lat="28.65799" lon="84.6213099">
      <ele>3992.2714110400448</ele>
    </rtept>
    <rtept lat="28.65802" lon="84.62115">
      <ele>3997.013920000011</ele>
    </rtept>
    <rtept lat="28.65795" lon="84.62098">
      <ele>4000.1419199998913</ele>
    </rtept>
    <rtept lat="28.65796" lon="84.62044">
      <ele>4007.3848959999655</ele>
    </rtept>
    <rtept lat="28.65801" lon="84.62029">
      <ele>4009.7112160000397</ele>
    </rtept>
    <rtept lat="28.65812" lon="84.62005">
      <ele>4015.90224000001</ele>
    </rtept>
    <rtept lat="28.65815" lon="84.61977">
      <ele>4020.7939199999237</ele>
    </rtept>
    <rtept lat="28.65819" lon="84.61953">
      <ele>4023.671216000049</ele>
    </rtept>
    <rtept lat="28.6582" lon="84.61943">
      <ele>4024.328960000079</ele>
    </rtept>
    <rtept lat="28.65816" lon="84.61932">
      <ele>4023.9355519999403</ele>
    </rtept>
    <rtept lat="28.65817" lon="84.61915">
      <ele>4025.852719999904</ele>
    </rtept>
    <rtept lat="28.65814" lon="84.61903">
      <ele>4025.8695680000237</ele>
    </rtept>
    <rtept lat="28.65811" lon="84.61882">
      <ele>4027.3944320000346</ele>
    </rtept>
    <rtept lat="28.65803" lon="84.61855">
      <ele>4029.9792800000423</ele>
    </rtept>
    <rtept lat="28.65801" lon="84.61839">
      <ele>4034.9043679998586</ele>
    </rtept>
    <rtept lat="28.65799" lon="84.6183099">
      <ele>4035.825899360114</ele>
    </rtept>
    <rtept lat="28.65802" lon="84.61815">
      <ele>4038.9156800000396</ele>
    </rtept>
    <rtept lat="28.658" lon="84.61782">
      <ele>4042.8576000002217</ele>
    </rtept>
    <rtept lat="28.65801" lon="84.61775">
      <ele>4044.8544000000506</ele>
    </rtept>
    <rtept lat="28.65805" lon="84.61769">
      <ele>4048.2499199999875</ele>
    </rtept>
    <rtept lat="28.65819" lon="84.61758">
      <ele>4058.546432000022</ele>
    </rtept>
    <rtept lat="28.65826" lon="84.61749">
      <ele>4064.642527999918</ele>
    </rtept>
    <rtept lat="28.65828" lon="84.61742">
      <ele>4065.3950720000394</ele>
    </rtept>
    <rtept lat="28.65828" lon="84.61734">
      <ele>4064.63014400006</ele>
    </rtept>
    <rtept lat="28.65817" lon="84.61726">
      <ele>4058.340223999914</ele>
    </rtept>
    <rtept lat="28.65816" lon="84.61722">
      <ele>4057.9150079999044</ele>
    </rtept>
    <rtept lat="28.65816" lon="84.61715">
      <ele>4058.7657600000016</ele>
    </rtept>
    <rtept lat="28.65822" lon="84.61709">
      <ele>4062.4057919999414</ele>
    </rtept>
    <rtept lat="28.65832" lon="84.61694">
      <ele>4069.379071999995</ele>
    </rtept>
    <rtept lat="28.65834" lon="84.61688">
      <ele>4071.2629759999827</ele>
    </rtept>
    <rtept lat="28.65834" lon="84.6168">
      <ele>4072.1753599999397</ele>
    </rtept>
    <rtept lat="28.65833" lon="84.61673">
      <ele>4072.185055999934</ele>
    </rtept>
    <rtept lat="28.65828" lon="84.61662">
      <ele>4072.4240000001155</ele>
    </rtept>
    <rtept lat="28.65826" lon="84.61638">
      <ele>4078.6479999997327</ele>
    </rtept>
    <rtept lat="28.65827" lon="84.6162499">
      <ele>4083.223240000071</ele>
    </rtept>
    <rtept lat="28.6582" lon="84.6162">
      <ele>4082.319999999825</ele>
    </rtept>
    <rtept lat="28.65814" lon="84.61617">
      <ele>4081.132000000085</ele>
    </rtept>
    <rtept lat="28.65806" lon="84.61595">
      <ele>4083.0692799999983</ele>
    </rtept>
    <rtept lat="28.65804" lon="84.61583">
      <ele>4084.786655999988</ele>
    </rtept>
    <rtept lat="28.65805" lon="84.61571">
      <ele>4085.3462399999644</ele>
    </rtept>
    <rtept lat="28.65804" lon="84.61561">
      <ele>4085.4899519999826</ele>
    </rtept>
    <rtept lat="28.65807" lon="84.61549">
      <ele>4088.3034560000856</ele>
    </rtept>
    <rtept lat="28.65807" lon="84.61532">
      <ele>4092.52380800002</ele>
    </rtept>
    <rtept lat="28.65804" lon="84.61529">
      <ele>4092.570143999953</ele>
    </rtept>
    <rtept lat="28.65801" lon="84.61528">
      <ele>4092.610752000049</ele>
    </rtept>
    <rtept lat="28.65778" lon="84.61544">
      <ele>4084.610687999721</ele>
    </rtept>
    <rtept lat="28.65755" lon="84.61554">
      <ele>4075.9256000002392</ele>
    </rtept>
    <rtept lat="28.65752" lon="84.61553">
      <ele>4075.8708799996507</ele>
    </rtept>
    <rtept lat="28.6575" lon="84.61549">
      <ele>4077.7760000003027</ele>
    </rtept>
    <rtept lat="28.65758" lon="84.61516">
      <ele>4091.682111999961</ele>
    </rtept>
    <rtept lat="28.65756" lon="84.6151">
      <ele>4092.274240000022</ele>
    </rtept>
    <rtept lat="28.65756" lon="84.6150399">
      <ele>4092.970053760009</ele>
    </rtept>
    <rtept lat="28.65753" lon="84.61497">
      <ele>4092.760672000002</ele>
    </rtept>
    <rtept lat="28.65749" lon="84.61482">
      <ele>4090.4019519999288</ele>
    </rtept>
    <rtept lat="28.65747" lon="84.61463">
      <ele>4091.800719999857</ele>
    </rtept>
    <rtept lat="28.65747" lon="84.61462">
      <ele>4092.069279999942</ele>
    </rtept>
    <rtept lat="28.65746" lon="84.61447">
      <ele>4096.042240000078</ele>
    </rtept>
    <rtept lat="28.6575" lon="84.6142799">
      <ele>4107.070119999998</ele>
    </rtept>
    <rtept lat="28.65758" lon="84.61403">
      <ele>4115.284479999991</ele>
    </rtept>
    <rtept lat="28.65757" lon="84.61397">
      <ele>4115.396080000019</ele>
    </rtept>
    <rtept lat="28.6576" lon="84.6139">
      <ele>4116.44799999996</ele>
    </rtept>
    <rtept lat="28.6576" lon="84.61377">
      <ele>4117.821119999911</ele>
    </rtept>
    <rtept lat="28.65754" lon="84.61362">
      <ele>4115.023488000071</ele>
    </rtept>
    <rtept lat="28.65754" lon="84.61358">
      <ele>4116.431616000117</ele>
    </rtept>
    <rtept lat="28.65746" lon="84.61349">
      <ele>4116.545376000061</ele>
    </rtept>
    <rtept lat="28.65738" lon="84.6133399">
      <ele>4118.757017279999</ele>
    </rtept>
    <rtept lat="28.65735" lon="84.61324">
      <ele>4121.908799999831</ele>
    </rtept>
    <rtept lat="28.65738" lon="84.61324">
      <ele>4123.602239999753</ele>
    </rtept>
    <rtept lat="28.65737" lon="84.61321">
      <ele>4124.513040000259</ele>
    </rtept>
    <rtept lat="28.65725" lon="84.6131">
      <ele>4122.059999999963</ele>
    </rtept>
    <rtept lat="28.65721" lon="84.61301">
      <ele>4121.085183999948</ele>
    </rtept>
    <rtept lat="28.65707" lon="84.61293">
      <ele>4115.984703999783</ele>
    </rtept>
    <rtept lat="28.65696" lon="84.61279">
      <ele>4122.879135999677</ele>
    </rtept>
    <rtept lat="28.65698" lon="84.61269">
      <ele>4125.001343999986</ele>
    </rtept>
    <rtept lat="28.65697" lon="84.61263">
      <ele>4125.998832000059</ele>
    </rtept>
    <rtept lat="28.65691" lon="84.61254">
      <ele>4126.431008000074</ele>
    </rtept>
    <rtept lat="28.65697" lon="84.61227">
      <ele>4144.798464000398</ele>
    </rtept>
    <rtept lat="28.65702" lon="84.61216">
      <ele>4152.517567999875</ele>
    </rtept>
    <rtept lat="28.65706" lon="84.61212">
      <ele>4155.95052799994</ele>
    </rtept>
    <rtept lat="28.65709" lon="84.61211">
      <ele>4158.030175999971</ele>
    </rtept>
    <rtept lat="28.65711" lon="84.61192">
      <ele>4164.711967999938</ele>
    </rtept>
    <rtept lat="28.65718" lon="84.61172">
      <ele>4166.217344000105</ele>
    </rtept>
    <rtept lat="28.65719" lon="84.61155">
      <ele>4166.387600000035</ele>
    </rtept>
    <rtept lat="28.65722" lon="84.61153">
      <ele>4167.423679999955</ele>
    </rtept>
    <rtept lat="28.65723" lon="84.61144">
      <ele>4167.971455999963</ele>
    </rtept>
    <rtept lat="28.65729" lon="84.61135">
      <ele>4170.237519999951</ele>
    </rtept>
    <rtept lat="28.65734" lon="84.6112">
      <ele>4174.695040000096</ele>
    </rtept>
    <rtept lat="28.65733" lon="84.61073">
      <ele>4185.482688000015</ele>
    </rtept>
    <rtept lat="28.65735" lon="84.61057">
      <ele>4188.248640000108</ele>
    </rtept>
    <rtept lat="28.65729" lon="84.61044">
      <ele>4186.035007999998</ele>
    </rtept>
    <rtept lat="28.65735" lon="84.6104299">
      <ele>4189.308531200057</ele>
    </rtept>
    <rtept lat="28.65736" lon="84.61023">
      <ele>4192.229439999998</ele>
    </rtept>
    <rtept lat="28.65733" lon="84.61005">
      <ele>4195.817200000043</ele>
    </rtept>
    <rtept lat="28.65734" lon="84.60992">
      <ele>4200.343551999968</ele>
    </rtept>
    <rtept lat="28.65731" lon="84.6098">
      <ele>4203.485919999724</ele>
    </rtept>
    <rtept lat="28.65732" lon="84.60973">
      <ele>4206.195423999996</ele>
    </rtept>
    <rtept lat="28.6573" lon="84.60957">
      <ele>4205.017440000012</ele>
    </rtept>
    <rtept lat="28.65731" lon="84.60952">
      <ele>4204.986047999991</ele>
    </rtept>
    <rtept lat="28.65726" lon="84.60938">
      <ele>4202.9191040000305</ele>
    </rtept>
    <rtept lat="28.65726" lon="84.6093">
      <ele>4202.709440000041</ele>
    </rtept>
    <rtept lat="28.65734" lon="84.6089499">
      <ele>4208.692312640071</ele>
    </rtept>
    <rtept lat="28.65738" lon="84.60882">
      <ele>4211.851136000042</ele>
    </rtept>
    <rtept lat="28.6574" lon="84.60863">
      <ele>4214.239519999924</ele>
    </rtept>
    <rtept lat="28.65744" lon="84.60849">
      <ele>4217.242176000002</ele>
    </rtept>
    <rtept lat="28.65747" lon="84.6082">
      <ele>4221.091680000026</ele>
    </rtept>
    <rtept lat="28.65739" lon="84.60769">
      <ele>4224.768591999886</ele>
    </rtept>
    <rtept lat="28.65738" lon="84.6075">
      <ele>4227.5199999999595</ele>
    </rtept>
    <rtept lat="28.65747" lon="84.60729">
      <ele>4229.6825920000765</ele>
    </rtept>
    <rtept lat="28.65746" lon="84.60715">
      <ele>4228.045760000037</ele>
    </rtept>
    <rtept lat="28.65749" lon="84.60712">
      <ele>4228.920991999939</ele>
    </rtept>
    <rtept lat="28.65755" lon="84.60703">
      <ele>4230.291439999978</ele>
    </rtept>
    <rtept lat="28.65755" lon="84.6069799">
      <ele>4229.898255200011</ele>
    </rtept>
    <rtept lat="28.65747" lon="84.60691">
      <ele>4227.850608000013</ele>
    </rtept>
    <rtept lat="28.65745" lon="84.60684">
      <ele>4228.552319999928</ele>
    </rtept>
    <rtept lat="28.65743" lon="84.60655">
      <ele>4236.437280000128</ele>
    </rtept>
    <rtept lat="28.65735" lon="84.6063099">
      <ele>4241.680377600074</ele>
    </rtept>
    <rtept lat="28.65723" lon="84.60615">
      <ele>4240.951679999944</ele>
    </rtept>
    <rtept lat="28.65712" lon="84.60606">
      <ele>4235.733695999946</ele>
    </rtept>
    <rtept lat="28.65706" lon="84.60598">
      <ele>4233.941184000012</ele>
    </rtept>
    <rtept lat="28.65698" lon="84.60587">
      <ele>4233.219168000187</ele>
    </rtept>
    <rtept lat="28.65694" lon="84.60576">
      <ele>4233.624447999912</ele>
    </rtept>
    <rtept lat="28.65696" lon="84.60569">
      <ele>4235.220000000114</ele>
    </rtept>
    <rtept lat="28.65696" lon="84.60563">
      <ele>4235.868000000011</ele>
    </rtept>
    <rtept lat="28.65712" lon="84.6052">
      <ele>4245.862719999917</ele>
    </rtept>
    <rtept lat="28.65716" lon="84.60499">
      <ele>4246.624192000083</ele>
    </rtept>
    <rtept lat="28.6571" lon="84.60488">
      <ele>4241.482239999936</ele>
    </rtept>
    <rtept lat="28.65704" lon="84.60479">
      <ele>4236.999807999867</ele>
    </rtept>
    <rtept lat="28.65705" lon="84.60472">
      <ele>4237.100640000093</ele>
    </rtept>
    <rtept lat="28.65709" lon="84.60472">
      <ele>4239.394272000011</ele>
    </rtept>
    <rtept lat="28.65717" lon="84.60456">
      <ele>4243.228128000058</ele>
    </rtept>
    <rtept lat="28.65716" lon="84.6045199">
      <ele>4242.699293760036</ele>
    </rtept>
    <rtept lat="28.65728" lon="84.60445">
      <ele>4247.608480000007</ele>
    </rtept>
    <rtept lat="28.65731" lon="84.60441">
      <ele>4249.417631999933</ele>
    </rtept>
    <rtept lat="28.65736" lon="84.60432">
      <ele>4252.435584000038</ele>
    </rtept>
    <rtept lat="28.65736" lon="84.60427">
      <ele>4252.437024000037</ele>
    </rtept>
    <rtept lat="28.65733" lon="84.60418">
      <ele>4250.809248000095</ele>
    </rtept>
    <rtept lat="28.65722" lon="84.60412">
      <ele>4246.643968000172</ele>
    </rtept>
    <rtept lat="28.65708" lon="84.60396">
      <ele>4249.249215999991</ele>
    </rtept>
    <rtept lat="28.65704" lon="84.60394">
      <ele>4248.930112000127</ele>
    </rtept>
    <rtept lat="28.65698" lon="84.60394">
      <ele>4247.537344000168</ele>
    </rtept>
    <rtept lat="28.65684" lon="84.60386">
      <ele>4250.6987520001185</ele>
    </rtept>
    <rtept lat="28.65675" lon="84.60385">
      <ele>4251.864000000168</ele>
    </rtept>
    <rtept lat="28.65671" lon="84.60376">
      <ele>4254.100608000127</ele>
    </rtept>
    <rtept lat="28.65664" lon="84.6033">
      <ele>4258.700479999924</ele>
    </rtept>
    <rtept lat="28.65665" lon="84.60315">
      <ele>4261.120399999982</ele>
    </rtept>
    <rtept lat="28.65668" lon="84.60303">
      <ele>4264.232576000031</ele>
    </rtept>
    <rtept lat="28.65668" lon="84.60297">
      <ele>4265.210624000121</ele>
    </rtept>
    <rtept lat="28.65666" lon="84.60289">
      <ele>4265.13939199992</ele>
    </rtept>
    <rtept lat="28.65661" lon="84.60279">
      <ele>4264.597952000038</ele>
    </rtept>
    <rtept lat="28.65662" lon="84.60276">
      <ele>4265.855487999873</ele>
    </rtept>
    <rtept lat="28.65662" lon="84.60272">
      <ele>4267.438335999811</ele>
    </rtept>
    <rtept lat="28.65647" lon="84.60248">
      <ele>4267.506879999932</ele>
    </rtept>
    <rtept lat="28.65641" lon="84.60235">
      <ele>4267.946800000012</ele>
    </rtept>
    <rtept lat="28.6564" lon="84.60216">
      <ele>4274.831040000177</ele>
    </rtept>
    <rtept lat="28.65643" lon="84.60199">
      <ele>4285.192271999975</ele>
    </rtept>
    <rtept lat="28.65636" lon="84.60172">
      <ele>4295.303679999931</ele>
    </rtept>
    <rtept lat="28.6563" lon="84.6016">
      <ele>4293.745599999996</ele>
    </rtept>
    <rtept lat="28.65626" lon="84.60147">
      <ele>4295.252703999736</ele>
    </rtept>
    <rtept lat="28.65624" lon="84.6013">
      <ele>4298.653440000081</ele>
    </rtept>
    <rtept lat="28.65625" lon="84.60128">
      <ele>4299.371999999967</ele>
    </rtept>
    <rtept lat="28.65628" lon="84.60129">
      <ele>4300.657343999868</ele>
    </rtept>
    <rtept lat="28.65629" lon="84.60127">
      <ele>4301.410895999938</ele>
    </rtept>
    <rtept lat="28.6562" lon="84.60094">
      <ele>4302.865600000034</ele>
    </rtept>
    <rtept lat="28.65619" lon="84.60075">
      <ele>4304.805999999897</ele>
    </rtept>
    <rtept lat="28.65615" lon="84.60065">
      <ele>4301.60200000002</ele>
    </rtept>
    <rtept lat="28.65612" lon="84.60048">
      <ele>4299.650816000071</ele>
    </rtept>
    <rtept lat="28.65617" lon="84.60038">
      <ele>4305.731935999932</ele>
    </rtept>
    <rtept lat="28.65617" lon="84.60032">
      <ele>4306.563103999997</ele>
    </rtept>
    <rtept lat="28.65616" lon="84.60005">
      <ele>4315.898080000157</ele>
    </rtept>
    <rtept lat="28.65618" lon="84.59997">
      <ele>4320.135999999943</ele>
    </rtept>
    <rtept lat="28.65617" lon="84.59989">
      <ele>4320.459999999928</ele>
    </rtept>
    <rtept lat="28.65618" lon="84.59978">
      <ele>4322.871999999991</ele>
    </rtept>
    <rtept lat="28.65622" lon="84.59972">
      <ele>4327.029184000061</ele>
    </rtept>
    <rtept lat="28.65627" lon="84.59962">
      <ele>4331.365023999942</ele>
    </rtept>
    <rtept lat="28.6563" lon="84.59948">
      <ele>4333.570240000102</ele>
    </rtept>
    <rtept lat="28.65627" lon="84.59932">
      <ele>4331.467743999969</ele>
    </rtept>
    <rtept lat="28.65624" lon="84.59927">
      <ele>4329.596608000028</ele>
    </rtept>
    <rtept lat="28.65612" lon="84.59917">
      <ele>4322.512384000075</ele>
    </rtept>
    <rtept lat="28.65612" lon="84.59902">
      <ele>4325.185792000155</ele>
    </rtept>
    <rtept lat="28.65604" lon="84.59883">
      <ele>4322.865088000021</ele>
    </rtept>
    <rtept lat="28.65604" lon="84.59876">
      <ele>4323.123136000048</ele>
    </rtept>
    <rtept lat="28.65605" lon="84.5986999">
      <ele>4323.858716800023</ele>
    </rtept>
    <rtept lat="28.65608" lon="84.59867">
      <ele>4325.4490239999695</ele>
    </rtept>
    <rtept lat="28.65619" lon="84.59848">
      <ele>4334.491903999923</ele>
    </rtept>
    <rtept lat="28.65624" lon="84.5983399">
      <ele>4339.182657920032</ele>
    </rtept>
    <rtept lat="28.65626" lon="84.59818">
      <ele>4342.8807679999845</ele>
    </rtept>
    <rtept lat="28.65629" lon="84.59811">
      <ele>4345.689343999848</ele>
    </rtept>
    <rtept lat="28.6563" lon="84.59794">
      <ele>4348.943360000189</ele>
    </rtept>
    <rtept lat="28.65637" lon="84.59775">
      <ele>4355.3091999999215</ele>
    </rtept>
    <rtept lat="28.65632" lon="84.59757">
      <ele>4354.0864960000135</ele>
    </rtept>
    <rtept lat="28.65632" lon="84.5974899">
      <ele>4354.473605440041</ele>
    </rtept>
    <rtept lat="28.65645" lon="84.59721">
      <ele>4360.554319999964</ele>
    </rtept>
    <rtept lat="28.65647" lon="84.59712">
      <ele>4361.932543999925</ele>
    </rtept>
    <rtept lat="28.65654" lon="84.59704">
      <ele>4366.003135999973</ele>
    </rtept>
    <rtept lat="28.65654" lon="84.59697">
      <ele>4366.118047999986</ele>
    </rtept>
    <rtept lat="28.65656" lon="84.59692">
      <ele>4367.781376000006</ele>
    </rtept>
    <rtept lat="28.65657" lon="84.5968199">
      <ele>4370.489887839928</ele>
    </rtept>
    <rtept lat="28.6566" lon="84.59677">
      <ele>4372.9921599999125</ele>
    </rtept>
    <rtept lat="28.65661" lon="84.59666">
      <ele>4375.6955200000275</ele>
    </rtept>
    <rtept lat="28.65664" lon="84.59666">
      <ele>4377.0044799999805</ele>
    </rtept>
    <rtept lat="28.65666" lon="84.59667">
      <ele>4377.651135999882</ele>
    </rtept>
    <rtept lat="28.65668" lon="84.59665">
      <ele>4379.473120000193</ele>
    </rtept>
    <rtept lat="28.65664" lon="84.59658">
      <ele>4378.8822399999035</ele>
    </rtept>
    <rtept lat="28.65667" lon="84.59651">
      <ele>4382.205231999993</ele>
    </rtept>
    <rtept lat="28.65664" lon="84.5964599">
      <ele>4381.701227199987</ele>
    </rtept>
    <rtept lat="28.65666" lon="84.59643">
      <ele>4383.573759999969</ele>
    </rtept>
    <rtept lat="28.65666" lon="84.59638">
      <ele>4384.685695999954</ele>
    </rtept>
    <rtept lat="28.65665" lon="84.59635">
      <ele>4384.374799999935</ele>
    </rtept>
    <rtept lat="28.65662" lon="84.59635">
      <ele>4382.493440000005</ele>
    </rtept>
    <rtept lat="28.65656" lon="84.5962">
      <ele>4379.728639999957</ele>
    </rtept>
    <rtept lat="28.65656" lon="84.59617">
      <ele>4379.928223999925</ele>
    </rtept>
    <rtept lat="28.6566" lon="84.59616">
      <ele>4382.798720000086</ele>
    </rtept>
    <rtept lat="28.65663" lon="84.59617">
      <ele>4384.807951999984</ele>
    </rtept>
    <rtept lat="28.65664" lon="84.59615">
      <ele>4385.700320000018</ele>
    </rtept>
    <rtept lat="28.65664" lon="84.59609">
      <ele>4386.543295999881</ele>
    </rtept>
    <rtept lat="28.65666" lon="84.59607">
      <ele>4388.411551999959</ele>
    </rtept>
    <rtept lat="28.65666" lon="84.596">
      <ele>4389.929599999825</ele>
    </rtept>
    <rtept lat="28.65669" lon="84.59596">
      <ele>4393.243039999998</ele>
    </rtept>
    <rtept lat="28.65669" lon="84.59591">
      <ele>4394.171840000021</ele>
    </rtept>
    <rtept lat="28.65676" lon="84.59586">
      <ele>4400.130559999869</ele>
    </rtept>
    <rtept lat="28.65695" lon="84.59549">
      <ele>4404.128399999848</ele>
    </rtept>
    <rtept lat="28.65699" lon="84.59536">
      <ele>4399.074719999984</ele>
    </rtept>
    <rtept lat="28.65725" lon="84.59531">
      <ele>4402.411199999865</ele>
    </rtept>
    <rtept lat="28.65736" lon="84.59531">
      <ele>4403.691071999852</ele>
    </rtept>
    <rtept lat="28.65737" lon="84.59528">
      <ele>4401.748512000173</ele>
    </rtept>
    <rtept lat="28.65744" lon="84.59524">
      <ele>4400.690624000185</ele>
    </rtept>
    <rtept lat="28.6575" lon="84.59522">
      <ele>4400.503999999883</ele>
    </rtept>
    <rtept lat="28.65756" lon="84.59524">
      <ele>4402.232000000171</ele>
    </rtept>
    <rtept lat="28.6576" lon="84.59519">
      <ele>4400.648000000081</ele>
    </rtept>
    <rtept lat="28.65766" lon="84.59517">
      <ele>4400.647999999825</ele>
    </rtept>
    <rtept lat="28.65791" lon="84.59508">
      <ele>4402.739999999858</ele>
    </rtept>
    <rtept lat="28.65798" lon="84.59504">
      <ele>4403.279999999834</ele>
    </rtept>
    <rtept lat="28.65801" lon="84.59501">
      <ele>4402.956000000115</ele>
    </rtept>
    <rtept lat="28.65804" lon="84.5949">
      <ele>4402.715519999956</ele>
    </rtept>
    <rtept lat="28.65808" lon="84.59486">
      <ele>4404.224704000072</ele>
    </rtept>
    <rtept lat="28.65811" lon="84.59481">
      <ele>4405.4481280000045</ele>
    </rtept>
    <rtept lat="28.65809" lon="84.59475">
      <ele>4404.035200000108</ele>
    </rtept>
    <rtept lat="28.65788" lon="84.59439">
      <ele>4399.896127999795</ele>
    </rtept>
    <rtept lat="28.65782" lon="84.59436">
      <ele>4397.06220800022</ele>
    </rtept>
    <rtept lat="28.65776" lon="84.59427">
      <ele>4395.694848000125</ele>
    </rtept>
    <rtept lat="28.65771" lon="84.59424">
      <ele>4392.662496000141</ele>
    </rtept>
    <rtept lat="28.65768" lon="84.59418">
      <ele>4391.62137600005</ele>
    </rtept>
    <rtept lat="28.65761" lon="84.59393">
      <ele>4394.627999999848</ele>
    </rtept>
    <rtept lat="28.65757" lon="84.59386">
      <ele>4392.976959999938</ele>
    </rtept>
    <rtept lat="28.65754" lon="84.59374">
      <ele>4391.534080000096</ele>
    </rtept>
    <rtept lat="28.65754" lon="84.59363">
      <ele>4392.436960000025</ele>
    </rtept>
    <rtept lat="28.65759" lon="84.59354">
      <ele>4393.535168000082</ele>
    </rtept>
    <rtept lat="28.65761" lon="84.59347">
      <ele>4392.460495999779</ele>
    </rtept>
    <rtept lat="28.65767" lon="84.59341">
      <ele>4393.894736000177</ele>
    </rtept>
    <rtept lat="28.65772" lon="84.59338">
      <ele>4395.623167999928</ele>
    </rtept>
    <rtept lat="28.65782" lon="84.59336">
      <ele>4400.748224000224</ele>
    </rtept>
    <rtept lat="28.65785" lon="84.5933699">
      <ele>4403.025360799951</ele>
    </rtept>
    <rtept lat="28.65798" lon="84.59333">
      <ele>4409.982943999704</ele>
    </rtept>
    <rtept lat="28.65802" lon="84.59329">
      <ele>4411.212127999898</ele>
    </rtept>
    <rtept lat="28.65811" lon="84.59315">
      <ele>4411.67071999985</ele>
    </rtept>
    <rtept lat="28.65833" lon="84.59293">
      <ele>4414.370031999771</ele>
    </rtept>
    <rtept lat="28.65848" lon="84.59267">
      <ele>4409.59372799995</ele>
    </rtept>
    <rtept lat="28.65854" lon="84.5926">
      <ele>4409.128320000152</ele>
    </rtept>
    <rtept lat="28.65875" lon="84.59242">
      <ele>4413.696000000195</ele>
    </rtept>
    <rtept lat="28.65881" lon="84.59231">
      <ele>4414.279487999872</ele>
    </rtept>
    <rtept lat="28.65879" lon="84.59227">
      <ele>4411.918463999964</ele>
    </rtept>
    <rtept lat="28.65882" lon="84.59213">
      <ele>4412.618335999913</ele>
    </rtept>
    <rtept lat="28.65874" lon="84.59189">
      <ele>4408.791167999989</ele>
    </rtept>
    <rtept lat="28.65871" lon="84.59171">
      <ele>4410.214607999847</ele>
    </rtept>
    <rtept lat="28.65863" lon="84.59113">
      <ele>4417.015375999808</ele>
    </rtept>
    <rtept lat="28.65864" lon="84.59084">
      <ele>4418.077503999878</ele>
    </rtept>
    <rtept lat="28.65856" lon="84.59044">
      <ele>4414.779456000055</ele>
    </rtept>
    <rtept lat="28.65857" lon="84.59032">
      <ele>4416.494495999991</ele>
    </rtept>
    <rtept lat="28.65852" lon="84.59011">
      <ele>4417.229888000041</ele>
    </rtept>
    <rtept lat="28.6585" lon="84.59007">
      <ele>4416.840800000052</ele>
    </rtept>
    <rtept lat="28.6583" lon="84.58995">
      <ele>4409.29519999996</ele>
    </rtept>
    <rtept lat="28.65825" lon="84.5898799">
      <ele>4409.299195999951</ele>
    </rtept>
    <rtept lat="28.65824" lon="84.5897899">
      <ele>4412.273909119975</ele>
    </rtept>
    <rtept lat="28.65826" lon="84.58967">
      <ele>4415.932159999894</ele>
    </rtept>
    <rtept lat="28.65835" lon="84.58937">
      <ele>4418.112079999948</ele>
    </rtept>
    <rtept lat="28.65832" lon="84.58923">
      <ele>4415.134111999998</ele>
    </rtept>
    <rtept lat="28.65835" lon="84.58914">
      <ele>4416.242239999916</ele>
    </rtept>
    <rtept lat="28.65841" lon="84.5886">
      <ele>4426.347039999994</ele>
    </rtept>
    <rtept lat="28.65841" lon="84.58843">
      <ele>4425.291952000013</ele>
    </rtept>
    <rtept lat="28.65842" lon="84.58837">
      <ele>4425.5268159999605</ele>
    </rtept>
    <rtept lat="28.6584" lon="84.58824">
      <ele>4422.050559999998</ele>
    </rtept>
    <rtept lat="28.65842" lon="84.58819">
      <ele>4422.335967999917</ele>
    </rtept>
    <rtept lat="28.65843" lon="84.58808">
      <ele>4420.801504000044</ele>
    </rtept>
    <rtept lat="28.65841" lon="84.58804">
      <ele>4418.7554560000135</ele>
    </rtept>
    <rtept lat="28.65841" lon="84.58796">
      <ele>4418.546943999984</ele>
    </rtept>
    <rtept lat="28.65849" lon="84.58733">
      <ele>4428.0788320000765</ele>
    </rtept>
    <rtept lat="28.65843" lon="84.58711">
      <ele>4427.7285920000395</ele>
    </rtept>
    <rtept lat="28.65842" lon="84.587">
      <ele>4429.241599999914</ele>
    </rtept>
    <rtept lat="28.65842" lon="84.58665">
      <ele>4436.239839999916</ele>
    </rtept>
    <rtept lat="28.65839" lon="84.58651">
      <ele>4436.562831999978</ele>
    </rtept>
    <rtept lat="28.6584" lon="84.58647">
      <ele>4437.442239999946</ele>
    </rtept>
    <rtept lat="28.65837" lon="84.58623">
      <ele>4438.53950400005</ele>
    </rtept>
    <rtept lat="28.65838" lon="84.58613">
      <ele>4439.700576000063</ele>
    </rtept>
    <rtept lat="28.65843" lon="84.58608">
      <ele>4442.052000000002</ele>
    </rtept>
    <rtept lat="28.65853" lon="84.58584">
      <ele>4447.7399999999225</ele>
    </rtept>
    <rtept lat="28.65862" lon="84.58573">
      <ele>4451.904095999948</ele>
    </rtept>
    <rtept lat="28.65863" lon="84.5856699">
      <ele>4452.704351519925</ele>
    </rtept>
    <rtept lat="28.65867" lon="84.58563">
      <ele>4455.180816000059</ele>
    </rtept>
    <rtept lat="28.65866" lon="84.58542">
      <ele>4457.256000000079</ele>
    </rtept>
    <rtept lat="28.65893" lon="84.58489">
      <ele>4471.570608000066</ele>
    </rtept>
    <rtept lat="28.65919" lon="84.58459">
      <ele>4474.768095999972</ele>
    </rtept>
    <rtept lat="28.65926" lon="84.58445">
      <ele>4476.0563200000215</ele>
    </rtept>
    <rtept lat="28.65923" lon="84.58423">
      <ele>4475.787968000004</ele>
    </rtept>
  </rte>
  <rte>
    <name>Manaslu Trek - Day 10</name>
    <rtept lat="28.65918" lon="84.58373">
      <ele>4475.941088000062</ele>
    </rtept>
    <rtept lat="28.65914" lon="84.58351">
      <ele>4480.283615999773</ele>
    </rtept>
    <rtept lat="28.65906" lon="84.58346">
      <ele>4482.870143999895</ele>
    </rtept>
    <rtept lat="28.65887" lon="84.5833">
      <ele>4484.980160000139</ele>
    </rtept>
    <rtept lat="28.65887" lon="84.58315">
      <ele>4488.256879999939</ele>
    </rtept>
    <rtept lat="28.65898" lon="84.58282">
      <ele>4495.627008000017</ele>
    </rtept>
    <rtept lat="28.65914" lon="84.58251">
      <ele>4504.839456000038</ele>
    </rtept>
    <rtept lat="28.65928" lon="84.58219">
      <ele>4512.805311999936</ele>
    </rtept>
    <rtept lat="28.6593" lon="84.58214">
      <ele>4513.184320000037</ele>
    </rtept>
    <rtept lat="28.65931" lon="84.58205">
      <ele>4512.95968000003</ele>
    </rtept>
    <rtept lat="28.65935" lon="84.58201">
      <ele>4514.560959999976</ele>
    </rtept>
    <rtept lat="28.65944" lon="84.58171">
      <ele>4511.234016000031</ele>
    </rtept>
    <rtept lat="28.65947" lon="84.58168">
      <ele>4512.4339200000895</ele>
    </rtept>
    <rtept lat="28.65951" lon="84.58176">
      <ele>4517.819520000148</ele>
    </rtept>
    <rtept lat="28.65955" lon="84.5816">
      <ele>4518.623999999977</ele>
    </rtept>
    <rtept lat="28.65961" lon="84.5816399">
      <ele>4523.113927200049</ele>
    </rtept>
    <rtept lat="28.65964" lon="84.58157">
      <ele>4525.307039999965</ele>
    </rtept>
    <rtept lat="28.65967" lon="84.58156">
      <ele>4527.456959999873</ele>
    </rtept>
    <rtept lat="28.65972" lon="84.58146">
      <ele>4530.365760000052</ele>
    </rtept>
    <rtept lat="28.65977" lon="84.58129">
      <ele>4531.524000000052</ele>
    </rtept>
    <rtept lat="28.66005" lon="84.58083">
      <ele>4546.607359999761</ele>
    </rtept>
    <rtept lat="28.66021" lon="84.58068">
      <ele>4557.330751999954</ele>
    </rtept>
    <rtept lat="28.6603" lon="84.58055">
      <ele>4562.79679999995</ele>
    </rtept>
    <rtept lat="28.66036" lon="84.58044">
      <ele>4566.081728000071</ele>
    </rtept>
    <rtept lat="28.66039" lon="84.58036">
      <ele>4567.883168000003</ele>
    </rtept>
    <rtept lat="28.66054" lon="84.5801199">
      <ele>4573.303672640019</ele>
    </rtept>
    <rtept lat="28.66061" lon="84.58007">
      <ele>4575.75739199992</ele>
    </rtept>
    <rtept lat="28.66069" lon="84.57991">
      <ele>4579.508735999978</ele>
    </rtept>
    <rtept lat="28.66076" lon="84.57982">
      <ele>4582.044288000004</ele>
    </rtept>
    <rtept lat="28.66079" lon="84.57953">
      <ele>4585.203663999934</ele>
    </rtept>
    <rtept lat="28.66084" lon="84.57944">
      <ele>4586.310463999899</ele>
    </rtept>
    <rtept lat="28.66087" lon="84.57926">
      <ele>4590.821407999882</ele>
    </rtept>
    <rtept lat="28.66099" lon="84.57907">
      <ele>4597.166911999985</ele>
    </rtept>
    <rtept lat="28.66099" lon="84.57897">
      <ele>4599.594752000056</ele>
    </rtept>
    <rtept lat="28.66102" lon="84.57893">
      <ele>4600.737824000009</ele>
    </rtept>
    <rtept lat="28.66101" lon="84.57888">
      <ele>4601.839648000048</ele>
    </rtept>
    <rtept lat="28.66105" lon="84.57858">
      <ele>4608.584639999958</ele>
    </rtept>
    <rtept lat="28.66118" lon="84.57821">
      <ele>4617.039328000061</ele>
    </rtept>
    <rtept lat="28.66123" lon="84.57811">
      <ele>4619.235328000037</ele>
    </rtept>
    <rtept lat="28.66122" lon="84.57794">
      <ele>4619.8209280000065</ele>
    </rtept>
    <rtept lat="28.66135" lon="84.57767">
      <ele>4622.518960000011</ele>
    </rtept>
    <rtept lat="28.6614" lon="84.57752">
      <ele>4624.26175999997</ele>
    </rtept>
    <rtept lat="28.66144" lon="84.57742">
      <ele>4626.598015999929</ele>
    </rtept>
    <rtept lat="28.66149" lon="84.57736">
      <ele>4628.785088000031</ele>
    </rtept>
    <rtept lat="28.66152" lon="84.57726">
      <ele>4630.496384000016</ele>
    </rtept>
    <rtept lat="28.66154" lon="84.57716">
      <ele>4631.862719999916</ele>
    </rtept>
    <rtept lat="28.66158" lon="84.57707">
      <ele>4633.358879999981</ele>
    </rtept>
    <rtept lat="28.6616" lon="84.57705">
      <ele>4633.824</ele>
    </rtept>
    <rtept lat="28.66161" lon="84.57699">
      <ele>4634.220720000012</ele>
    </rtept>
    <rtept lat="28.66164" lon="84.5769399">
      <ele>4634.747861119989</ele>
    </rtept>
    <rtept lat="28.66167" lon="84.5768">
      <ele>4636.159519999993</ele>
    </rtept>
    <rtept lat="28.6617" lon="84.57672">
      <ele>4637.7420800000245</ele>
    </rtept>
    <rtept lat="28.66178" lon="84.5766699">
      <ele>4640.658218240012</ele>
    </rtept>
    <rtept lat="28.66185" lon="84.57655">
      <ele>4643.51960000004</ele>
    </rtept>
    <rtept lat="28.662" lon="84.57637">
      <ele>4646.854399999979</ele>
    </rtept>
    <rtept lat="28.66216" lon="84.57603">
      <ele>4649.101408000009</ele>
    </rtept>
    <rtept lat="28.66231" lon="84.5756">
      <ele>4652.096800000019</ele>
    </rtept>
    <rtept lat="28.6624" lon="84.5755">
      <ele>4654.448000000077</ele>
    </rtept>
    <rtept lat="28.66245" lon="84.57535">
      <ele>4654.692799999998</ele>
    </rtept>
    <rtept lat="28.66247" lon="84.57531">
      <ele>4654.757887999996</ele>
    </rtept>
    <rtept lat="28.66249" lon="84.57531">
      <ele>4655.151295999983</ele>
    </rtept>
    <rtept lat="28.6625" lon="84.57527">
      <ele>4655.000000000039</ele>
    </rtept>
    <rtept lat="28.66258" lon="84.5751499">
      <ele>4656.773665279961</ele>
    </rtept>
    <rtept lat="28.66267" lon="84.57493">
      <ele>4657.993328000023</ele>
    </rtept>
    <rtept lat="28.66275" lon="84.5748799">
      <ele>4659.162067999995</ele>
    </rtept>
    <rtept lat="28.66278" lon="84.57478">
      <ele>4659.837312000016</ele>
    </rtept>
    <rtept lat="28.66283" lon="84.57473">
      <ele>4660.766111999997</ele>
    </rtept>
    <rtept lat="28.6629" lon="84.57469">
      <ele>4662.070879999968</ele>
    </rtept>
    <rtept lat="28.66303" lon="84.57444">
      <ele>4664.94147200003</ele>
    </rtept>
    <rtept lat="28.66324" lon="84.57414">
      <ele>4669.408255999984</ele>
    </rtept>
    <rtept lat="28.66335" lon="84.57395">
      <ele>4673.724800000086</ele>
    </rtept>
    <rtept lat="28.66342" lon="84.57377">
      <ele>4677.950784000035</ele>
    </rtept>
    <rtept lat="28.66349" lon="84.57369">
      <ele>4679.8210560000025</ele>
    </rtept>
    <rtept lat="28.66356" lon="84.57364">
      <ele>4680.701184000011</ele>
    </rtept>
    <rtept lat="28.66358" lon="84.57354">
      <ele>4681.428672000044</ele>
    </rtept>
    <rtept lat="28.66362" lon="84.57352">
      <ele>4681.785024000012</ele>
    </rtept>
    <rtept lat="28.66372" lon="84.57326">
      <ele>4683.263999999983</ele>
    </rtept>
    <rtept lat="28.6638" lon="84.57314">
      <ele>4683.696000000018</ele>
    </rtept>
    <rtept lat="28.66381" lon="84.57304">
      <ele>4683.9840960000065</ele>
    </rtept>
    <rtept lat="28.66402" lon="84.5724199">
      <ele>4687.7607622400155</ele>
    </rtept>
    <rtept lat="28.66409" lon="84.57234">
      <ele>4689.544928000038</ele>
    </rtept>
    <rtept lat="28.66422" lon="84.57208">
      <ele>4692.910784000008</ele>
    </rtept>
    <rtept lat="28.66424" lon="84.5719">
      <ele>4693.34751999999</ele>
    </rtept>
    <rtept lat="28.66432" lon="84.57173">
      <ele>4696.107711999994</ele>
    </rtept>
    <rtept lat="28.66432" lon="84.57163">
      <ele>4696.503136000006</ele>
    </rtept>
    <rtept lat="28.66436" lon="84.57141">
      <ele>4698.380895999971</ele>
    </rtept>
    <rtept lat="28.66447" lon="84.5712099">
      <ele>4702.73451776005</ele>
    </rtept>
    <rtept lat="28.66447" lon="84.57114">
      <ele>4703.4431360000435</ele>
    </rtept>
    <rtept lat="28.66443" lon="84.57098">
      <ele>4703.708543999947</ele>
    </rtept>
    <rtept lat="28.66442" lon="84.5709">
      <ele>4704.1468800000375</ele>
    </rtept>
    <rtept lat="28.66446" lon="84.57077">
      <ele>4706.144767999993</ele>
    </rtept>
    <rtept lat="28.66449" lon="84.57071">
      <ele>4707.716815999959</ele>
    </rtept>
    <rtept lat="28.66453" lon="84.57047">
      <ele>4710.866863999974</ele>
    </rtept>
    <rtept lat="28.6646" lon="84.57028">
      <ele>4713.59552000001</ele>
    </rtept>
    <rtept lat="28.66461" lon="84.57017">
      <ele>4713.885503999994</ele>
    </rtept>
    <rtept lat="28.66468" lon="84.56988">
      <ele>4716.216000000026</ele>
    </rtept>
    <rtept lat="28.66468" lon="84.56982">
      <ele>4716.4319999999925</ele>
    </rtept>
    <rtept lat="28.6649" lon="84.56939">
      <ele>4726.582559999994</ele>
    </rtept>
    <rtept lat="28.66492" lon="84.56927">
      <ele>4728.132863999937</ele>
    </rtept>
    <rtept lat="28.66492" lon="84.56916">
      <ele>4729.0149119999805</ele>
    </rtept>
    <rtept lat="28.66495" lon="84.56905">
      <ele>4730.235600000007</ele>
    </rtept>
    <rtept lat="28.66492" lon="84.56854">
      <ele>4730.725183999964</ele>
    </rtept>
    <rtept lat="28.66494" lon="84.56845">
      <ele>4730.33984000001</ele>
    </rtept>
    <rtept lat="28.66494" lon="84.5682999">
      <ele>4729.231640000014</ele>
    </rtept>
    <rtept lat="28.66498" lon="84.5681199">
      <ele>4729.015639999997</ele>
    </rtept>
    <rtept lat="28.665" lon="84.56775">
      <ele>4731.099999999977</ele>
    </rtept>
    <rtept lat="28.66508" lon="84.56743">
      <ele>4735.63542399998</ele>
    </rtept>
    <rtept lat="28.66512" lon="84.56693">
      <ele>4740.124928000072</ele>
    </rtept>
    <rtept lat="28.66516" lon="84.56659">
      <ele>4741.256096</ele>
    </rtept>
    <rtept lat="28.66518" lon="84.56622">
      <ele>4742.300031999983</ele>
    </rtept>
    <rtept lat="28.66525" lon="84.56596">
      <ele>4744.25440000001</ele>
    </rtept>
    <rtept lat="28.66527" lon="84.56583">
      <ele>4744.804335999988</ele>
    </rtept>
    <rtept lat="28.66528" lon="84.56562">
      <ele>4745.059711999978</ele>
    </rtept>
    <rtept lat="28.66525" lon="84.56541">
      <ele>4745.39560000001</ele>
    </rtept>
    <rtept lat="28.6653" lon="84.56495">
      <ele>4751.717599999892</ele>
    </rtept>
    <rtept lat="28.66534" lon="84.56478">
      <ele>4750.317632000005</ele>
    </rtept>
    <rtept lat="28.66533" lon="84.56469">
      <ele>4748.864768000027</ele>
    </rtept>
    <rtept lat="28.6653" lon="84.56457">
      <ele>4747.156639999967</ele>
    </rtept>
    <rtept lat="28.66532" lon="84.56415">
      <ele>4750.718880000084</ele>
    </rtept>
    <rtept lat="28.66521" lon="84.56361">
      <ele>4755.791120000087</ele>
    </rtept>
    <rtept lat="28.66512" lon="84.56335">
      <ele>4762.16240000004</ele>
    </rtept>
    <rtept lat="28.66514" lon="84.56307">
      <ele>4770.615584000138</ele>
    </rtept>
    <rtept lat="28.66509" lon="84.563">
      <ele>4768.792000000013</ele>
    </rtept>
    <rtept lat="28.66507" lon="84.56291">
      <ele>4766.9200000000355</ele>
    </rtept>
    <rtept lat="28.66507" lon="84.5626599">
      <ele>4766.402808480007</ele>
    </rtept>
    <rtept lat="28.66501" lon="84.56244">
      <ele>4770.566688000415</ele>
    </rtept>
    <rtept lat="28.66499" lon="84.56222">
      <ele>4791.116896000038</ele>
    </rtept>
    <rtept lat="28.66491" lon="84.56192">
      <ele>4794.789023999975</ele>
    </rtept>
    <rtept lat="28.66489" lon="84.56153">
      <ele>4788.2661600001</ele>
    </rtept>
    <rtept lat="28.66484" lon="84.56123">
      <ele>4785.333056000034</ele>
    </rtept>
    <rtept lat="28.66486" lon="84.5610899">
      <ele>4786.250954560027</ele>
    </rtept>
    <rtept lat="28.66483" lon="84.56074">
      <ele>4787.651103999906</ele>
    </rtept>
    <rtept lat="28.66485" lon="84.56056">
      <ele>4785.737919999975</ele>
    </rtept>
    <rtept lat="28.66479" lon="84.56031">
      <ele>4779.058176000026</ele>
    </rtept>
    <rtept lat="28.66478" lon="84.56017">
      <ele>4780.3858880000325</ele>
    </rtept>
    <rtept lat="28.66475" lon="84.55999">
      <ele>4783.330400000081</ele>
    </rtept>
    <rtept lat="28.66461" lon="84.55935">
      <ele>4780.418799999789</ele>
    </rtept>
    <rtept lat="28.66458" lon="84.5591">
      <ele>4772.627200000025</ele>
    </rtept>
    <rtept lat="28.66459" lon="84.5587199">
      <ele>4773.010060640029</ele>
    </rtept>
    <rtept lat="28.66454" lon="84.5586">
      <ele>4769.205759999921</ele>
    </rtept>
    <rtept lat="28.66453" lon="84.55852">
      <ele>4768.6450239999485</ele>
    </rtept>
    <rtept lat="28.6645" lon="84.55795">
      <ele>4773.995999999943</ele>
    </rtept>
    <rtept lat="28.66441" lon="84.55784">
      <ele>4768.627776000027</ele>
    </rtept>
    <rtept lat="28.66434" lon="84.5577">
      <ele>4765.513280000016</ele>
    </rtept>
    <rtept lat="28.66429" lon="84.5575099">
      <ele>4766.0903441600985</ele>
    </rtept>
    <rtept lat="28.66417" lon="84.55686">
      <ele>4770.205535999917</ele>
    </rtept>
    <rtept lat="28.66419" lon="84.55661">
      <ele>4772.189088000077</ele>
    </rtept>
    <rtept lat="28.66393" lon="84.5554499">
      <ele>4801.806160320074</ele>
    </rtept>
    <rtept lat="28.66382" lon="84.5547799">
      <ele>4814.27513472003</ele>
    </rtept>
    <rtept lat="28.66378" lon="84.5545999">
      <ele>4816.749736639988</ele>
    </rtept>
    <rtept lat="28.66373" lon="84.55446">
      <ele>4819.244095999861</ele>
    </rtept>
    <rtept lat="28.66373" lon="84.55432">
      <ele>4823.03574399993</ele>
    </rtept>
    <rtept lat="28.66375" lon="84.55431">
      <ele>4824.129999999984</ele>
    </rtept>
    <rtept lat="28.66373" lon="84.55403">
      <ele>4832.758576000153</ele>
    </rtept>
    <rtept lat="28.66374" lon="84.55395">
      <ele>4836.509920000012</ele>
    </rtept>
    <rtept lat="28.66379" lon="84.55382">
      <ele>4843.213151999901</ele>
    </rtept>
    <rtept lat="28.6638" lon="84.55376">
      <ele>4845.217920000018</ele>
    </rtept>
    <rtept lat="28.66374" lon="84.55361">
      <ele>4847.180287999997</ele>
    </rtept>
    <rtept lat="28.66374" lon="84.55354">
      <ele>4847.450432000026</ele>
    </rtept>
    <rtept lat="28.66364" lon="84.55325">
      <ele>4847.765599999882</ele>
    </rtept>
    <rtept lat="28.66362" lon="84.55313">
      <ele>4850.301152000136</ele>
    </rtept>
    <rtept lat="28.66365" lon="84.55302">
      <ele>4852.69744000001</ele>
    </rtept>
    <rtept lat="28.66364" lon="84.55279">
      <ele>4852.259968000037</ele>
    </rtept>
    <rtept lat="28.6636" lon="84.5527199">
      <ele>4851.008359999982</ele>
    </rtept>
    <rtept lat="28.66357" lon="84.55262">
      <ele>4850.827999999983</ele>
    </rtept>
    <rtept lat="28.66359" lon="84.55249">
      <ele>4851.675151999953</ele>
    </rtept>
    <rtept lat="28.66359" lon="84.55243">
      <ele>4852.006063999985</ele>
    </rtept>
    <rtept lat="28.66361" lon="84.55237">
      <ele>4852.4611040000045</ele>
    </rtept>
    <rtept lat="28.66358" lon="84.5522699">
      <ele>4852.917794240008</ele>
    </rtept>
    <rtept lat="28.6636" lon="84.55216">
      <ele>4854.441919999997</ele>
    </rtept>
    <rtept lat="28.6636" lon="84.55206">
      <ele>4856.630720000071</ele>
    </rtept>
    <rtept lat="28.66366" lon="84.55186">
      <ele>4861.223999999913</ele>
    </rtept>
    <rtept lat="28.66372" lon="84.55176">
      <ele>4863.887999999993</ele>
    </rtept>
    <rtept lat="28.66376" lon="84.55164">
      <ele>4866.476543999922</ele>
    </rtept>
    <rtept lat="28.66376" lon="84.55152">
      <ele>4867.972992000043</ele>
    </rtept>
    <rtept lat="28.66372" lon="84.5513">
      <ele>4869.176000000016</ele>
    </rtept>
    <rtept lat="28.66377" lon="84.55117">
      <ele>4869.715999999995</ele>
    </rtept>
    <rtept lat="28.66381" lon="84.55098">
      <ele>4871.226048000051</ele>
    </rtept>
    <rtept lat="28.66377" lon="84.55069">
      <ele>4874.13575999995</ele>
    </rtept>
    <rtept lat="28.6638" lon="84.55063">
      <ele>4875.580799999997</ele>
    </rtept>
    <rtept lat="28.66383" lon="84.55062">
      <ele>4876.369920000105</ele>
    </rtept>
    <rtept lat="28.66385" lon="84.55058">
      <ele>4877.5536000000675</ele>
    </rtept>
    <rtept lat="28.66395" lon="84.55027">
      <ele>4878.895680000002</ele>
    </rtept>
    <rtept lat="28.66396" lon="84.55015">
      <ele>4879.24847999999</ele>
    </rtept>
    <rtept lat="28.66401" lon="84.54991">
      <ele>4880.054736000012</ele>
    </rtept>
    <rtept lat="28.66399" lon="84.5497199">
      <ele>4880.377676959997</ele>
    </rtept>
    <rtept lat="28.664" lon="84.5496">
      <ele>4881.104000000014</ele>
    </rtept>
    <rtept lat="28.66404" lon="84.5494">
      <ele>4882.15999999998</ele>
    </rtept>
    <rtept lat="28.66409" lon="84.54928">
      <ele>4882.592000000014</ele>
    </rtept>
    <rtept lat="28.66417" lon="84.54864">
      <ele>4883.906751999974</ele>
    </rtept>
    <rtept lat="28.66429" lon="84.54839">
      <ele>4886.742848000034</ele>
    </rtept>
    <rtept lat="28.66428" lon="84.54828">
      <ele>4887.372991999998</ele>
    </rtept>
    <rtept lat="28.66437" lon="84.54816">
      <ele>4888.073696000004</ele>
    </rtept>
    <rtept lat="28.66448" lon="84.54797">
      <ele>4888.177152000011</ele>
    </rtept>
    <rtept lat="28.6645" lon="84.54789">
      <ele>4888.161599999994</ele>
    </rtept>
    <rtept lat="28.66441" lon="84.5476599">
      <ele>4888.17662064</ele>
    </rtept>
    <rtept lat="28.66441" lon="84.5475699">
      <ele>4888.216796639999</ele>
    </rtept>
    <rtept lat="28.66442" lon="84.54747">
      <ele>4888.264991999989</ele>
    </rtept>
    <rtept lat="28.66442" lon="84.54717">
      <ele>4889.702368000078</ele>
    </rtept>
    <rtept lat="28.66434" lon="84.54693">
      <ele>4892.105791999939</ele>
    </rtept>
    <rtept lat="28.66432" lon="84.54671">
      <ele>4895.2075519999335</ele>
    </rtept>
    <rtept lat="28.66434" lon="84.54628">
      <ele>4899.267391999994</ele>
    </rtept>
    <rtept lat="28.66432" lon="84.54603">
      <ele>4899.338815999998</ele>
    </rtept>
    <rtept lat="28.66436" lon="84.54574">
      <ele>4900.292287999998</ele>
    </rtept>
    <rtept lat="28.66435" lon="84.5456899">
      <ele>4900.3311247999945</ele>
    </rtept>
    <rtept lat="28.66437" lon="84.54563">
      <ele>4900.588352000003</ele>
    </rtept>
    <rtept lat="28.66437" lon="84.54552">
      <ele>4900.766304000009</ele>
    </rtept>
    <rtept lat="28.66429" lon="84.54538">
      <ele>4900.795392000013</ele>
    </rtept>
    <rtept lat="28.66427" lon="84.54531">
      <ele>4900.927151999998</ele>
    </rtept>
    <rtept lat="28.66427" lon="84.54524">
      <ele>4901.1865919999655</ele>
    </rtept>
    <rtept lat="28.66422" lon="84.54513">
      <ele>4901.634144</ele>
    </rtept>
    <rtept lat="28.6642" lon="84.54507">
      <ele>4901.83776000002</ele>
    </rtept>
    <rtept lat="28.66422" lon="84.54498">
      <ele>4902.518592000078</ele>
    </rtept>
    <rtept lat="28.66419" lon="84.54482">
      <ele>4904.463456000011</ele>
    </rtept>
    <rtept lat="28.66417" lon="84.5446599">
      <ele>4907.816473919985</ele>
    </rtept>
    <rtept lat="28.66415" lon="84.54456">
      <ele>4911.917759999823</ele>
    </rtept>
    <rtept lat="28.66416" lon="84.5445">
      <ele>4914.532800000019</ele>
    </rtept>
    <rtept lat="28.66408" lon="84.54427">
      <ele>4924.348064000104</ele>
    </rtept>
    <rtept lat="28.66411" lon="84.54405">
      <ele>4933.502960000062</ele>
    </rtept>
    <rtept lat="28.66406" lon="84.54387">
      <ele>4937.173888</ele>
    </rtept>
    <rtept lat="28.66408" lon="84.54379">
      <ele>4938.816927999937</ele>
    </rtept>
    <rtept lat="28.66402" lon="84.54371">
      <ele>4938.011967999967</ele>
    </rtept>
    <rtept lat="28.66402" lon="84.54364">
      <ele>4938.886912000067</ele>
    </rtept>
    <rtept lat="28.66399" lon="84.54358">
      <ele>4938.439071999915</ele>
    </rtept>
    <rtept lat="28.664" lon="84.54353">
      <ele>4939.067200000029</ele>
    </rtept>
    <rtept lat="28.66398" lon="84.54347">
      <ele>4938.618495999953</ele>
    </rtept>
    <rtept lat="28.66401" lon="84.54341">
      <ele>4940.18665600008</ele>
    </rtept>
    <rtept lat="28.66401" lon="84.54333">
      <ele>4940.6800000000585</ele>
    </rtept>
    <rtept lat="28.66394" lon="84.54313">
      <ele>4938.123999999991</ele>
    </rtept>
    <rtept lat="28.66391" lon="84.543">
      <ele>4937.172800000038</ele>
    </rtept>
    <rtept lat="28.6639" lon="84.54292">
      <ele>4936.988480000096</ele>
    </rtept>
    <rtept lat="28.66393" lon="84.54285">
      <ele>4938.55448000002</ele>
    </rtept>
    <rtept lat="28.66396" lon="84.54282">
      <ele>4939.95891199996</ele>
    </rtept>
    <rtept lat="28.66397" lon="84.5427799">
      <ele>4940.498590879963</ele>
    </rtept>
    <rtept lat="28.66392" lon="84.5426899">
      <ele>4938.941287680043</ele>
    </rtept>
    <rtept lat="28.66391" lon="84.54264">
      <ele>4938.866304000013</ele>
    </rtept>
    <rtept lat="28.66394" lon="84.54247">
      <ele>4941.444768000085</ele>
    </rtept>
    <rtept lat="28.66393" lon="84.54238">
      <ele>4942.4043840001</ele>
    </rtept>
    <rtept lat="28.66389" lon="84.54227">
      <ele>4943.164127999932</ele>
    </rtept>
    <rtept lat="28.6639" lon="84.54224">
      <ele>4943.8953599999195</ele>
    </rtept>
    <rtept lat="28.66388" lon="84.54209">
      <ele>4944.7919999999685</ele>
    </rtept>
    <rtept lat="28.66387" lon="84.54182">
      <ele>4946.495071999977</ele>
    </rtept>
    <rtept lat="28.66381" lon="84.54162">
      <ele>4946.395712000083</ele>
    </rtept>
    <rtept lat="28.6638" lon="84.54153">
      <ele>4946.901440000009</ele>
    </rtept>
    <rtept lat="28.66382" lon="84.54134">
      <ele>4948.863999999987</ele>
    </rtept>
    <rtept lat="28.66387" lon="84.5412">
      <ele>4950.95199999996</ele>
    </rtept>
    <rtept lat="28.66393" lon="84.54091">
      <ele>4952.938304000018</ele>
    </rtept>
    <rtept lat="28.66391" lon="84.54068">
      <ele>4954.766048000062</ele>
    </rtept>
    <rtept lat="28.66395" lon="84.54048">
      <ele>4957.307999999966</ele>
    </rtept>
    <rtept lat="28.66393" lon="84.5404">
      <ele>4958.387999999925</ele>
    </rtept>
    <rtept lat="28.66396" lon="84.54026">
      <ele>4960.44799999996</ele>
    </rtept>
    <rtept lat="28.66403" lon="84.54009">
      <ele>4962.535999999933</ele>
    </rtept>
    <rtept lat="28.66405" lon="84.53995">
      <ele>4963.551200000002</ele>
    </rtept>
    <rtept lat="28.66402" lon="84.53988">
      <ele>4963.496192000001</ele>
    </rtept>
    <rtept lat="28.66398" lon="84.53961">
      <ele>4964.208512000021</ele>
    </rtept>
    <rtept lat="28.66393" lon="84.53941">
      <ele>4965.247999999973</ele>
    </rtept>
    <rtept lat="28.66395" lon="84.53885">
      <ele>4968.950800000016</ele>
    </rtept>
    <rtept lat="28.66393" lon="84.53862">
      <ele>4969.963264000023</ele>
    </rtept>
    <rtept lat="28.66381" lon="84.53833">
      <ele>4971.748591999986</ele>
    </rtept>
    <rtept lat="28.66375" lon="84.53796">
      <ele>4974.860000000018</ele>
    </rtept>
    <rtept lat="28.6637" lon="84.53787">
      <ele>4975.189760000003</ele>
    </rtept>
    <rtept lat="28.66365" lon="84.5376">
      <ele>4977.8008000000345</ele>
    </rtept>
    <rtept lat="28.66358" lon="84.53749">
      <ele>4978.695999999917</ele>
    </rtept>
    <rtept lat="28.66351" lon="84.53743">
      <ele>4978.551999999974</ele>
    </rtept>
    <rtept lat="28.66338" lon="84.53722">
      <ele>4979.683967999974</ele>
    </rtept>
    <rtept lat="28.6633" lon="84.537">
      <ele>4979.975999999944</ele>
    </rtept>
    <rtept lat="28.66332" lon="84.53671">
      <ele>4983.332511999989</ele>
    </rtept>
    <rtept lat="28.66327" lon="84.53639">
      <ele>4988.29508800006</ele>
    </rtept>
    <rtept lat="28.66328" lon="84.53628">
      <ele>4989.35852799996</ele>
    </rtept>
    <rtept lat="28.66326" lon="84.53623">
      <ele>4989.654015999978</ele>
    </rtept>
    <rtept lat="28.66322" lon="84.53619">
      <ele>4989.792255999945</ele>
    </rtept>
    <rtept lat="28.66323" lon="84.53609">
      <ele>4990.82772799998</ele>
    </rtept>
    <rtept lat="28.66329" lon="84.53604">
      <ele>4991.572064000001</ele>
    </rtept>
    <rtept lat="28.6633" lon="84.53587">
      <ele>4993.379839999969</ele>
    </rtept>
    <rtept lat="28.66321" lon="84.53572">
      <ele>4994.517152000024</ele>
    </rtept>
    <rtept lat="28.6632" lon="84.53564">
      <ele>4995.462079999989</ele>
    </rtept>
    <rtept lat="28.66312" lon="84.53552">
      <ele>4996.61599999994</ele>
    </rtept>
    <rtept lat="28.6631" lon="84.53545">
      <ele>4997.300000000028</ele>
    </rtept>
    <rtept lat="28.66302" lon="84.53534">
      <ele>4997.815999999938</ele>
    </rtept>
    <rtept lat="28.66297" lon="84.53518">
      <ele>4998.932416000055</ele>
    </rtept>
    <rtept lat="28.66295" lon="84.53507">
      <ele>5000.008239999927</ele>
    </rtept>
    <rtept lat="28.66296" lon="84.53495">
      <ele>5001.688000000092</ele>
    </rtept>
    <rtept lat="28.66295" lon="84.53488">
      <ele>5002.587999999969</ele>
    </rtept>
    <rtept lat="28.66291" lon="84.53482">
      <ele>5003.020000000055</ele>
    </rtept>
    <rtept lat="28.66284" lon="84.53476">
      <ele>5003.12799999991</ele>
    </rtept>
    <rtept lat="28.66281" lon="84.53465">
      <ele>5003.898160000011</ele>
    </rtept>
    <rtept lat="28.66261" lon="84.53428">
      <ele>5005.321568000066</ele>
    </rtept>
    <rtept lat="28.6625" lon="84.5339599">
      <ele>5011.210520000018</ele>
    </rtept>
    <rtept lat="28.66245" lon="84.53363">
      <ele>5017.896479999951</ele>
    </rtept>
    <rtept lat="28.66248" lon="84.53333">
      <ele>5024.772863999861</ele>
    </rtept>
    <rtept lat="28.66246" lon="84.53323">
      <ele>5026.3375679999335</ele>
    </rtept>
    <rtept lat="28.66248" lon="84.5331">
      <ele>5028.9724799999</ele>
    </rtept>
    <rtept lat="28.66253" lon="84.53299">
      <ele>5030.957952000035</ele>
    </rtept>
    <rtept lat="28.66258" lon="84.53297">
      <ele>5031.030815999879</ele>
    </rtept>
    <rtept lat="28.66265" lon="84.53289">
      <ele>5032.647360000136</ele>
    </rtept>
    <rtept lat="28.66265" lon="84.53285">
      <ele>5033.678400000096</ele>
    </rtept>
    <rtept lat="28.66269" lon="84.53282">
      <ele>5034.508127999975</ele>
    </rtept>
    <rtept lat="28.66273" lon="84.53256">
      <ele>5038.449695999956</ele>
    </rtept>
    <rtept lat="28.66272" lon="84.53242">
      <ele>5040.240191999976</ele>
    </rtept>
    <rtept lat="28.66277" lon="84.53231">
      <ele>5041.725696000063</ele>
    </rtept>
    <rtept lat="28.66277" lon="84.5322599">
      <ele>5042.43703584</ele>
    </rtept>
    <rtept lat="28.66274" lon="84.53221">
      <ele>5043.116031999868</ele>
    </rtept>
    <rtept lat="28.66261" lon="84.53209">
      <ele>5044.676992000063</ele>
    </rtept>
    <rtept lat="28.6627" lon="84.53193">
      <ele>5048.43455999996</ele>
    </rtept>
    <rtept lat="28.66268" lon="84.53186">
      <ele>5049.571008000119</ele>
    </rtept>
    <rtept lat="28.6627" lon="84.5318099">
      <ele>5050.717420800029</ele>
    </rtept>
    <rtept lat="28.66264" lon="84.53178">
      <ele>5050.765632000043</ele>
    </rtept>
    <rtept lat="28.66263" lon="84.53168">
      <ele>5052.670464000113</ele>
    </rtept>
    <rtept lat="28.66268" lon="84.53165">
      <ele>5053.553760000027</ele>
    </rtept>
    <rtept lat="28.66271" lon="84.53161">
      <ele>5054.432447999996</ele>
    </rtept>
    <rtept lat="28.66276" lon="84.53159">
      <ele>5055.216672000089</ele>
    </rtept>
    <rtept lat="28.66282" lon="84.5315">
      <ele>5056.665600000116</ele>
    </rtept>
    <rtept lat="28.66282" lon="84.53146">
      <ele>5057.451264000087</ele>
    </rtept>
    <rtept lat="28.66285" lon="84.53144">
      <ele>5057.676479999935</ele>
    </rtept>
    <rtept lat="28.66286" lon="84.53137">
      <ele>5058.860128000043</ele>
    </rtept>
    <rtept lat="28.6629" lon="84.53133">
      <ele>5059.077280000025</ele>
    </rtept>
    <rtept lat="28.66288" lon="84.53124">
      <ele>5059.901248000026</ele>
    </rtept>
    <rtept lat="28.66289" lon="84.53118">
      <ele>5060.4038079999455</ele>
    </rtept>
    <rtept lat="28.66295" lon="84.5311">
      <ele>5061.104800000046</ele>
    </rtept>
    <rtept lat="28.66301" lon="84.531">
      <ele>5062.134399999939</ele>
    </rtept>
    <rtept lat="28.66307" lon="84.5309599">
      <ele>5062.458000159995</ele>
    </rtept>
    <rtept lat="28.66308" lon="84.53091">
      <ele>5062.923135999924</ele>
    </rtept>
    <rtept lat="28.66315" lon="84.53088">
      <ele>5062.6446400000395</ele>
    </rtept>
    <rtept lat="28.66318" lon="84.53083">
      <ele>5063.152000000074</ele>
    </rtept>
    <rtept lat="28.6632" lon="84.53072">
      <ele>5064.591999999969</ele>
    </rtept>
    <rtept lat="28.66325" lon="84.53059">
      <ele>5066.103999999937</ele>
    </rtept>
    <rtept lat="28.66326" lon="84.53055">
      <ele>5066.567999999955</ele>
    </rtept>
    <rtept lat="28.66342" lon="84.53031">
      <ele>5067.347424000007</ele>
    </rtept>
    <rtept lat="28.66345" lon="84.53022">
      <ele>5068.79472</ele>
    </rtept>
    <rtept lat="28.66365" lon="84.53013">
      <ele>5070.22952</ele>
    </rtept>
    <rtept lat="28.66369" lon="84.53008">
      <ele>5070.929792000059</ele>
    </rtept>
    <rtept lat="28.66369" lon="84.53">
      <ele>5072.863999999986</ele>
    </rtept>
    <rtept lat="28.66372" lon="84.52997">
      <ele>5073.2493439998225</ele>
    </rtept>
    <rtept lat="28.66372" lon="84.5299">
      <ele>5075.156480000046</ele>
    </rtept>
    <rtept lat="28.66375" lon="84.52981">
      <ele>5077.472000000066</ele>
    </rtept>
    <rtept lat="28.66378" lon="84.52977">
      <ele>5078.549696000027</ele>
    </rtept>
    <rtept lat="28.66389" lon="84.52972">
      <ele>5080.024032000046</ele>
    </rtept>
    <rtept lat="28.66405" lon="84.52948">
      <ele>5082.833759999892</ele>
    </rtept>
    <rtept lat="28.6641" lon="84.52945">
      <ele>5083.1448000000455</ele>
    </rtept>
    <rtept lat="28.66413" lon="84.5292">
      <ele>5085.008159999977</ele>
    </rtept>
    <rtept lat="28.66424" lon="84.52906">
      <ele>5086.007999999986</ele>
    </rtept>
    <rtept lat="28.66428" lon="84.52896">
      <ele>5087.16000000002</ele>
    </rtept>
    <rtept lat="28.66428" lon="84.52891">
      <ele>5087.880000000044</ele>
    </rtept>
    <rtept lat="28.66424" lon="84.52878">
      <ele>5088.864000000012</ele>
    </rtept>
    <rtept lat="28.66426" lon="84.52847">
      <ele>5088.815936000011</ele>
    </rtept>
    <rtept lat="28.66428" lon="84.5284">
      <ele>5088.253759999999</ele>
    </rtept>
    <rtept lat="28.66432" lon="84.52804">
      <ele>5086.769087999976</ele>
    </rtept>
    <rtept lat="28.66434" lon="84.52797">
      <ele>5086.679808000034</ele>
    </rtept>
    <rtept lat="28.66437" lon="84.52793">
      <ele>5086.181135999973</ele>
    </rtept>
    <rtept lat="28.66437" lon="84.52782">
      <ele>5086.683263999934</ele>
    </rtept>
    <rtept lat="28.6644" lon="84.5278">
      <ele>5086.0271999999895</ele>
    </rtept>
    <rtept lat="28.66448" lon="84.52778">
      <ele>5084.226047999959</ele>
    </rtept>
    <rtept lat="28.66458" lon="84.52769">
      <ele>5082.071999999982</ele>
    </rtept>
    <rtept lat="28.66458" lon="84.52764">
      <ele>5082.071999999982</ele>
    </rtept>
    <rtept lat="28.66466" lon="84.52761">
      <ele>5080.343999999971</ele>
    </rtept>
    <rtept lat="28.66471" lon="84.52752">
      <ele>5079.26400000001</ele>
    </rtept>
    <rtept lat="28.66465" lon="84.52732">
      <ele>5079.600959999972</ele>
    </rtept>
    <rtept lat="28.66465" lon="84.52717">
      <ele>5078.794239999943</ele>
    </rtept>
    <rtept lat="28.66476" lon="84.52673">
      <ele>5076.091999999978</ele>
    </rtept>
    <rtept lat="28.66477" lon="84.5266">
      <ele>5076.619999999972</ele>
    </rtept>
    <rtept lat="28.66479" lon="84.52654">
      <ele>5076.692000000019</ele>
    </rtept>
    <rtept lat="28.66492" lon="84.52633">
      <ele>5076.377887999998</ele>
    </rtept>
    <rtept lat="28.665" lon="84.52607">
      <ele>5079.443999999962</ele>
    </rtept>
    <rtept lat="28.66499" lon="84.52587">
      <ele>5081.618256000025</ele>
    </rtept>
    <rtept lat="28.66506" lon="84.52564">
      <ele>5082.460992000004</ele>
    </rtept>
    <rtept lat="28.66508" lon="84.52547">
      <ele>5082.204703999999</ele>
    </rtept>
    <rtept lat="28.66508" lon="84.5254">
      <ele>5082.025280000014</ele>
    </rtept>
    <rtept lat="28.6651" lon="84.5253">
      <ele>5081.6912000000075</ele>
    </rtept>
    <rtept lat="28.66514" lon="84.52515">
      <ele>5081.727840000004</ele>
    </rtept>
    <rtept lat="28.66539" lon="84.5247">
      <ele>5083.419359999999</ele>
    </rtept>
    <rtept lat="28.66542" lon="84.52459">
      <ele>5083.500576</ele>
    </rtept>
    <rtept lat="28.66537" lon="84.52442">
      <ele>5083.843999999956</ele>
    </rtept>
    <rtept lat="28.66538" lon="84.52422">
      <ele>5085.248000000005</ele>
    </rtept>
    <rtept lat="28.66542" lon="84.52412">
      <ele>5086.16403200005</ele>
    </rtept>
    <rtept lat="28.66548" lon="84.52406">
      <ele>5086.983103999909</ele>
    </rtept>
    <rtept lat="28.66547" lon="84.52401">
      <ele>5087.7805759999355</ele>
    </rtept>
    <rtept lat="28.66549" lon="84.52394">
      <ele>5088.93084800006</ele>
    </rtept>
    <rtept lat="28.66547" lon="84.52389">
      <ele>5089.674464000085</ele>
    </rtept>
    <rtept lat="28.66547" lon="84.52386">
      <ele>5089.932032000004</ele>
    </rtept>
    <rtept lat="28.66542" lon="84.52381">
      <ele>5090.218592000026</ele>
    </rtept>
    <rtept lat="28.66541" lon="84.52377">
      <ele>5090.5562720000125</ele>
    </rtept>
    <rtept lat="28.66543" lon="84.5237">
      <ele>5091.215359999955</ele>
    </rtept>
    <rtept lat="28.66554" lon="84.52351">
      <ele>5092.707615999989</ele>
    </rtept>
    <rtept lat="28.6656" lon="84.5233">
      <ele>5094.017599999965</ele>
    </rtept>
    <rtept lat="28.66553" lon="84.52316">
      <ele>5094.531999999986</ele>
    </rtept>
    <rtept lat="28.66551" lon="84.52316">
      <ele>5094.459999999988</ele>
    </rtept>
    <rtept lat="28.6654" lon="84.52301">
      <ele>5094.984480000018</ele>
    </rtept>
    <rtept lat="28.66532" lon="84.52295">
      <ele>5095.085280000059</ele>
    </rtept>
    <rtept lat="28.66531" lon="84.52291">
      <ele>5095.346352000049</ele>
    </rtept>
    <rtept lat="28.66538" lon="84.52283">
      <ele>5096.888447999998</ele>
    </rtept>
    <rtept lat="28.66539" lon="84.52278">
      <ele>5097.59030400001</ele>
    </rtept>
    <rtept lat="28.66542" lon="84.52275">
      <ele>5098.55519999998</ele>
    </rtept>
    <rtept lat="28.66541" lon="84.5227">
      <ele>5099.263680000023</ele>
    </rtept>
    <rtept lat="28.66536" lon="84.5226">
      <ele>5099.600640000031</ele>
    </rtept>
    <rtept lat="28.66536" lon="84.52254">
      <ele>5100.416255999903</ele>
    </rtept>
    <rtept lat="28.66537" lon="84.5224999">
      <ele>5101.32132191998</ele>
    </rtept>
    <rtept lat="28.66543" lon="84.52248">
      <ele>5103.682176000008</ele>
    </rtept>
    <rtept lat="28.66544" lon="84.52245">
      <ele>5104.319519999946</ele>
    </rtept>
    <rtept lat="28.66544" lon="84.5223199">
      <ele>5105.567231040011</ele>
    </rtept>
    <rtept lat="28.66548" lon="84.52212">
      <ele>5108.672191999963</ele>
    </rtept>
    <rtept lat="28.66548" lon="84.52178">
      <ele>5111.6650239999535</ele>
    </rtept>
    <rtept lat="28.66551" lon="84.52157">
      <ele>5112.565072000013</ele>
    </rtept>
    <rtept lat="28.66547" lon="84.52146">
      <ele>5112.305151999988</ele>
    </rtept>
    <rtept lat="28.66549" lon="84.52136">
      <ele>5112.968543999968</ele>
    </rtept>
    <rtept lat="28.66555" lon="84.52126">
      <ele>5114.825280000026</ele>
    </rtept>
    <rtept lat="28.66551" lon="84.52099">
      <ele>5119.8880000000645</ele>
    </rtept>
    <rtept lat="28.6654" lon="84.52087">
      <ele>5122.515999999952</ele>
    </rtept>
    <rtept lat="28.6653" lon="84.52086">
      <ele>5122.4080000000195</ele>
    </rtept>
    <rtept lat="28.66524" lon="84.52078">
      <ele>5126.751999999869</ele>
    </rtept>
    <rtept lat="28.66516" lon="84.52077">
      <ele>5128.768000000062</ele>
    </rtept>
    <rtept lat="28.66495" lon="84.52089">
      <ele>5125.204720000266</ele>
    </rtept>
    <rtept lat="28.66489" lon="84.52096">
      <ele>5121.856575999895</ele>
    </rtept>
    <rtept lat="28.66484" lon="84.52096">
      <ele>5121.7586559999</ele>
    </rtept>
    <rtept lat="28.66482" lon="84.52094">
      <ele>5122.608832000177</ele>
    </rtept>
    <rtept lat="28.66483" lon="84.52086">
      <ele>5126.19875200004</ele>
    </rtept>
    <rtept lat="28.6648" lon="84.52086">
      <ele>5126.101120000044</ele>
    </rtept>
    <rtept lat="28.66475" lon="84.52089">
      <ele>5124.631600000253</ele>
    </rtept>
    <rtept lat="28.66471" lon="84.52089">
      <ele>5124.78185600025</ele>
    </rtept>
    <rtept lat="28.66473" lon="84.52083">
      <ele>5127.243327999759</ele>
    </rtept>
    <rtept lat="28.66473" lon="84.5208">
      <ele>5129.181280000374</ele>
    </rtept>
    <rtept lat="28.66465" lon="84.52078">
      <ele>5131.146559999866</ele>
    </rtept>
    <rtept lat="28.6646" lon="84.52068">
      <ele>5136.99584000007</ele>
    </rtept>
    <rtept lat="28.66453" lon="84.52061">
      <ele>5140.345423999764</ele>
    </rtept>
    <rtept lat="28.6644" lon="84.52061">
      <ele>5139.743519999827</ele>
    </rtept>
    <rtept lat="28.66433" lon="84.52057">
      <ele>5140.753967999811</ele>
    </rtept>
    <rtept lat="28.66424" lon="84.52059">
      <ele>5139.8028480000285</ele>
    </rtept>
    <rtept lat="28.66421" lon="84.52057">
      <ele>5140.047215999886</ele>
    </rtept>
    <rtept lat="28.66421" lon="84.52051">
      <ele>5140.501583999998</ele>
    </rtept>
    <rtept lat="28.66416" lon="84.52047">
      <ele>5140.307999999989</ele>
    </rtept>
    <rtept lat="28.66394" lon="84.52041">
      <ele>5140.524000000007</ele>
    </rtept>
    <rtept lat="28.6639" lon="84.52036">
      <ele>5140.7040000000125</ele>
    </rtept>
    <rtept lat="28.66393" lon="84.52028">
      <ele>5140.992000000001</ele>
    </rtept>
    <rtept lat="28.66395" lon="84.52027">
      <ele>5140.937839999971</ele>
    </rtept>
    <rtept lat="28.66391" lon="84.52019">
      <ele>5140.3439839999955</ele>
    </rtept>
    <rtept lat="28.66392" lon="84.52013">
      <ele>5139.876415999957</ele>
    </rtept>
    <rtept lat="28.66388" lon="84.5199">
      <ele>5137.835520000064</ele>
    </rtept>
    <rtept lat="28.6639" lon="84.51986">
      <ele>5137.4278399999275</ele>
    </rtept>
    <rtept lat="28.66385" lon="84.51977">
      <ele>5136.211919999939</ele>
    </rtept>
    <rtept lat="28.66384" lon="84.51967">
      <ele>5135.493088000017</ele>
    </rtept>
    <rtept lat="28.66381" lon="84.51962">
      <ele>5135.168512000018</ele>
    </rtept>
    <rtept lat="28.66379" lon="84.51946">
      <ele>5134.680063999984</ele>
    </rtept>
    <rtept lat="28.66373" lon="84.51938">
      <ele>5134.693408000009</ele>
    </rtept>
    <rtept lat="28.66379" lon="84.51927">
      <ele>5135.091135999986</ele>
    </rtept>
    <rtept lat="28.66377" lon="84.51916">
      <ele>5135.486368000007</ele>
    </rtept>
    <rtept lat="28.66378" lon="84.51907">
      <ele>5136.313504000004</ele>
    </rtept>
    <rtept lat="28.66376" lon="84.51901">
      <ele>5136.713824000043</ele>
    </rtept>
    <rtept lat="28.66376" lon="84.51884">
      <ele>5137.692671999998</ele>
    </rtept>
    <rtept lat="28.6637" lon="84.51867">
      <ele>5136.316319999968</ele>
    </rtept>
    <rtept lat="28.66366" lon="84.51866">
      <ele>5135.346047999996</ele>
    </rtept>
    <rtept lat="28.66362" lon="84.51855">
      <ele>5135.508799999936</ele>
    </rtept>
    <rtept lat="28.66354" lon="84.5184">
      <ele>5137.136640000027</ele>
    </rtept>
    <rtept lat="28.66353" lon="84.51827">
      <ele>5139.001152000018</ele>
    </rtept>
    <rtept lat="28.66352" lon="84.51823">
      <ele>5139.43603199992</ele>
    </rtept>
    <rtept lat="28.66335" lon="84.51801">
      <ele>5139.955999999967</ele>
    </rtept>
    <rtept lat="28.66333" lon="84.51795">
      <ele>5140.457119999985</ele>
    </rtept>
    <rtept lat="28.66333" lon="84.51788">
      <ele>5141.471167999897</ele>
    </rtept>
    <rtept lat="28.6633" lon="84.51782">
      <ele>5141.875519999987</ele>
    </rtept>
    <rtept lat="28.66328" lon="84.5177">
      <ele>5143.578239999919</ele>
    </rtept>
    <rtept lat="28.66319" lon="84.51751">
      <ele>5145.258575999978</ele>
    </rtept>
    <rtept lat="28.66315" lon="84.5174">
      <ele>5146.622400000129</ele>
    </rtept>
    <rtept lat="28.66318" lon="84.51728">
      <ele>5149.554816000022</ele>
    </rtept>
    <rtept lat="28.66317" lon="84.51722">
      <ele>5150.5025920000935</ele>
    </rtept>
    <rtept lat="28.66312" lon="84.51714">
      <ele>5150.41734400001</ele>
    </rtept>
    <rtept lat="28.6631" lon="84.51703">
      <ele>5151.257439999934</ele>
    </rtept>
    <rtept lat="28.66298" lon="84.51681">
      <ele>5150.811295999938</ele>
    </rtept>
    <rtept lat="28.66286" lon="84.51669">
      <ele>5150.109728000019</ele>
    </rtept>
    <rtept lat="28.66274" lon="84.51643">
      <ele>5150.891871999979</ele>
    </rtept>
    <rtept lat="28.66263" lon="84.51604">
      <ele>5148.135232000032</ele>
    </rtept>
    <rtept lat="28.66263" lon="84.51598">
      <ele>5147.675583999996</ele>
    </rtept>
    <rtept lat="28.66262" lon="84.51577">
      <ele>5144.5504960001035</ele>
    </rtept>
    <rtept lat="28.66265" lon="84.51557">
      <ele>5141.435919999883</ele>
    </rtept>
    <rtept lat="28.66267" lon="84.51551">
      <ele>5140.566896000139</ele>
    </rtept>
    <rtept lat="28.66276" lon="84.51539">
      <ele>5140.598431999798</ele>
    </rtept>
    <rtept lat="28.66277" lon="84.51531">
      <ele>5137.930255999904</ele>
    </rtept>
    <rtept lat="28.66283" lon="84.51519">
      <ele>5134.900000000159</ele>
    </rtept>
    <rtept lat="28.66294" lon="84.51506">
      <ele>5132.848000000199</ele>
    </rtept>
    <rtept lat="28.663" lon="84.51492">
      <ele>5129.7808000001205</ele>
    </rtept>
    <rtept lat="28.66299" lon="84.51479">
      <ele>5125.335088000189</ele>
    </rtept>
    <rtept lat="28.66301" lon="84.5147099">
      <ele>5124.080739839982</ele>
    </rtept>
    <rtept lat="28.66307" lon="84.51474">
      <ele>5128.068672000133</ele>
    </rtept>
    <rtept lat="28.66313" lon="84.5147099">
      <ele>5129.961728479945</ele>
    </rtept>
    <rtept lat="28.66323" lon="84.5142599">
      <ele>5124.93069807991</ele>
    </rtept>
    <rtept lat="28.66334" lon="84.51405">
      <ele>5123.970399999951</ele>
    </rtept>
    <rtept lat="28.66335" lon="84.51385">
      <ele>5117.620000000172</ele>
    </rtept>
    <rtept lat="28.66345" lon="84.51364">
      <ele>5115.927999999916</ele>
    </rtept>
    <rtept lat="28.66363" lon="84.51343">
      <ele>5117.561008000025</ele>
    </rtept>
    <rtept lat="28.66367" lon="84.51331">
      <ele>5116.444000000038</ele>
    </rtept>
    <rtept lat="28.66373" lon="84.51326">
      <ele>5117.632000000055</ele>
    </rtept>
    <rtept lat="28.66373" lon="84.51296">
      <ele>5113.360000000173</ele>
    </rtept>
    <rtept lat="28.66372" lon="84.51284">
      <ele>5110.47999999998</ele>
    </rtept>
    <rtept lat="28.66375" lon="84.5127">
      <ele>5108.319999999905</ele>
    </rtept>
    <rtept lat="28.66375" lon="84.51254">
      <ele>5104.864000000036</ele>
    </rtept>
    <rtept lat="28.66373" lon="84.51236">
      <ele>5100.904000000047</ele>
    </rtept>
    <rtept lat="28.66375" lon="84.51204">
      <ele>5096.375999999993</ele>
    </rtept>
    <rtept lat="28.66388" lon="84.51172">
      <ele>5096.447999999917</ele>
    </rtept>
    <rtept lat="28.66391" lon="84.51147">
      <ele>5095.814576000044</ele>
    </rtept>
    <rtept lat="28.66398" lon="84.51137">
      <ele>5096.6503039999625</ele>
    </rtept>
    <rtept lat="28.66396" lon="84.51127">
      <ele>5094.5055679999205</ele>
    </rtept>
    <rtept lat="28.66394" lon="84.51122">
      <ele>5093.175871999908</ele>
    </rtept>
    <rtept lat="28.66403" lon="84.51097">
      <ele>5091.524000000014</ele>
    </rtept>
    <rtept lat="28.66411" lon="84.5108">
      <ele>5091.258560000053</ele>
    </rtept>
    <rtept lat="28.66413" lon="84.5104">
      <ele>5088.898240000026</ele>
    </rtept>
    <rtept lat="28.6642" lon="84.51031">
      <ele>5090.928160000035</ele>
    </rtept>
    <rtept lat="28.66421" lon="84.51027">
      <ele>5091.100736000009</ele>
    </rtept>
    <rtept lat="28.66418" lon="84.51014">
      <ele>5090.3836160000465</ele>
    </rtept>
    <rtept lat="28.66419" lon="84.51004">
      <ele>5090.73180800004</ele>
    </rtept>
    <rtept lat="28.66424" lon="84.51">
      <ele>5092.375999999975</ele>
    </rtept>
    <rtept lat="28.66426" lon="84.5098">
      <ele>5092.545919999954</ele>
    </rtept>
    <rtept lat="28.66432" lon="84.50972">
      <ele>5094.472832000033</ele>
    </rtept>
    <rtept lat="28.66431" lon="84.50954">
      <ele>5090.244992000043</ele>
    </rtept>
    <rtept lat="28.6644" lon="84.5093799">
      <ele>5090.453479999998</ele>
    </rtept>
    <rtept lat="28.6644" lon="84.50934">
      <ele>5089.447999999887</ele>
    </rtept>
    <rtept lat="28.66438" lon="84.50933">
      <ele>5088.332000000197</ele>
    </rtept>
    <rtept lat="28.66431" lon="84.50934">
      <ele>5085.55999999988</ele>
    </rtept>
    <rtept lat="28.664248" lon="84.50933">
      <ele>5082.629600000166</ele>
    </rtept>
    <rtept lat="28.664252" lon="84.509169">
      <ele>5078.745200000051</ele>
    </rtept>
    <rtept lat="28.664218" lon="84.508944">
      <ele>5071.249207040081</ele>
    </rtept>
    <rtept lat="28.664231" lon="84.508762">
      <ele>5066.36280000019</ele>
    </rtept>
    <rtept lat="28.664188" lon="84.50874">
      <ele>5063.328000000063</ele>
    </rtept>
    <rtept lat="28.6642" lon="84.508633">
      <ele>5060.509200000158</ele>
    </rtept>
    <rtept lat="28.664272" lon="84.508529">
      <ele>5060.06938303984</ele>
    </rtept>
    <rtept lat="28.664337" lon="84.508306">
      <ele>5053.926122240233</ele>
    </rtept>
    <rtept lat="28.664368" lon="84.508152">
      <ele>5047.236101119727</ele>
    </rtept>
    <rtept lat="28.664358" lon="84.5080009">
      <ele>5038.503063423946</ele>
    </rtept>
    <rtept lat="28.664508" lon="84.507478">
      <ele>5019.411200000293</ele>
    </rtept>
    <rtept lat="28.664633" lon="84.5071679">
      <ele>5014.603295487891</ele>
    </rtept>
    <rtept lat="28.664612" lon="84.507037">
      <ele>5009.168344959966</ele>
    </rtept>
    <rtept lat="28.664649" lon="84.506939">
      <ele>5007.178333120117</ele>
    </rtept>
    <rtept lat="28.664602" lon="84.506717">
      <ele>4998.192753279785</ele>
    </rtept>
    <rtept lat="28.664646" lon="84.506539">
      <ele>4993.461028480154</ele>
    </rtept>
    <rtept lat="28.664695" lon="84.506217">
      <ele>4983.903442400177</ele>
    </rtept>
    <rtept lat="28.664684" lon="84.506071">
      <ele>4979.301200000164</ele>
    </rtept>
    <rtept lat="28.664777" lon="84.505934">
      <ele>4977.522799999923</ele>
    </rtept>
    <rtept lat="28.664775" lon="84.5057719">
      <ele>4973.443900399956</ele>
    </rtept>
    <rtept lat="28.664855" lon="84.505655">
      <ele>4972.2028760000885</ele>
    </rtept>
    <rtept lat="28.664867" lon="84.505543">
      <ele>4969.763683520108</ele>
    </rtept>
    <rtept lat="28.665003" lon="84.50539">
      <ele>4967.744000000135</ele>
    </rtept>
    <rtept lat="28.665114" lon="84.505365">
      <ele>4970.929999999888</ele>
    </rtept>
    <rtept lat="28.665263" lon="84.5051359">
      <ele>4966.371704863939</ele>
    </rtept>
    <rtept lat="28.665301" lon="84.505086">
      <ele>4965.222165120271</ele>
    </rtept>
    <rtept lat="28.665392" lon="84.505022">
      <ele>4965.2859340798495</ele>
    </rtept>
    <rtept lat="28.665385" lon="84.504937">
      <ele>4959.28816559989</ele>
    </rtept>
    <rtept lat="28.665477" lon="84.504818">
      <ele>4953.313471679994</ele>
    </rtept>
    <rtept lat="28.665592" lon="84.504781">
      <ele>4954.070638079547</ele>
    </rtept>
    <rtept lat="28.665531" lon="84.504658">
      <ele>4942.85939040047</ele>
    </rtept>
    <rtept lat="28.665694" lon="84.50435">
      <ele>4928.385664000074</ele>
    </rtept>
    <rtept lat="28.665672" lon="84.504249">
      <ele>4922.398305280096</ele>
    </rtept>
    <rtept lat="28.665697" lon="84.504157">
      <ele>4918.041079840361</ele>
    </rtept>
    <rtept lat="28.665658" lon="84.504087">
      <ele>4913.723028159927</ele>
    </rtept>
    <rtept lat="28.665639" lon="84.504007">
      <ele>4909.282130080053</ele>
    </rtept>
    <rtept lat="28.665474" lon="84.503991">
      <ele>4906.636945279959</ele>
    </rtept>
    <rtept lat="28.665482" lon="84.503868">
      <ele>4900.5275481598355</ele>
    </rtept>
    <rtept lat="28.665427" lon="84.50375">
      <ele>4893.111599999806</ele>
    </rtept>
    <rtept lat="28.665374" lon="84.503567">
      <ele>4881.820175040166</ele>
    </rtept>
    <rtept lat="28.665373" lon="84.503443">
      <ele>4876.434412320173</ele>
    </rtept>
    <rtept lat="28.665377" lon="84.503304">
      <ele>4870.929918719996</ele>
    </rtept>
    <rtept lat="28.665393" lon="84.503139">
      <ele>4866.471223680118</ele>
    </rtept>
    <rtept lat="28.665466" lon="84.503056">
      <ele>4863.658736640036</ele>
    </rtept>
    <rtept lat="28.665465" lon="84.502934">
      <ele>4860.436515199888</ele>
    </rtept>
    <rtept lat="28.665559" lon="84.502762">
      <ele>4854.54489568012</ele>
    </rtept>
    <rtept lat="28.665574" lon="84.502677">
      <ele>4852.073510080163</ele>
    </rtept>
    <rtept lat="28.665645" lon="84.502548">
      <ele>4848.1160416001285</ele>
    </rtept>
    <rtept lat="28.665644" lon="84.5024679">
      <ele>4845.90947430398</ele>
    </rtept>
    <rtept lat="28.665554" lon="84.502419">
      <ele>4844.98516704008</ele>
    </rtept>
    <rtept lat="28.665575" lon="84.502291">
      <ele>4841.715867999989</ele>
    </rtept>
    <rtept lat="28.665571" lon="84.5021189">
      <ele>4837.045000975979</ele>
    </rtept>
    <rtept lat="28.665446" lon="84.501931">
      <ele>4833.276977919988</ele>
    </rtept>
    <rtept lat="28.665311" lon="84.501744">
      <ele>4831.740993280059</ele>
    </rtept>
    <rtept lat="28.665361" lon="84.501648">
      <ele>4828.826133760044</ele>
    </rtept>
    <rtept lat="28.665276" lon="84.501384">
      <ele>4825.952112640078</ele>
    </rtept>
    <rtept lat="28.665373" lon="84.501165">
      <ele>4817.592709600051</ele>
    </rtept>
    <rtept lat="28.665378" lon="84.500923">
      <ele>4811.046466239985</ele>
    </rtept>
    <rtept lat="28.665316" lon="84.500579">
      <ele>4805.317559680023</ele>
    </rtept>
    <rtept lat="28.665277" lon="84.500197">
      <ele>4800.11602848001</ele>
    </rtept>
    <rtept lat="28.665182" lon="84.500033">
      <ele>4797.554075520011</ele>
    </rtept>
    <rtept lat="28.665316" lon="84.499852">
      <ele>4783.962913280183</ele>
    </rtept>
    <rtept lat="28.665342" lon="84.499639">
      <ele>4774.129267520091</ele>
    </rtept>
    <rtept lat="28.665325" lon="84.499395">
      <ele>4768.588000000126</ele>
    </rtept>
    <rtept lat="28.665387" lon="84.499231">
      <ele>4763.994399999955</ele>
    </rtept>
    <rtept lat="28.665281" lon="84.4990849">
      <ele>4765.415614575988</ele>
    </rtept>
    <rtept lat="28.665368" lon="84.498952">
      <ele>4760.139005440018</ele>
    </rtept>
    <rtept lat="28.665336" lon="84.498839">
      <ele>4758.138000000154</ele>
    </rtept>
    <rtept lat="28.665434" lon="84.498784">
      <ele>4752.784799999983</ele>
    </rtept>
    <rtept lat="28.66555" lon="84.4988319">
      <ele>4750.923239999972</ele>
    </rtept>
    <rtept lat="28.665513" lon="84.498688">
      <ele>4746.423600000031</ele>
    </rtept>
    <rtept lat="28.665566" lon="84.498546">
      <ele>4739.520853760223</ele>
    </rtept>
    <rtept lat="28.665607" lon="84.498459">
      <ele>4734.876462079846</ele>
    </rtept>
    <rtept lat="28.665718" lon="84.498382">
      <ele>4727.389372160219</ele>
    </rtept>
    <rtept lat="28.665702" lon="84.498311">
      <ele>4726.67274752004</ele>
    </rtept>
    <rtept lat="28.6656" lon="84.498186">
      <ele>4728.0162560000535</ele>
    </rtept>
    <rtept lat="28.66557" lon="84.498012">
      <ele>4724.0963392001295</ele>
    </rtept>
    <rtept lat="28.665577" lon="84.497869">
      <ele>4719.1052574398545</ele>
    </rtept>
    <rtept lat="28.66555" lon="84.497731">
      <ele>4714.100568000101</ele>
    </rtept>
    <rtept lat="28.665479" lon="84.497681">
      <ele>4710.62201904001</ele>
    </rtept>
    <rtept lat="28.665554" lon="84.4975879">
      <ele>4705.372107935951</ele>
    </rtept>
    <rtept lat="28.665654" lon="84.497587">
      <ele>4701.558403839756</ele>
    </rtept>
    <rtept lat="28.665583" lon="84.497492">
      <ele>4698.582845439625</ele>
    </rtept>
    <rtept lat="28.665681" lon="84.497378">
      <ele>4689.0943427199</ele>
    </rtept>
    <rtept lat="28.665843" lon="84.497409">
      <ele>4684.8453995203035</ele>
    </rtept>
    <rtept lat="28.665872" lon="84.4973459">
      <ele>4679.928937407939</ele>
    </rtept>
    <rtept lat="28.665755" lon="84.497233">
      <ele>4679.092141599682</ele>
    </rtept>
    <rtept lat="28.665909" lon="84.49714">
      <ele>4666.794460800142</ele>
    </rtept>
    <rtept lat="28.665736" lon="84.49696">
      <ele>4664.380377600113</ele>
    </rtept>
    <rtept lat="28.665775" lon="84.496912">
      <ele>4660.38537599972</ele>
    </rtept>
    <rtept lat="28.665991" lon="84.49679">
      <ele>4644.889171200097</ele>
    </rtept>
    <rtept lat="28.666105" lon="84.496618">
      <ele>4633.714147199907</ele>
    </rtept>
    <rtept lat="28.665994" lon="84.496605">
      <ele>4637.691657600019</ele>
    </rtept>
    <rtept lat="28.665859" lon="84.496502">
      <ele>4637.564096640309</ele>
    </rtept>
    <rtept lat="28.666074" lon="84.496341">
      <ele>4628.421265280066</ele>
    </rtept>
    <rtept lat="28.666219" lon="84.496191">
      <ele>4615.712473119749</ele>
    </rtept>
    <rtept lat="28.666406" lon="84.495958">
      <ele>4597.134385280143</ele>
    </rtept>
    <rtept lat="28.666361" lon="84.495866">
      <ele>4592.53662112044</ele>
    </rtept>
    <rtept lat="28.666244" lon="84.495884">
      <ele>4595.994219520272</ele>
    </rtept>
    <rtept lat="28.666371" lon="84.49575">
      <ele>4586.925400000022</ele>
    </rtept>
    <rtept lat="28.666567" lon="84.495653">
      <ele>4581.1265340801465</ele>
    </rtept>
    <rtept lat="28.666697" lon="84.495355">
      <ele>4572.376842400089</ele>
    </rtept>
    <rtept lat="28.666694" lon="84.4952239">
      <ele>4569.27022831998</ele>
    </rtept>
    <rtept lat="28.666735" lon="84.495059">
      <ele>4562.878747999943</ele>
    </rtept>
    <rtept lat="28.666817" lon="84.494885">
      <ele>4557.229483999908</ele>
    </rtept>
    <rtept lat="28.666762" lon="84.494825">
      <ele>4556.038280000157</ele>
    </rtept>
    <rtept lat="28.666875" lon="84.494722">
      <ele>4553.7391999998035</ele>
    </rtept>
    <rtept lat="28.666893" lon="84.494496">
      <ele>4542.7148537599005</ele>
    </rtept>
    <rtept lat="28.666809" lon="84.494471">
      <ele>4541.7327708802</ele>
    </rtept>
    <rtept lat="28.666684" lon="84.494529">
      <ele>4544.62838912</ele>
    </rtept>
    <rtept lat="28.666569" lon="84.494488">
      <ele>4541.530330880168</ele>
    </rtept>
    <rtept lat="28.666543" lon="84.494395">
      <ele>4536.964936799884</ele>
    </rtept>
    <rtept lat="28.666473" lon="84.49435">
      <ele>4534.1623439998775</ele>
    </rtept>
    <rtept lat="28.666526" lon="84.494216">
      <ele>4528.710190079756</ele>
    </rtept>
    <rtept lat="28.66644" lon="84.49395">
      <ele>4519.94399999995</ele>
    </rtept>
    <rtept lat="28.6664" lon="84.49386">
      <ele>4517.103999999932</ele>
    </rtept>
    <rtept lat="28.66642" lon="84.4937999">
      <ele>4515.228759999965</ele>
    </rtept>
    <rtept lat="28.66647" lon="84.49366">
      <ele>4510.87600000018</ele>
    </rtept>
    <rtept lat="28.66647" lon="84.49355">
      <ele>4507.055039999966</ele>
    </rtept>
    <rtept lat="28.66633" lon="84.49328">
      <ele>4497.344223999937</ele>
    </rtept>
    <rtept lat="28.666" lon="84.49293">
      <ele>4489.036000000024</ele>
    </rtept>
    <rtept lat="28.6659" lon="84.49285">
      <ele>4489.432000000065</ele>
    </rtept>
    <rtept lat="28.66583" lon="84.49275">
      <ele>4488.890400000035</ele>
    </rtept>
    <rtept lat="28.66577" lon="84.49272">
      <ele>4487.578848000209</ele>
    </rtept>
    <rtept lat="28.66572" lon="84.49267">
      <ele>4485.640608000144</ele>
    </rtept>
    <rtept lat="28.66555" lon="84.49264">
      <ele>4484.465759999815</ele>
    </rtept>
    <rtept lat="28.66525" lon="84.49231">
      <ele>4474.316800000061</ele>
    </rtept>
    <rtept lat="28.66499" lon="84.49224">
      <ele>4471.155999999948</ele>
    </rtept>
    <rtept lat="28.66496" lon="84.4922">
      <ele>4470.69599999998</ele>
    </rtept>
    <rtept lat="28.66494" lon="84.49213">
      <ele>4470.120000000027</ele>
    </rtept>
    <rtept lat="28.66479" lon="84.49197">
      <ele>4468.4279999999635</ele>
    </rtept>
    <rtept lat="28.6647" lon="84.4919199">
      <ele>4467.416211199992</ele>
    </rtept>
    <rtept lat="28.66454" lon="84.49178">
      <ele>4463.147648000029</ele>
    </rtept>
    <rtept lat="28.66439" lon="84.49158">
      <ele>4459.1736960000035</ele>
    </rtept>
    <rtept lat="28.66425" lon="84.49144">
      <ele>4456.641599999965</ele>
    </rtept>
    <rtept lat="28.66419" lon="84.4914">
      <ele>4455.449280000006</ele>
    </rtept>
    <rtept lat="28.66409" lon="84.49126">
      <ele>4453.331999999972</ele>
    </rtept>
    <rtept lat="28.66398" lon="84.49123">
      <ele>4452.612000000014</ele>
    </rtept>
    <rtept lat="28.66389" lon="84.49112">
      <ele>4451.099999999942</ele>
    </rtept>
    <rtept lat="28.66377" lon="84.49101">
      <ele>4450.244208000048</ele>
    </rtept>
    <rtept lat="28.6637" lon="84.49093">
      <ele>4449.308640000105</ele>
    </rtept>
    <rtept lat="28.66359" lon="84.49084">
      <ele>4448.351648000114</ele>
    </rtept>
    <rtept lat="28.66356" lon="84.49074">
      <ele>4446.810176000042</ele>
    </rtept>
    <rtept lat="28.66347" lon="84.49064">
      <ele>4445.69043199998</ele>
    </rtept>
    <rtept lat="28.66339" lon="84.4905">
      <ele>4443.151199999932</ele>
    </rtept>
    <rtept lat="28.66339" lon="84.49046">
      <ele>4442.113823999972</ele>
    </rtept>
    <rtept lat="28.66322" lon="84.49016">
      <ele>4436.664000000091</ele>
    </rtept>
    <rtept lat="28.66315" lon="84.48999">
      <ele>4433.53272000004</ele>
    </rtept>
    <rtept lat="28.66314" lon="84.48992">
      <ele>4432.894655999993</ele>
    </rtept>
    <rtept lat="28.6631" lon="84.48985">
      <ele>4432.459200000052</ele>
    </rtept>
    <rtept lat="28.6631" lon="84.48979">
      <ele>4431.698879999991</ele>
    </rtept>
    <rtept lat="28.66304" lon="84.48964">
      <ele>4429.838847999918</ele>
    </rtept>
    <rtept lat="28.66302" lon="84.48942">
      <ele>4426.22431999988</ele>
    </rtept>
    <rtept lat="28.66291" lon="84.48917">
      <ele>4421.160560000026</ele>
    </rtept>
    <rtept lat="28.66277" lon="84.48899">
      <ele>4419.184000000025</ele>
    </rtept>
    <rtept lat="28.66276" lon="84.48884">
      <ele>4415.966527999921</ele>
    </rtept>
    <rtept lat="28.66272" lon="84.48877">
      <ele>4414.610048000047</ele>
    </rtept>
    <rtept lat="28.66257" lon="84.48856">
      <ele>4411.851264000096</ele>
    </rtept>
    <rtept lat="28.66253" lon="84.48855">
      <ele>4412.076480000039</ele>
    </rtept>
    <rtept lat="28.66239" lon="84.48836">
      <ele>4409.176031999986</ele>
    </rtept>
    <rtept lat="28.66237" lon="84.48826">
      <ele>4407.1186559999305</ele>
    </rtept>
    <rtept lat="28.66241" lon="84.48814">
      <ele>4404.832512000034</ele>
    </rtept>
    <rtept lat="28.6624" lon="84.48804">
      <ele>4402.428799999926</ele>
    </rtept>
    <rtept lat="28.66235" lon="84.48785">
      <ele>4396.1179999998185</ele>
    </rtept>
    <rtept lat="28.66227" lon="84.48773">
      <ele>4394.019247999989</ele>
    </rtept>
    <rtept lat="28.66226" lon="84.48765">
      <ele>4392.372320000052</ele>
    </rtept>
    <rtept lat="28.66219" lon="84.4875">
      <ele>4390.347999999964</ele>
    </rtept>
    <rtept lat="28.66209" lon="84.48741">
      <ele>4390.270671999973</ele>
    </rtept>
    <rtept lat="28.66204" lon="84.48732">
      <ele>4390.003263999948</ele>
    </rtept>
    <rtept lat="28.66203" lon="84.48726">
      <ele>4389.549664000035</ele>
    </rtept>
    <rtept lat="28.66199" lon="84.48723">
      <ele>4390.0857759999835</ele>
    </rtept>
    <rtept lat="28.66196" lon="84.48718">
      <ele>4390.030463999914</ele>
    </rtept>
    <rtept lat="28.66191" lon="84.4870399">
      <ele>4388.9131713600045</ele>
    </rtept>
    <rtept lat="28.6619" lon="84.48693">
      <ele>4387.432000000024</ele>
    </rtept>
    <rtept lat="28.66189" lon="84.48688">
      <ele>4386.855999999995</ele>
    </rtept>
    <rtept lat="28.66184" lon="84.48682">
      <ele>4386.711999999898</ele>
    </rtept>
    <rtept lat="28.66177" lon="84.4868">
      <ele>4387.432000000025</ele>
    </rtept>
    <rtept lat="28.66176" lon="84.48674">
      <ele>4386.711999999949</ele>
    </rtept>
    <rtept lat="28.66177" lon="84.48662">
      <ele>4384.715008000026</ele>
    </rtept>
    <rtept lat="28.66177" lon="84.48651">
      <ele>4382.836383999913</ele>
    </rtept>
    <rtept lat="28.66174" lon="84.48633">
      <ele>4379.976095999841</ele>
    </rtept>
    <rtept lat="28.6616" lon="84.48605">
      <ele>4374.718400000196</ele>
    </rtept>
    <rtept lat="28.6615" lon="84.48594">
      <ele>4371.348799999981</ele>
    </rtept>
    <rtept lat="28.66148" lon="84.48585">
      <ele>4368.823039999971</ele>
    </rtept>
    <rtept lat="28.66137" lon="84.48569">
      <ele>4368.51473600002</ele>
    </rtept>
    <rtept lat="28.66127" lon="84.48545">
      <ele>4368.278799999981</ele>
    </rtept>
    <rtept lat="28.66128" lon="84.48532">
      <ele>4369.337920000016</ele>
    </rtept>
    <rtept lat="28.66119" lon="84.48506">
      <ele>4366.252032000045</ele>
    </rtept>
    <rtept lat="28.6612" lon="84.4849799">
      <ele>4365.36085919998</ele>
    </rtept>
    <rtept lat="28.66119" lon="84.48479">
      <ele>4359.701184000112</ele>
    </rtept>
    <rtept lat="28.66115" lon="84.4847">
      <ele>4357.140000000121</ele>
    </rtept>
    <rtept lat="28.66104" lon="84.48456">
      <ele>4351.806016000052</ele>
    </rtept>
    <rtept lat="28.66098" lon="84.48445">
      <ele>4348.198239999871</ele>
    </rtept>
    <rtept lat="28.66095" lon="84.48435">
      <ele>4346.337200000098</ele>
    </rtept>
    <rtept lat="28.66079" lon="84.4842">
      <ele>4343.012000000004</ele>
    </rtept>
    <rtept lat="28.66078" lon="84.48418">
      <ele>4342.615999999916</ele>
    </rtept>
    <rtept lat="28.66082" lon="84.48403">
      <ele>4341.356384000059</ele>
    </rtept>
    <rtept lat="28.66084" lon="84.48401">
      <ele>4341.345535999979</ele>
    </rtept>
    <rtept lat="28.66084" lon="84.48391">
      <ele>4340.2741759999435</ele>
    </rtept>
    <rtept lat="28.66088" lon="84.48386">
      <ele>4339.694528000149</ele>
    </rtept>
    <rtept lat="28.66087" lon="84.48376">
      <ele>4337.418752000078</ele>
    </rtept>
    <rtept lat="28.66089" lon="84.48359">
      <ele>4333.625488000177</ele>
    </rtept>
    <rtept lat="28.66087" lon="84.4834599">
      <ele>4330.105913439995</ele>
    </rtept>
    <rtept lat="28.66089" lon="84.48329">
      <ele>4325.684703999946</ele>
    </rtept>
    <rtept lat="28.66087" lon="84.48321">
      <ele>4324.281568000006</ele>
    </rtept>
    <rtept lat="28.66084" lon="84.48317">
      <ele>4323.955552000017</ele>
    </rtept>
    <rtept lat="28.66079" lon="84.4832">
      <ele>4324.0508799999225</ele>
    </rtept>
    <rtept lat="28.66073" lon="84.48305">
      <ele>4320.7588800001395</ele>
    </rtept>
    <rtept lat="28.66072" lon="84.4827">
      <ele>4313.088959999885</ele>
    </rtept>
    <rtept lat="28.66069" lon="84.4826">
      <ele>4311.324960000096</ele>
    </rtept>
    <rtept lat="28.66065" lon="84.48257">
      <ele>4311.078719999926</ele>
    </rtept>
    <rtept lat="28.6606" lon="84.48245">
      <ele>4309.562400000016</ele>
    </rtept>
    <rtept lat="28.6606" lon="84.48232">
      <ele>4307.072640000048</ele>
    </rtept>
    <rtept lat="28.66052" lon="84.48213">
      <ele>4303.988992000005</ele>
    </rtept>
    <rtept lat="28.66044" lon="84.48205">
      <ele>4301.539840000032</ele>
    </rtept>
    <rtept lat="28.66038" lon="84.48187">
      <ele>4299.641375999998</ele>
    </rtept>
    <rtept lat="28.66033" lon="84.48182">
      <ele>4299.1157759999805</ele>
    </rtept>
    <rtept lat="28.66028" lon="84.4818">
      <ele>4298.547839999977</ele>
    </rtept>
    <rtept lat="28.66016" lon="84.48147">
      <ele>4290.848576000067</ele>
    </rtept>
    <rtept lat="28.66007" lon="84.48139">
      <ele>4286.531024000082</ele>
    </rtept>
    <rtept lat="28.66" lon="84.48121">
      <ele>4282.712000000035</ele>
    </rtept>
    <rtept lat="28.65997" lon="84.48121">
      <ele>4281.423344000089</ele>
    </rtept>
    <rtept lat="28.65996" lon="84.48117">
      <ele>4280.643584000128</ele>
    </rtept>
    <rtept lat="28.65993" lon="84.48117">
      <ele>4279.308272000026</ele>
    </rtept>
    <rtept lat="28.65992" lon="84.48111">
      <ele>4278.249695999988</ele>
    </rtept>
    <rtept lat="28.65988" lon="84.48107">
      <ele>4276.108128000068</ele>
    </rtept>
    <rtept lat="28.65987" lon="84.48101">
      <ele>4275.211296000061</ele>
    </rtept>
    <rtept lat="28.6598" lon="84.48088">
      <ele>4270.609920000022</ele>
    </rtept>
    <rtept lat="28.65967" lon="84.4805">
      <ele>4264.61919999995</ele>
    </rtept>
    <rtept lat="28.65958" lon="84.48018">
      <ele>4260.879999999939</ele>
    </rtept>
    <rtept lat="28.65957" lon="84.4800099">
      <ele>4260.519999999952</ele>
    </rtept>
    <rtept lat="28.65952" lon="84.47993">
      <ele>4258.032543999979</ele>
    </rtept>
    <rtept lat="28.6595" lon="84.47983">
      <ele>4256.28640000012</ele>
    </rtept>
    <rtept lat="28.65948" lon="84.47981">
      <ele>4255.315551999949</ele>
    </rtept>
    <rtept lat="28.65945" lon="84.47962">
      <ele>4251.011999999921</ele>
    </rtept>
    <rtept lat="28.65938" lon="84.4795">
      <ele>4244.487999999962</ele>
    </rtept>
    <rtept lat="28.65935" lon="84.47933">
      <ele>4240.06032000005</ele>
    </rtept>
    <rtept lat="28.65933" lon="84.47929">
      <ele>4238.5442880001065</ele>
    </rtept>
    <rtept lat="28.65933" lon="84.47923">
      <ele>4237.820256000046</ele>
    </rtept>
    <rtept lat="28.65928" lon="84.47906">
      <ele>4234.598015999962</ele>
    </rtept>
    <rtept lat="28.65925" lon="84.47903">
      <ele>4233.058799999981</ele>
    </rtept>
    <rtept lat="28.65925" lon="84.47897">
      <ele>4232.821200000018</ele>
    </rtept>
    <rtept lat="28.65923" lon="84.47895">
      <ele>4231.709520000035</ele>
    </rtept>
    <rtept lat="28.6592" lon="84.47895">
      <ele>4230.160799999906</ele>
    </rtept>
    <rtept lat="28.65918" lon="84.47888">
      <ele>4228.692607999967</ele>
    </rtept>
    <rtept lat="28.65915" lon="84.47883">
      <ele>4226.922560000029</ele>
    </rtept>
    <rtept lat="28.65913" lon="84.47877">
      <ele>4225.611008000047</ele>
    </rtept>
    <rtept lat="28.65909" lon="84.47871">
      <ele>4223.136511999984</ele>
    </rtept>
    <rtept lat="28.65896" lon="84.47835">
      <ele>4215.577280000019</ele>
    </rtept>
    <rtept lat="28.65893" lon="84.47816">
      <ele>4215.351296000069</ele>
    </rtept>
    <rtept lat="28.65883" lon="84.47802">
      <ele>4212.182591999927</ele>
    </rtept>
    <rtept lat="28.65877" lon="84.4779">
      <ele>4210.68095999999</ele>
    </rtept>
    <rtept lat="28.65872" lon="84.47766">
      <ele>4209.611583999947</ele>
    </rtept>
    <rtept lat="28.65868" lon="84.47761">
      <ele>4208.132416000025</ele>
    </rtept>
    <rtept lat="28.65862" lon="84.4774">
      <ele>4205.991999999972</ele>
    </rtept>
    <rtept lat="28.65857" lon="84.47742">
      <ele>4203.682624000033</ele>
    </rtept>
    <rtept lat="28.65853" lon="84.47742">
      <ele>4201.708095999932</ele>
    </rtept>
    <rtept lat="28.65847" lon="84.47734">
      <ele>4198.604608000054</ele>
    </rtept>
    <rtept lat="28.65829" lon="84.47701">
      <ele>4190.38718400002</ele>
    </rtept>
    <rtept lat="28.65824" lon="84.47697">
      <ele>4187.837087999989</ele>
    </rtept>
    <rtept lat="28.65821" lon="84.4770999">
      <ele>4185.531879840028</ele>
    </rtept>
    <rtept lat="28.65815" lon="84.47707">
      <ele>4182.349679999967</ele>
    </rtept>
    <rtept lat="28.65814" lon="84.47721">
      <ele>4180.938623999975</ele>
    </rtept>
    <rtept lat="28.65811" lon="84.47722">
      <ele>4179.150432000019</ele>
    </rtept>
    <rtept lat="28.65808" lon="84.47717">
      <ele>4177.767456000097</ele>
    </rtept>
    <rtept lat="28.65805" lon="84.47716">
      <ele>4176.13247999998</ele>
    </rtept>
    <rtept lat="28.65802" lon="84.47717">
      <ele>4174.352064000019</ele>
    </rtept>
    <rtept lat="28.65797" lon="84.47704">
      <ele>4172.586047999918</ele>
    </rtept>
    <rtept lat="28.65788" lon="84.47699">
      <ele>4168.088351999923</ele>
    </rtept>
    <rtept lat="28.65779" lon="84.47684">
      <ele>4163.333631999903</ele>
    </rtept>
    <rtept lat="28.65767" lon="84.47678">
      <ele>4157.522304000004</ele>
    </rtept>
    <rtept lat="28.65755" lon="84.47666">
      <ele>4151.352960000037</ele>
    </rtept>
    <rtept lat="28.65748" lon="84.47662">
      <ele>4148.303615999983</ele>
    </rtept>
    <rtept lat="28.65739" lon="84.47648">
      <ele>4144.371551999949</ele>
    </rtept>
    <rtept lat="28.65733" lon="84.47645">
      <ele>4141.582560000074</ele>
    </rtept>
    <rtept lat="28.65724" lon="84.47647">
      <ele>4137.925248000151</ele>
    </rtept>
    <rtept lat="28.65719" lon="84.47637">
      <ele>4135.340447999995</ele>
    </rtept>
    <rtept lat="28.65711" lon="84.4763">
      <ele>4133.378879999972</ele>
    </rtept>
    <rtept lat="28.65707" lon="84.47628">
      <ele>4132.244736000038</ele>
    </rtept>
    <rtept lat="28.65706" lon="84.47624">
      <ele>4131.779904000058</ele>
    </rtept>
    <rtept lat="28.65702" lon="84.4762499">
      <ele>4130.675311679972</ele>
    </rtept>
    <rtept lat="28.65699" lon="84.47623">
      <ele>4129.643232000022</ele>
    </rtept>
    <rtept lat="28.65689" lon="84.47602">
      <ele>4127.145983999932</ele>
    </rtept>
    <rtept lat="28.6568" lon="84.47602">
      <ele>4124.134079999971</ele>
    </rtept>
    <rtept lat="28.65674" lon="84.47593">
      <ele>4122.400895999954</ele>
    </rtept>
    <rtept lat="28.6567" lon="84.4759">
      <ele>4120.718400000031</ele>
    </rtept>
    <rtept lat="28.65664" lon="84.4759">
      <ele>4118.034239999954</ele>
    </rtept>
    <rtept lat="28.65662" lon="84.47587">
      <ele>4116.913056000014</ele>
    </rtept>
    <rtept lat="28.65658" lon="84.47586">
      <ele>4114.907712000053</ele>
    </rtept>
    <rtept lat="28.65654" lon="84.47582">
      <ele>4112.908224000012</ele>
    </rtept>
    <rtept lat="28.65655" lon="84.47577">
      <ele>4114.524480000029</ele>
    </rtept>
    <rtept lat="28.65639" lon="84.47569">
      <ele>4107.6401279999</ele>
    </rtept>
    <rtept lat="28.65623" lon="84.47554">
      <ele>4104.187808000178</ele>
    </rtept>
    <rtept lat="28.65616" lon="84.47553">
      <ele>4101.585151999835</ele>
    </rtept>
    <rtept lat="28.6561" lon="84.47547">
      <ele>4100.58943999994</ele>
    </rtept>
    <rtept lat="28.65608" lon="84.47538">
      <ele>4101.7777279999555</ele>
    </rtept>
    <rtept lat="28.65597" lon="84.4753099">
      <ele>4098.6801209600035</ele>
    </rtept>
    <rtept lat="28.65591" lon="84.47523">
      <ele>4096.721359999971</ele>
    </rtept>
    <rtept lat="28.65586" lon="84.47519">
      <ele>4094.6196800000366</ele>
    </rtept>
    <rtept lat="28.65581" lon="84.4752">
      <ele>4093.1052799999916</ele>
    </rtept>
    <rtept lat="28.65576" lon="84.47517">
      <ele>4092.525248000047</ele>
    </rtept>
    <rtept lat="28.65573" lon="84.47511">
      <ele>4091.5044319999765</ele>
    </rtept>
    <rtept lat="28.65566" lon="84.47507">
      <ele>4089.237728000077</ele>
    </rtept>
    <rtept lat="28.65548" lon="84.47487">
      <ele>4083.075039999947</ele>
    </rtept>
    <rtept lat="28.65547" lon="84.47484">
      <ele>4082.5739200000166</ele>
    </rtept>
    <rtept lat="28.65541" lon="84.47487">
      <ele>4082.6516799999017</ele>
    </rtept>
    <rtept lat="28.65537" lon="84.47485">
      <ele>4081.8568000001096</ele>
    </rtept>
    <rtept lat="28.65535" lon="84.47481">
      <ele>4080.474400000133</ele>
    </rtept>
    <rtept lat="28.65531" lon="84.47478">
      <ele>4078.858719999842</ele>
    </rtept>
    <rtept lat="28.65531" lon="84.47475">
      <ele>4077.796000000008</ele>
    </rtept>
    <rtept lat="28.65523" lon="84.47475">
      <ele>4076.6528000000035</ele>
    </rtept>
    <rtept lat="28.6552" lon="84.47471">
      <ele>4075.447040000004</ele>
    </rtept>
    <rtept lat="28.6552" lon="84.47468">
      <ele>4075.4643200000023</ele>
    </rtept>
    <rtept lat="28.65512" lon="84.47465">
      <ele>4074.6809599999942</ele>
    </rtept>
    <rtept lat="28.6551" lon="84.47453">
      <ele>4074.0833600000183</ele>
    </rtept>
    <rtept lat="28.65511" lon="84.4745">
      <ele>4074.1424000000266</ele>
    </rtept>
    <rtept lat="28.65508" lon="84.47447">
      <ele>4073.544512000014</ele>
    </rtept>
    <rtept lat="28.65506" lon="84.4743699">
      <ele>4072.833108799971</ele>
    </rtept>
    <rtept lat="28.655" lon="84.47433">
      <ele>4071.1759999999917</ele>
    </rtept>
    <rtept lat="28.65492" lon="84.47423">
      <ele>4069.657664000053</ele>
    </rtept>
    <rtept lat="28.65487" lon="84.47424">
      <ele>4069.2475519999416</ele>
    </rtept>
    <rtept lat="28.65481" lon="84.47422">
      <ele>4068.4633280000367</ele>
    </rtept>
    <rtept lat="28.65474" lon="84.47415">
      <ele>4067.259680000026</ele>
    </rtept>
    <rtept lat="28.65469" lon="84.47403">
      <ele>4066.2215679999463</ele>
    </rtept>
    <rtept lat="28.65466" lon="84.47399">
      <ele>4064.989215999993</ele>
    </rtept>
    <rtept lat="28.65466" lon="84.47394">
      <ele>4064.9272959999907</ele>
    </rtept>
    <rtept lat="28.65461" lon="84.4737899">
      <ele>4063.7694400000846</ele>
    </rtept>
    <rtept lat="28.65455" lon="84.47374">
      <ele>4061.463999999927</ele>
    </rtept>
    <rtept lat="28.65446" lon="84.47372">
      <ele>4057.2160000000113</ele>
    </rtept>
    <rtept lat="28.65434" lon="84.4736099">
      <ele>4055.0028825600384</ele>
    </rtept>
    <rtept lat="28.65434" lon="84.47357">
      <ele>4055.3614080000807</ele>
    </rtept>
    <rtept lat="28.65423" lon="84.47356">
      <ele>4051.9918079999247</ele>
    </rtept>
    <rtept lat="28.65414" lon="84.4734299">
      <ele>4049.0816140800594</ele>
    </rtept>
    <rtept lat="28.65402" lon="84.47335">
      <ele>4043.8857599999174</ele>
    </rtept>
    <rtept lat="28.65397" lon="84.47333">
      <ele>4041.5400000000022</ele>
    </rtept>
    <rtept lat="28.65383" lon="84.47314">
      <ele>4038.354687999973</ele>
    </rtept>
    <rtept lat="28.65374" lon="84.47305">
      <ele>4035.737119999956</ele>
    </rtept>
    <rtept lat="28.65373" lon="84.47307">
      <ele>4035.302463999992</ele>
    </rtept>
    <rtept lat="28.65371" lon="84.47306">
      <ele>4034.5738240000187</ele>
    </rtept>
    <rtept lat="28.65364" lon="84.47299">
      <ele>4032.8461760000246</ele>
    </rtept>
    <rtept lat="28.65357" lon="84.47289">
      <ele>4031.4589599998953</ele>
    </rtept>
    <rtept lat="28.65357" lon="84.47283">
      <ele>4031.9471199999284</ele>
    </rtept>
    <rtept lat="28.65347" lon="84.4728">
      <ele>4028.375199999938</ele>
    </rtept>
    <rtept lat="28.65334" lon="84.47264">
      <ele>4023.335424000006</ele>
    </rtept>
    <rtept lat="28.65325" lon="84.47259">
      <ele>4021.499999999999</ele>
    </rtept>
    <rtept lat="28.65322" lon="84.4726">
      <ele>4020.9600000000187</ele>
    </rtept>
    <rtept lat="28.65319" lon="84.4725799">
      <ele>4020.4199999999746</ele>
    </rtept>
    <rtept lat="28.65317" lon="84.47254">
      <ele>4020.0599999999877</ele>
    </rtept>
    <rtept lat="28.65305" lon="84.47254">
      <ele>4017.93456</ele>
    </rtept>
    <rtept lat="28.65302" lon="84.4725">
      <ele>4017.360000000068</ele>
    </rtept>
    <rtept lat="28.65292" lon="84.47247">
      <ele>4015.7284800000266</ele>
    </rtept>
    <rtept lat="28.65291" lon="84.47243">
      <ele>4015.7277599999525</ele>
    </rtept>
    <rtept lat="28.6527" lon="84.47235">
      <ele>4010.690400000055</ele>
    </rtept>
    <rtept lat="28.65259" lon="84.47232">
      <ele>4007.495615999915</ele>
    </rtept>
    <rtept lat="28.65254" lon="84.4722199">
      <ele>4003.457923839947</ele>
    </rtept>
    <rtept lat="28.65245" lon="84.4722">
      <ele>4001.3824000000222</ele>
    </rtept>
    <rtept lat="28.65234" lon="84.4721">
      <ele>3999.5622399999734</ele>
    </rtept>
    <rtept lat="28.65226" lon="84.47208">
      <ele>3997.798527999992</ele>
    </rtept>
    <rtept lat="28.65222" lon="84.47209">
      <ele>3996.996959999954</ele>
    </rtept>
    <rtept lat="28.65209" lon="84.47204">
      <ele>3993.222720000138</ele>
    </rtept>
    <rtept lat="28.65201" lon="84.47197">
      <ele>3989.659439999995</ele>
    </rtept>
    <rtept lat="28.65199" lon="84.47193">
      <ele>3988.40611200005</ele>
    </rtept>
    <rtept lat="28.65185" lon="84.47189">
      <ele>3984.914800000018</ele>
    </rtept>
    <rtept lat="28.65182" lon="84.47186">
      <ele>3983.9190400001144</ele>
    </rtept>
    <rtept lat="28.6518" lon="84.4718">
      <ele>3982.5280000000657</ele>
    </rtept>
    <rtept lat="28.65171" lon="84.47177">
      <ele>3979.7178400001803</ele>
    </rtept>
    <rtept lat="28.65161" lon="84.47169">
      <ele>3976.2142719998847</ele>
    </rtept>
    <rtept lat="28.65147" lon="84.47165">
      <ele>3974.5515999999916</ele>
    </rtept>
    <rtept lat="28.65138" lon="84.47165">
      <ele>3973.778239999971</ele>
    </rtept>
    <rtept lat="28.65131" lon="84.47159">
      <ele>3972.3608480000453</ele>
    </rtept>
    <rtept lat="28.65127" lon="84.47149">
      <ele>3970.627376000039</ele>
    </rtept>
    <rtept lat="28.6512" lon="84.47141">
      <ele>3968.2270400000707</ele>
    </rtept>
    <rtept lat="28.65098" lon="84.47134">
      <ele>3963.204927999992</ele>
    </rtept>
    <rtept lat="28.65096" lon="84.47131">
      <ele>3962.557504000048</ele>
    </rtept>
    <rtept lat="28.65084" lon="84.47124">
      <ele>3959.524863999916</ele>
    </rtept>
    <rtept lat="28.65078" lon="84.47113">
      <ele>3957.4621120000415</ele>
    </rtept>
    <rtept lat="28.65073" lon="84.47108">
      <ele>3956.8350079999846</ele>
    </rtept>
    <rtept lat="28.65061" lon="84.47101">
      <ele>3955.3620319999677</ele>
    </rtept>
    <rtept lat="28.65047" lon="84.47096">
      <ele>3952.976895999965</ele>
    </rtept>
    <rtept lat="28.65036" lon="84.47096">
      <ele>3950.9620479999926</ele>
    </rtept>
    <rtept lat="28.65031" lon="84.47095">
      <ele>3950.0185600000245</ele>
    </rtept>
    <rtept lat="28.65028" lon="84.47091">
      <ele>3949.3195839999867</ele>
    </rtept>
    <rtept lat="28.65018" lon="84.47091">
      <ele>3947.006303999996</ele>
    </rtept>
    <rtept lat="28.65016" lon="84.4708799">
      <ele>3946.3417987199905</ele>
    </rtept>
    <rtept lat="28.65008" lon="84.47086">
      <ele>3944.248703999994</ele>
    </rtept>
    <rtept lat="28.65005" lon="84.47084">
      <ele>3943.323359999962</ele>
    </rtept>
    <rtept lat="28.64991" lon="84.47085">
      <ele>3940.4109599999415</ele>
    </rtept>
    <rtept lat="28.64988" lon="84.47083">
      <ele>3939.4216319999637</ele>
    </rtept>
    <rtept lat="28.6498" lon="84.4706999">
      <ele>3937.949001599977</ele>
    </rtept>
    <rtept lat="28.64979" lon="84.47065">
      <ele>3937.7860799999735</ele>
    </rtept>
    <rtept lat="28.64955" lon="84.4705">
      <ele>3932.6320000000387</ele>
    </rtept>
    <rtept lat="28.64953" lon="84.47047">
      <ele>3931.9720480000037</ele>
    </rtept>
    <rtept lat="28.6495" lon="84.47045">
      <ele>3931.011999999988</ele>
    </rtept>
    <rtept lat="28.6495" lon="84.4704299">
      <ele>3930.8238639999836</ele>
    </rtept>
    <rtept lat="28.64941" lon="84.47028">
      <ele>3926.9119680000385</ele>
    </rtept>
    <rtept lat="28.6494" lon="84.47021">
      <ele>3928.118560000105</ele>
    </rtept>
    <rtept lat="28.64928" lon="84.4701">
      <ele>3926.7203200000245</ele>
    </rtept>
    <rtept lat="28.64924" lon="84.47005">
      <ele>3925.3652799999622</ele>
    </rtept>
    <rtept lat="28.64919" lon="84.47">
      <ele>3923.008000000053</ele>
    </rtept>
    <rtept lat="28.64909" lon="84.46995">
      <ele>3922.1956000000337</ele>
    </rtept>
    <rtept lat="28.64906" lon="84.46991">
      <ele>3922.2899199999965</ele>
    </rtept>
    <rtept lat="28.64898" lon="84.46991">
      <ele>3921.5353600000185</ele>
    </rtept>
    <rtept lat="28.64897" lon="84.46986">
      <ele>3921.5238399999853</ele>
    </rtept>
    <rtept lat="28.64892" lon="84.4698">
      <ele>3920.795200000017</ele>
    </rtept>
    <rtept lat="28.64885" lon="84.4696699">
      <ele>3919.028147999987</ele>
    </rtept>
    <rtept lat="28.6488" lon="84.46964">
      <ele>3917.6064000000265</ele>
    </rtept>
    <rtept lat="28.64868" lon="84.46941">
      <ele>3911.634751999945</ele>
    </rtept>
    <rtept lat="28.64855" lon="84.46927">
      <ele>3907.077519999971</ele>
    </rtept>
    <rtept lat="28.64845" lon="84.46924">
      <ele>3904.6633600000014</ele>
    </rtept>
    <rtept lat="28.64838" lon="84.46916">
      <ele>3902.1840639999855</ele>
    </rtept>
    <rtept lat="28.64833" lon="84.46916">
      <ele>3900.9274240000295</ele>
    </rtept>
    <rtept lat="28.64824" lon="84.46905">
      <ele>3898.701760000019</ele>
    </rtept>
    <rtept lat="28.64816" lon="84.46903">
      <ele>3896.6419840000335</ele>
    </rtept>
    <rtept lat="28.64803" lon="84.46888">
      <ele>3892.505055999969</ele>
    </rtept>
    <rtept lat="28.64799" lon="84.4689">
      <ele>3892.003840000083</ele>
    </rtept>
    <rtept lat="28.64788" lon="84.46872">
      <ele>3888.84774400004</ele>
    </rtept>
    <rtept lat="28.6478" lon="84.46874">
      <ele>3887.3708799999804</ele>
    </rtept>
    <rtept lat="28.6478" lon="84.46876">
      <ele>3887.509120000024</ele>
    </rtept>
    <rtept lat="28.64777" lon="84.46876">
      <ele>3886.9100480000525</ele>
    </rtept>
    <rtept lat="28.64774" lon="84.46878">
      <ele>3886.488127999931</ele>
    </rtept>
    <rtept lat="28.64769" lon="84.46877">
      <ele>3885.384512000105</ele>
    </rtept>
    <rtept lat="28.64765" lon="84.4687299">
      <ele>3883.8955663999636</ele>
    </rtept>
    <rtept lat="28.6475" lon="84.46866">
      <ele>3878.4080000000213</ele>
    </rtept>
    <rtept lat="28.64734" lon="84.46853">
      <ele>3873.3234240000065</ele>
    </rtept>
    <rtept lat="28.64722" lon="84.46852">
      <ele>3870.6319999999923</ele>
    </rtept>
    <rtept lat="28.64721" lon="84.46849">
      <ele>3869.948000000069</ele>
    </rtept>
    <rtept lat="28.64712" lon="84.46848">
      <ele>3867.5360000000196</ele>
    </rtept>
    <rtept lat="28.64708" lon="84.4684599">
      <ele>3866.238559999961</ele>
    </rtept>
    <rtept lat="28.64706" lon="84.4683699">
      <ele>3864.4385599999805</ele>
    </rtept>
    <rtept lat="28.647" lon="84.46834">
      <ele>3862.4959999999282</ele>
    </rtept>
    <rtept lat="28.64697" lon="84.46835">
      <ele>3861.8840000000046</ele>
    </rtept>
    <rtept lat="28.64696" lon="84.4682799">
      <ele>3861.7874921600087</ele>
    </rtept>
    <rtept lat="28.64692" lon="84.46827">
      <ele>3860.664000000019</ele>
    </rtept>
    <rtept lat="28.64683" lon="84.46836">
      <ele>3857.636448000096</ele>
    </rtept>
    <rtept lat="28.64673" lon="84.4683">
      <ele>3854.292000000055</ele>
    </rtept>
    <rtept lat="28.64664" lon="84.4683">
      <ele>3851.544960000041</ele>
    </rtept>
    <rtept lat="28.64617" lon="84.46814">
      <ele>3838.935552000057</ele>
    </rtept>
    <rtept lat="28.64614" lon="84.46812">
      <ele>3838.0398719999707</ele>
    </rtept>
    <rtept lat="28.64609" lon="84.46806">
      <ele>3836.5563520000055</ele>
    </rtept>
    <rtept lat="28.64598" lon="84.46801">
      <ele>3834.987999999914</ele>
    </rtept>
    <rtept lat="28.64588" lon="84.46802">
      <ele>3832.6480000000406</ele>
    </rtept>
    <rtept lat="28.6458" lon="84.46801">
      <ele>3831.18063999991</ele>
    </rtept>
    <rtept lat="28.64576" lon="84.46803">
      <ele>3830.091424000004</ele>
    </rtept>
    <rtept lat="28.64567" lon="84.46805">
      <ele>3828.1364799999114</ele>
    </rtept>
    <rtept lat="28.64559" lon="84.468">
      <ele>3827.269599999931</ele>
    </rtept>
    <rtept lat="28.64549" lon="84.46798">
      <ele>3825.3358080000007</ele>
    </rtept>
    <rtept lat="28.64547" lon="84.46793">
      <ele>3825.3687840000316</ele>
    </rtept>
    <rtept lat="28.64531" lon="84.46792">
      <ele>3821.7286079999144</ele>
    </rtept>
    <rtept lat="28.64528" lon="84.46781">
      <ele>3821.823071999992</ele>
    </rtept>
    <rtept lat="28.64524" lon="84.46777">
      <ele>3821.4841919999876</ele>
    </rtept>
    <rtept lat="28.64518" lon="84.46775">
      <ele>3820.8048000000954</ele>
    </rtept>
    <rtept lat="28.64515" lon="84.46771">
      <ele>3821.051760000084</ele>
    </rtept>
    <rtept lat="28.64504" lon="84.46768">
      <ele>3819.530688000004</ele>
    </rtept>
    <rtept lat="28.64503" lon="84.46765">
      <ele>3819.8896799998565</ele>
    </rtept>
    <rtept lat="28.64501" lon="84.46764">
      <ele>3819.6778559999316</ele>
    </rtept>
    <rtept lat="28.64497" lon="84.46768">
      <ele>3818.467967999982</ele>
    </rtept>
    <rtept lat="28.64491" lon="84.46765">
      <ele>3818.3539199998986</ele>
    </rtept>
    <rtept lat="28.64487" lon="84.4676999">
      <ele>3817.203383040016</ele>
    </rtept>
    <rtept lat="28.64482" lon="84.4676999">
      <ele>3816.7424534400006</ele>
    </rtept>
    <rtept lat="28.64477" lon="84.46773">
      <ele>3815.9191679999726</ele>
    </rtept>
    <rtept lat="28.64432" lon="84.46803">
      <ele>3808.0892160000208</ele>
    </rtept>
    <rtept lat="28.64414" lon="84.46809">
      <ele>3803.400192</ele>
    </rtept>
    <rtept lat="28.64407" lon="84.46809">
      <ele>3801.825695999974</ele>
    </rtept>
    <rtept lat="28.64393" lon="84.46804">
      <ele>3798.9605760000136</ele>
    </rtept>
    <rtept lat="28.64384" lon="84.46805">
      <ele>3796.6225599999975</ele>
    </rtept>
    <rtept lat="28.64373" lon="84.46803">
      <ele>3793.6738720000526</ele>
    </rtept>
    <rtept lat="28.64362" lon="84.46805">
      <ele>3790.334079999885</ele>
    </rtept>
    <rtept lat="28.64346" lon="84.46795">
      <ele>3788.799999999992</ele>
    </rtept>
    <rtept lat="28.64338" lon="84.46786">
      <ele>3788.655999999985</ele>
    </rtept>
    <rtept lat="28.64334" lon="84.46785">
      <ele>3788.079999999993</ele>
    </rtept>
    <rtept lat="28.64323" lon="84.46789">
      <ele>3787.083424000048</ele>
    </rtept>
    <rtept lat="28.6432" lon="84.4678799">
      <ele>3787.1765056000045</ele>
    </rtept>
    <rtept lat="28.64306" lon="84.46799">
      <ele>3784.4404479999835</ele>
    </rtept>
    <rtept lat="28.64285" lon="84.46809">
      <ele>3781.9202399999613</ele>
    </rtept>
    <rtept lat="28.64276" lon="84.46817">
      <ele>3780.4439999999777</ele>
    </rtept>
    <rtept lat="28.64238" lon="84.46834">
      <ele>3774.3496320000304</ele>
    </rtept>
    <rtept lat="28.64233" lon="84.46838">
      <ele>3774.005184000045</ele>
    </rtept>
    <rtept lat="28.64217" lon="84.4684599">
      <ele>3772.887100320012</ele>
    </rtept>
    <rtept lat="28.64207" lon="84.46854">
      <ele>3771.335711999947</ele>
    </rtept>
    <rtept lat="28.64194" lon="84.46851">
      <ele>3771.016352000084</ele>
    </rtept>
    <rtept lat="28.64184" lon="84.46854">
      <ele>3769.071487999939</ele>
    </rtept>
    <rtept lat="28.6418" lon="84.46856">
      <ele>3768.2806400000227</ele>
    </rtept>
    <rtept lat="28.64175" lon="84.46863">
      <ele>3766.92799999991</ele>
    </rtept>
    <rtept lat="28.64164" lon="84.4687299">
      <ele>3763.850493439987</ele>
    </rtept>
    <rtept lat="28.64159" lon="84.46876">
      <ele>3762.6239359999704</ele>
    </rtept>
    <rtept lat="28.64132" lon="84.46878">
      <ele>3758.086784000052</ele>
    </rtept>
    <rtept lat="28.6412" lon="84.46881">
      <ele>3755.9388799999797</ele>
    </rtept>
    <rtept lat="28.6408" lon="84.46876">
      <ele>3751.095359999972</ele>
    </rtept>
    <rtept lat="28.64077" lon="84.4688">
      <ele>3750.55391999999</ele>
    </rtept>
    <rtept lat="28.64072" lon="84.46881">
      <ele>3749.883743999989</ele>
    </rtept>
    <rtept lat="28.64066" lon="84.46877">
      <ele>3749.4661439999536</ele>
    </rtept>
    <rtept lat="28.64061" lon="84.46877">
      <ele>3748.900223999927</ele>
    </rtept>
    <rtept lat="28.6406" lon="84.46875">
      <ele>3748.9799999999914</ele>
    </rtept>
    <rtept lat="28.64047" lon="84.4688">
      <ele>3746.9251199999844</ele>
    </rtept>
    <rtept lat="28.6404" lon="84.46879">
      <ele>3746.2267200000183</ele>
    </rtept>
    <rtept lat="28.64032" lon="84.46875">
      <ele>3745.9559999999906</ele>
    </rtept>
    <rtept lat="28.64027" lon="84.46876">
      <ele>3745.2039679999557</ele>
    </rtept>
    <rtept lat="28.64019" lon="84.46883">
      <ele>3742.4319680000763</ele>
    </rtept>
    <rtept lat="28.64003" lon="84.46883">
      <ele>3739.4644160000826</ele>
    </rtept>
    <rtept lat="28.63995" lon="84.46884">
      <ele>3738.435679999992</ele>
    </rtept>
    <rtept lat="28.63969" lon="84.469">
      <ele>3735.26400000004</ele>
    </rtept>
    <rtept lat="28.63963" lon="84.46905">
      <ele>3735.5880000000398</ele>
    </rtept>
    <rtept lat="28.6396" lon="84.46911">
      <ele>3735.371999999972</ele>
    </rtept>
    <rtept lat="28.63953" lon="84.46915">
      <ele>3735.9480000000012</ele>
    </rtept>
    <rtept lat="28.63946" lon="84.46925">
      <ele>3735.9095999999795</ele>
    </rtept>
    <rtept lat="28.63934" lon="84.4693099">
      <ele>3735.065318720017</ele>
    </rtept>
    <rtept lat="28.6391" lon="84.4695">
      <ele>3730.080000000066</ele>
    </rtept>
    <rtept lat="28.63906" lon="84.46954">
      <ele>3728.7840000001156</ele>
    </rtept>
    <rtept lat="28.63903" lon="84.4696">
      <ele>3727.164000000023</ele>
    </rtept>
    <rtept lat="28.63893" lon="84.46969">
      <ele>3724.139999999984</ele>
    </rtept>
    <rtept lat="28.63884" lon="84.46972">
      <ele>3723.2211840001028</ele>
    </rtept>
    <rtept lat="28.63871" lon="84.46973">
      <ele>3723.5780320000144</ele>
    </rtept>
    <rtept lat="28.63852" lon="84.46982">
      <ele>3722.6400000000085</ele>
    </rtept>
    <rtept lat="28.63841" lon="84.46989">
      <ele>3721.343999999955</ele>
    </rtept>
    <rtept lat="28.63819" lon="84.46995">
      <ele>3717.8728800000536</ele>
    </rtept>
    <rtept lat="28.63809" lon="84.47001">
      <ele>3715.4804639999406</ele>
    </rtept>
    <rtept lat="28.63792" lon="84.47006">
      <ele>3713.647999999951</ele>
    </rtept>
    <rtept lat="28.63777" lon="84.47009">
      <ele>3712.741856000016</ele>
    </rtept>
    <rtept lat="28.63761" lon="84.47007">
      <ele>3713.8955839998785</ele>
    </rtept>
    <rtept lat="28.63752" lon="84.47009">
      <ele>3713.958656000028</ele>
    </rtept>
    <rtept lat="28.63744" lon="84.47013">
      <ele>3713.8261760000337</ele>
    </rtept>
    <rtept lat="28.63729" lon="84.47012">
      <ele>3715.57318400009</ele>
    </rtept>
    <rtept lat="28.63717" lon="84.47019">
      <ele>3715.768591999957</ele>
    </rtept>
    <rtept lat="28.63667" lon="84.47032">
      <ele>3715.407647999981</ele>
    </rtept>
    <rtept lat="28.63628" lon="84.47047">
      <ele>3712.2043199999225</ele>
    </rtept>
    <rtept lat="28.63594" lon="84.47048">
      <ele>3713.9911040000434</ele>
    </rtept>
    <rtept lat="28.63581" lon="84.4705">
      <ele>3713.667199999989</ele>
    </rtept>
    <rtept lat="28.63545" lon="84.47063">
      <ele>3712.3443199999947</ele>
    </rtept>
    <rtept lat="28.63436" lon="84.47095">
      <ele>3707.7003199999886</ele>
    </rtept>
    <rtept lat="28.63412" lon="84.47108">
      <ele>3703.559551999994</ele>
    </rtept>
    <rtept lat="28.63394" lon="84.47115">
      <ele>3703.738720000016</ele>
    </rtept>
    <rtept lat="28.63361" lon="84.47147">
      <ele>3707.8513280000348</ele>
    </rtept>
    <rtept lat="28.63351" lon="84.47153">
      <ele>3708.4123519999575</ele>
    </rtept>
    <rtept lat="28.63338" lon="84.47161">
      <ele>3708.158912000056</ele>
    </rtept>
    <rtept lat="28.63334" lon="84.4717299">
      <ele>3706.052366720002</ele>
    </rtept>
    <rtept lat="28.63325" lon="84.4719">
      <ele>3704.2879999999186</ele>
    </rtept>
    <rtept lat="28.63307" lon="84.47208">
      <ele>3703.945375999962</ele>
    </rtept>
    <rtept lat="28.63295" lon="84.47224">
      <ele>3705.685759999965</ele>
    </rtept>
    <rtept lat="28.63289" lon="84.47229">
      <ele>3707.754032000021</ele>
    </rtept>
    <rtept lat="28.63284" lon="84.4723099">
      <ele>3708.7822035199665</ele>
    </rtept>
    <rtept lat="28.63279" lon="84.47228">
      <ele>3709.2160639999825</ele>
    </rtept>
    <rtept lat="28.63265" lon="84.47225">
      <ele>3711.3159999999725</ele>
    </rtept>
    <rtept lat="28.63257" lon="84.47233">
      <ele>3712.355103999988</ele>
    </rtept>
    <rtept lat="28.63238" lon="84.47239">
      <ele>3713.566143999947</ele>
    </rtept>
    <rtept lat="28.63228" lon="84.47241">
      <ele>3713.9532160000367</ele>
    </rtept>
    <rtept lat="28.63221" lon="84.4723999">
      <ele>3714.297151680018</ele>
    </rtept>
    <rtept lat="28.63217" lon="84.47247">
      <ele>3712.7206079999605</ele>
    </rtept>
    <rtept lat="28.63207" lon="84.47247">
      <ele>3711.35836799996</ele>
    </rtept>
    <rtept lat="28.632" lon="84.47253">
      <ele>3709.49759999996</ele>
    </rtept>
    <rtept lat="28.6319" lon="84.47257">
      <ele>3708.0033599999542</ele>
    </rtept>
    <rtept lat="28.6316" lon="84.47264">
      <ele>3704.877120000022</ele>
    </rtept>
    <rtept lat="28.63137" lon="84.47263">
      <ele>3703.1880000001393</ele>
    </rtept>
    <rtept lat="28.63129" lon="84.4726699">
      <ele>3701.75088000001</ele>
    </rtept>
    <rtept lat="28.63113" lon="84.47272">
      <ele>3699.732000000129</ele>
    </rtept>
    <rtept lat="28.63091" lon="84.47275">
      <ele>3700.1755999998713</ele>
    </rtept>
    <rtept lat="28.63084" lon="84.4727">
      <ele>3701.9187199999233</ele>
    </rtept>
    <rtept lat="28.63076" lon="84.47271">
      <ele>3700.9159999998246</ele>
    </rtept>
    <rtept lat="28.63064" lon="84.47268">
      <ele>3700.376000000075</ele>
    </rtept>
    <rtept lat="28.63031" lon="84.4726699">
      <ele>3695.9851404800343</ele>
    </rtept>
    <rtept lat="28.63021" lon="84.4727">
      <ele>3694.285759999921</ele>
    </rtept>
    <rtept lat="28.63013" lon="84.47269">
      <ele>3694.199216000004</ele>
    </rtept>
    <rtept lat="28.63003" lon="84.4726699">
      <ele>3693.9623201600125</ele>
    </rtept>
    <rtept lat="28.62977" lon="84.47252">
      <ele>3695.1540800000216</ele>
    </rtept>
    <rtept lat="28.62973" lon="84.47247">
      <ele>3695.5490719999752</ele>
    </rtept>
    <rtept lat="28.62949" lon="84.47237">
      <ele>3701.342767999972</ele>
    </rtept>
    <rtept lat="28.62941" lon="84.47232">
      <ele>3701.029055999952</ele>
    </rtept>
    <rtept lat="28.62929" lon="84.47233">
      <ele>3699.792816000007</ele>
    </rtept>
    <rtept lat="28.62917" lon="84.4723">
      <ele>3698.3140799999996</ele>
    </rtept>
    <rtept lat="28.62911" lon="84.47232">
      <ele>3697.656768000006</ele>
    </rtept>
    <rtept lat="28.62905" lon="84.4723099">
      <ele>3696.9453647999962</ele>
    </rtept>
    <rtept lat="28.62899" lon="84.47233">
      <ele>3696.128928000024</ele>
    </rtept>
    <rtept lat="28.62871" lon="84.47235">
      <ele>3694.272239999954</ele>
    </rtept>
    <rtept lat="28.62868" lon="84.4723099">
      <ele>3694.538441280006</ele>
    </rtept>
    <rtept lat="28.62865" lon="84.47223">
      <ele>3695.0800800000306</ele>
    </rtept>
    <rtept lat="28.62862" lon="84.4722199">
      <ele>3695.073532480025</ele>
    </rtept>
    <rtept lat="28.62856" lon="84.47223">
      <ele>3693.6560000000327</ele>
    </rtept>
    <rtept lat="28.62849" lon="84.47226">
      <ele>3691.675999999942</ele>
    </rtept>
    <rtept lat="28.62833" lon="84.47226">
      <ele>3687.6183679999035</ele>
    </rtept>
    <rtept lat="28.62824" lon="84.4723">
      <ele>3684.321920000022</ele>
    </rtept>
    <rtept lat="28.62817" lon="84.47236">
      <ele>3681.424352000077</ele>
    </rtept>
    <rtept lat="28.62809" lon="84.47237">
      <ele>3678.585968000028</ele>
    </rtept>
    <rtept lat="28.62802" lon="84.47233">
      <ele>3678.2046400000104</ele>
    </rtept>
    <rtept lat="28.62781" lon="84.47228">
      <ele>3679.330719999953</ele>
    </rtept>
    <rtept lat="28.62759" lon="84.47238">
      <ele>3673.9883840000557</ele>
    </rtept>
    <rtept lat="28.62747" lon="84.47239">
      <ele>3669.5052319999054</ele>
    </rtept>
    <rtept lat="28.62735" lon="84.47234">
      <ele>3668.4089599999556</ele>
    </rtept>
    <rtept lat="28.62729" lon="84.47237">
      <ele>3666.9621920000072</ele>
    </rtept>
    <rtept lat="28.62713" lon="84.47238">
      <ele>3663.40400000001</ele>
    </rtept>
    <rtept lat="28.6271" lon="84.47235">
      <ele>3663.079999999881</ele>
    </rtept>
    <rtept lat="28.62701" lon="84.47236">
      <ele>3660.668000000036</ele>
    </rtept>
    <rtept lat="28.62686" lon="84.47241">
      <ele>3656.78451200005</ele>
    </rtept>
    <rtept lat="28.62682" lon="84.47239">
      <ele>3656.2597759999335</ele>
    </rtept>
    <rtept lat="28.62671" lon="84.4723999">
      <ele>3654.15300847999</ele>
    </rtept>
    <rtept lat="28.62657" lon="84.4724899">
      <ele>3649.8917067200346</ele>
    </rtept>
    <rtept lat="28.6264" lon="84.4725799">
      <ele>3643.7962256000114</ele>
    </rtept>
    <rtept lat="28.62634" lon="84.47263">
      <ele>3640.5887359999783</ele>
    </rtept>
    <rtept lat="28.62629" lon="84.47269">
      <ele>3637.7790080000464</ele>
    </rtept>
    <rtept lat="28.62625" lon="84.47272">
      <ele>3635.707999999962</ele>
    </rtept>
    <rtept lat="28.62622" lon="84.47272">
      <ele>3634.2590720000107</ele>
    </rtept>
    <rtept lat="28.62617" lon="84.4726699">
      <ele>3631.920664639919</ele>
    </rtept>
    <rtept lat="28.62614" lon="84.4726699">
      <ele>3630.432778879973</ele>
    </rtept>
    <rtept lat="28.62604" lon="84.4726">
      <ele>3626.0918399999864</ele>
    </rtept>
    <rtept lat="28.62602" lon="84.47254">
      <ele>3625.3447680000263</ele>
    </rtept>
    <rtept lat="28.62593" lon="84.4724899">
      <ele>3621.8153467200136</ele>
    </rtept>
    <rtept lat="28.62591" lon="84.47245">
      <ele>3620.9863200000373</ele>
    </rtept>
    <rtept lat="28.62577" lon="84.47234">
      <ele>3616.4386559999766</ele>
    </rtept>
    <rtept lat="28.62576" lon="84.47218">
      <ele>3616.4561279999994</ele>
    </rtept>
    <rtept lat="28.62574" lon="84.47215">
      <ele>3616.07136000001</ele>
    </rtept>
    <rtept lat="28.62566" lon="84.47209">
      <ele>3614.5530240000116</ele>
    </rtept>
    <rtept lat="28.62549" lon="84.47187">
      <ele>3611.804991999989</ele>
    </rtept>
    <rtept lat="28.62534" lon="84.47177">
      <ele>3610.4413119999626</ele>
    </rtept>
    <rtept lat="28.62525" lon="84.47165">
      <ele>3610.8600000000197</ele>
    </rtept>
    <rtept lat="28.62511" lon="84.47149">
      <ele>3610.4279999999853</ele>
    </rtept>
    <rtept lat="28.62509" lon="84.47142">
      <ele>3610.5360000000196</ele>
    </rtept>
    <rtept lat="28.62508" lon="84.47125">
      <ele>3609.5759999999873</ele>
    </rtept>
    <rtept lat="28.62506" lon="84.47121">
      <ele>3609.1440000000034</ele>
    </rtept>
    <rtept lat="28.62509" lon="84.47098">
      <ele>3606.440927999956</ele>
    </rtept>
    <rtept lat="28.62503" lon="84.47096">
      <ele>3605.5547520000805</ele>
    </rtept>
    <rtept lat="28.62497" lon="84.47099">
      <ele>3605.6372640000145</ele>
    </rtept>
    <rtept lat="28.62495" lon="84.47094">
      <ele>3604.712639999974</ele>
    </rtept>
    <rtept lat="28.62496" lon="84.47091">
      <ele>3604.260768000062</ele>
    </rtept>
    <rtept lat="28.62492" lon="84.4708799">
      <ele>3603.6933590399976</ele>
    </rtept>
    <rtept lat="28.62485" lon="84.47092">
      <ele>3604.0545600000764</ele>
    </rtept>
    <rtept lat="28.62482" lon="84.4709">
      <ele>3603.7334400000027</ele>
    </rtept>
    <rtept lat="28.62481" lon="84.4707899">
      <ele>3603.1069502400005</ele>
    </rtept>
    <rtept lat="28.62475" lon="84.47078">
      <ele>3603.1727999999853</ele>
    </rtept>
    <rtept lat="28.62451" lon="84.47062">
      <ele>3603.768000000012</ele>
    </rtept>
    <rtept lat="28.62419" lon="84.47059">
      <ele>3603.7624159999896</ele>
    </rtept>
    <rtept lat="28.62403" lon="84.47051">
      <ele>3602.521376000012</ele>
    </rtept>
    <rtept lat="28.62395" lon="84.47045">
      <ele>3601.8728000000065</ele>
    </rtept>
    <rtept lat="28.62392" lon="84.47046">
      <ele>3601.602943999978</ele>
    </rtept>
    <rtept lat="28.62384" lon="84.4704">
      <ele>3601.0320000000215</ele>
    </rtept>
    <rtept lat="28.62377" lon="84.47038">
      <ele>3600.3479999999836</ele>
    </rtept>
    <rtept lat="28.62373" lon="84.4704">
      <ele>3599.8439999999896</ele>
    </rtept>
    <rtept lat="28.62367" lon="84.47039">
      <ele>3599.2320000000254</ele>
    </rtept>
    <rtept lat="28.6236" lon="84.4703399">
      <ele>3598.6784688000016</ele>
    </rtept>
    <rtept lat="28.62352" lon="84.47024">
      <ele>3598.7519999999504</ele>
    </rtept>
    <rtept lat="28.62337" lon="84.47014">
      <ele>3598.752000000002</ele>
    </rtept>
    <rtept lat="28.62332" lon="84.46999">
      <ele>3599.8474560000127</ele>
    </rtept>
    <rtept lat="28.62332" lon="84.46982">
      <ele>3600.5182080000027</ele>
    </rtept>
    <rtept lat="28.62327" lon="84.46979">
      <ele>3600.1887359999964</ele>
    </rtept>
    <rtept lat="28.62322" lon="84.46961">
      <ele>3600.662335999986</ele>
    </rtept>
    <rtept lat="28.62312" lon="84.46943">
      <ele>3599.9799999999923</ele>
    </rtept>
    <rtept lat="28.62311" lon="84.46933">
      <ele>3600.196000000009</ele>
    </rtept>
    <rtept lat="28.62306" lon="84.46926">
      <ele>3599.7279999999637</ele>
    </rtept>
    <rtept lat="28.62305" lon="84.46921">
      <ele>3599.780879999977</ele>
    </rtept>
    <rtept lat="28.62306" lon="84.46915">
      <ele>3600.2430399999944</ele>
    </rtept>
    <rtept lat="28.62304" lon="84.46913">
      <ele>3600.2501759999172</ele>
    </rtept>
    <rtept lat="28.62301" lon="84.46914">
      <ele>3599.8432320000584</ele>
    </rtept>
    <rtept lat="28.62296" lon="84.46903">
      <ele>3600.9517439999427</ele>
    </rtept>
    <rtept lat="28.62298" lon="84.46898">
      <ele>3601.748351999967</ele>
    </rtept>
    <rtept lat="28.62294" lon="84.46893">
      <ele>3602.3712959999953</ele>
    </rtept>
    <rtept lat="28.62289" lon="84.46894">
      <ele>3602.1190079999437</ele>
    </rtept>
    <rtept lat="28.62283" lon="84.4689">
      <ele>3602.782559999903</ele>
    </rtept>
    <rtept lat="28.62277" lon="84.46884">
      <ele>3604.4920000000047</ele>
    </rtept>
    <rtept lat="28.62268" lon="84.46881">
      <ele>3606.3279999998713</ele>
    </rtept>
    <rtept lat="28.62259" lon="84.46876">
      <ele>3608.7399999999207</ele>
    </rtept>
    <rtept lat="28.62254" lon="84.46875">
      <ele>3609.567999999991</ele>
    </rtept>
    <rtept lat="28.62251" lon="84.46872">
      <ele>3610.7559999998825</ele>
    </rtept>
    <rtept lat="28.62247" lon="84.46872">
      <ele>3610.690335999866</ele>
    </rtept>
    <rtept lat="28.62227" lon="84.4686399">
      <ele>3611.600693920017</ele>
    </rtept>
    <rtept lat="28.62225" lon="84.4686">
      <ele>3612.236000000024</ele>
    </rtept>
    <rtept lat="28.62228" lon="84.46857">
      <ele>3612.5332160000003</ele>
    </rtept>
    <rtept lat="28.62229" lon="84.46853">
      <ele>3612.708751999994</ele>
    </rtept>
    <rtept lat="28.62227" lon="84.46851">
      <ele>3612.6453920000176</ele>
    </rtept>
    <rtept lat="28.6223" lon="84.4684599">
      <ele>3612.951939199998</ele>
    </rtept>
    <rtept lat="28.62221" lon="84.46842">
      <ele>3612.616544000015</ele>
    </rtept>
    <rtept lat="28.62222" lon="84.46838">
      <ele>3612.8213120000073</ele>
    </rtept>
    <rtept lat="28.62237" lon="84.46811">
      <ele>3608.383183999904</ele>
    </rtept>
    <rtept lat="28.62233" lon="84.468">
      <ele>3604.307200000168</ele>
    </rtept>
    <rtept lat="28.62238" lon="84.46793">
      <ele>3602.361471999819</ele>
    </rtept>
    <rtept lat="28.62237" lon="84.46789">
      <ele>3600.610143999884</ele>
    </rtept>
    <rtept lat="28.62233" lon="84.46785">
      <ele>3598.246239999973</ele>
    </rtept>
    <rtept lat="28.62232" lon="84.46782">
      <ele>3596.8289920001</ele>
    </rtept>
    <rtept lat="28.62233" lon="84.46778">
      <ele>3595.4177920002267</ele>
    </rtept>
    <rtept lat="28.62233" lon="84.46769">
      <ele>3592.116176000198</ele>
    </rtept>
    <rtept lat="28.62238" lon="84.46755">
      <ele>3587.630720000104</ele>
    </rtept>
    <rtept lat="28.62236" lon="84.46748">
      <ele>3584.840575999837</ele>
    </rtept>
    <rtept lat="28.62237" lon="84.46747">
      <ele>3584.6170880001905</ele>
    </rtept>
    <rtept lat="28.62239" lon="84.46742">
      <ele>3583.160096000132</ele>
    </rtept>
    <rtept lat="28.62239" lon="84.46738">
      <ele>3581.834144000183</ele>
    </rtept>
    <rtept lat="28.62244" lon="84.46735">
      <ele>3581.1852799998746</ele>
    </rtept>
    <rtept lat="28.62244" lon="84.46723">
      <ele>3577.051904000028</ele>
    </rtept>
    <rtept lat="28.62246" lon="84.46717">
      <ele>3575.431711999888</ele>
    </rtept>
    <rtept lat="28.62253" lon="84.46707">
      <ele>3574.0176320002092</ele>
    </rtept>
    <rtept lat="28.6226" lon="84.4669">
      <ele>3571.310399999835</ele>
    </rtept>
    <rtept lat="28.62257" lon="84.4668">
      <ele>3567.608160000169</ele>
    </rtept>
    <rtept lat="28.62255" lon="84.46678">
      <ele>3566.3582400000105</ele>
    </rtept>
    <rtept lat="28.6226" lon="84.46671">
      <ele>3566.139360000113</ele>
    </rtept>
    <rtept lat="28.62257" lon="84.46663">
      <ele>3562.650527999831</ele>
    </rtept>
    <rtept lat="28.62253" lon="84.46657">
      <ele>3559.1311680001877</ele>
    </rtept>
    <rtept lat="28.62255" lon="84.46653">
      <ele>3558.7291200001973</ele>
    </rtept>
    <rtept lat="28.62251" lon="84.4664899">
      <ele>3555.7145779199</ele>
    </rtept>
    <rtept lat="28.6225" lon="84.46644">
      <ele>3553.656000000125</ele>
    </rtept>
    <rtept lat="28.62246" lon="84.46641">
      <ele>3550.700831999881</ele>
    </rtept>
    <rtept lat="28.62247" lon="84.46637">
      <ele>3549.846623999914</ele>
    </rtept>
    <rtept lat="28.62245" lon="84.46633">
      <ele>3547.41936000001</ele>
    </rtept>
    <rtept lat="28.62247" lon="84.46626">
      <ele>3546.111552000175</ele>
    </rtept>
    <rtept lat="28.62241" lon="84.46621">
      <ele>3540.833376000056</ele>
    </rtept>
    <rtept lat="28.62228" lon="84.46619">
      <ele>3532.1997119998814</ele>
    </rtept>
    <rtept lat="28.62216" lon="84.46607">
      <ele>3525.434240000011</ele>
    </rtept>
    <rtept lat="28.62216" lon="84.46602">
      <ele>3524.8726399999955</ele>
    </rtept>
    <rtept lat="28.62212" lon="84.46598">
      <ele>3524.659520000032</ele>
    </rtept>
    <rtept lat="28.62209" lon="84.46589">
      <ele>3523.417520000027</ele>
    </rtept>
    <rtept lat="28.62195" lon="84.46585">
      <ele>3522.4340000000752</ele>
    </rtept>
    <rtept lat="28.62177" lon="84.4657">
      <ele>3518.5225599999835</ele>
    </rtept>
    <rtept lat="28.62172" lon="84.46569">
      <ele>3517.903071999913</ele>
    </rtept>
    <rtept lat="28.62163" lon="84.4656">
      <ele>3515.5835199999165</ele>
    </rtept>
    <rtept lat="28.62159" lon="84.46559">
      <ele>3515.20710400009</ele>
    </rtept>
    <rtept lat="28.62149" lon="84.46547">
      <ele>3517.137232000143</ele>
    </rtept>
    <rtept lat="28.62141" lon="84.46542">
      <ele>3516.9239680001338</ele>
    </rtept>
    <rtept lat="28.62121" lon="84.4653699">
      <ele>3503.3775616000976</ele>
    </rtept>
    <rtept lat="28.62115" lon="84.46534">
      <ele>3498.3063999999767</ele>
    </rtept>
    <rtept lat="28.62103" lon="84.46535">
      <ele>3494.5291200000124</ele>
    </rtept>
    <rtept lat="28.62094" lon="84.46533">
      <ele>3493.9346880000776</ele>
    </rtept>
    <rtept lat="28.62085" lon="84.4654">
      <ele>3491.3495999999413</ele>
    </rtept>
    <rtept lat="28.62076" lon="84.46542">
      <ele>3488.556672000169</ele>
    </rtept>
    <rtept lat="28.6207" lon="84.46547">
      <ele>3485.780640000081</ele>
    </rtept>
    <rtept lat="28.6204" lon="84.46548">
      <ele>3480.9353600000077</ele>
    </rtept>
    <rtept lat="28.62032" lon="84.46554">
      <ele>3479.4890239999454</ele>
    </rtept>
    <rtept lat="28.62022" lon="84.46558">
      <ele>3477.3589120000174</ele>
    </rtept>
    <rtept lat="28.62017" lon="84.46551">
      <ele>3475.872736000098</ele>
    </rtept>
    <rtept lat="28.62002" lon="84.46552">
      <ele>3470.794432000018</ele>
    </rtept>
    <rtept lat="28.61984" lon="84.4654599">
      <ele>3465.9537654400115</ele>
    </rtept>
    <rtept lat="28.61967" lon="84.46551">
      <ele>3459.3790080000363</ele>
    </rtept>
    <rtept lat="28.6195" lon="84.46561">
      <ele>3452.340799999911</ele>
    </rtept>
    <rtept lat="28.61941" lon="84.4656399">
      <ele>3449.911675039947</ele>
    </rtept>
    <rtept lat="28.61923" lon="84.46558">
      <ele>3445.6927040000073</ele>
    </rtept>
    <rtept lat="28.61916" lon="84.46559">
      <ele>3444.148927999922</ele>
    </rtept>
    <rtept lat="28.61913" lon="84.46565">
      <ele>3442.1146400000034</ele>
    </rtept>
    <rtept lat="28.61903" lon="84.46567">
      <ele>3438.6281119999217</ele>
    </rtept>
    <rtept lat="28.61897" lon="84.46574">
      <ele>3436.010336000059</ele>
    </rtept>
    <rtept lat="28.61887" lon="84.46576">
      <ele>3433.4420479999844</ele>
    </rtept>
    <rtept lat="28.61876" lon="84.46576">
      <ele>3432.9415039999913</ele>
    </rtept>
    <rtept lat="28.61863" lon="84.46587">
      <ele>3432.5870239999326</ele>
    </rtept>
    <rtept lat="28.61854" lon="84.46588">
      <ele>3431.6500479999618</ele>
    </rtept>
    <rtept lat="28.61848" lon="84.46584">
      <ele>3429.8039680000306</ele>
    </rtept>
    <rtept lat="28.61837" lon="84.46572">
      <ele>3427.0055679999987</ele>
    </rtept>
    <rtept lat="28.61833" lon="84.46569">
      <ele>3425.877423999973</ele>
    </rtept>
    <rtept lat="28.61799" lon="84.46579">
      <ele>3420.5145279999865</ele>
    </rtept>
    <rtept lat="28.61782" lon="84.46577">
      <ele>3421.4067519999717</ele>
    </rtept>
    <rtept lat="28.61755" lon="84.4658">
      <ele>3422.4096000000045</ele>
    </rtept>
    <rtept lat="28.61716" lon="84.46599">
      <ele>3432.933312000082</ele>
    </rtept>
    <rtept lat="28.61697" lon="84.46602">
      <ele>3437.702592000032</ele>
    </rtept>
    <rtept lat="28.61683" lon="84.4661">
      <ele>3436.3195200000364</ele>
    </rtept>
    <rtept lat="28.61655" lon="84.46617">
      <ele>3434.415839999795</ele>
    </rtept>
    <rtept lat="28.61644" lon="84.46618">
      <ele>3435.222528000244</ele>
    </rtept>
    <rtept lat="28.61634" lon="84.4661">
      <ele>3440.6582400001234</ele>
    </rtept>
    <rtept lat="28.61623" lon="84.4661">
      <ele>3443.129280000134</ele>
    </rtept>
    <rtept lat="28.61611" lon="84.46613">
      <ele>3444.1460959997066</ele>
    </rtept>
    <rtept lat="28.61599" lon="84.46619">
      <ele>3443.9292320001464</ele>
    </rtept>
    <rtept lat="28.6159" lon="84.46627">
      <ele>3440.6009600003695</ele>
    </rtept>
    <rtept lat="28.61566" lon="84.46635">
      <ele>3437.759359999604</ele>
    </rtept>
    <rtept lat="28.61548" lon="84.46653">
      <ele>3425.2872959995643</ele>
    </rtept>
    <rtept lat="28.6154" lon="84.4665799">
      <ele>3420.7068864000685</ele>
    </rtept>
    <rtept lat="28.6153" lon="84.46659">
      <ele>3418.8556800003107</ele>
    </rtept>
    <rtept lat="28.6151" lon="84.46659">
      <ele>3421.890560000301</ele>
    </rtept>
    <rtept lat="28.61505" lon="84.46665">
      <ele>3416.916799999867</ele>
    </rtept>
    <rtept lat="28.61504" lon="84.46671">
      <ele>3413.417215999706</ele>
    </rtept>
    <rtept lat="28.61482" lon="84.4667599">
      <ele>3415.4208463999908</ele>
    </rtept>
    <rtept lat="28.61473" lon="84.4667599">
      <ele>3417.1451095999964</ele>
    </rtept>
    <rtept lat="28.61464" lon="84.46673">
      <ele>3419.9705600000975</ele>
    </rtept>
    <rtept lat="28.61434" lon="84.46681">
      <ele>3411.9240960002835</ele>
    </rtept>
    <rtept lat="28.61416" lon="84.46698">
      <ele>3396.3144959996807</ele>
    </rtept>
    <rtept lat="28.61394" lon="84.46705">
      <ele>3390.889439999968</ele>
    </rtept>
    <rtept lat="28.6138" lon="84.46712">
      <ele>3384.3488000004645</ele>
    </rtept>
    <rtept lat="28.6137" lon="84.46724">
      <ele>3374.0291199998996</ele>
    </rtept>
    <rtept lat="28.61371" lon="84.46729">
      <ele>3372.5508159998317</ele>
    </rtept>
    <rtept lat="28.61367" lon="84.4673399">
      <ele>3370.5556499200243</ele>
    </rtept>
    <rtept lat="28.61352" lon="84.46744">
      <ele>3368.026304000078</ele>
    </rtept>
    <rtept lat="28.61333" lon="84.46753">
      <ele>3367.0374080001116</ele>
    </rtept>
    <rtept lat="28.61329" lon="84.46758">
      <ele>3365.4741440000644</ele>
    </rtept>
    <rtept lat="28.61315" lon="84.46762">
      <ele>3364.2017600001263</ele>
    </rtept>
    <rtept lat="28.6131" lon="84.46769">
      <ele>3361.5348799998224</ele>
    </rtept>
    <rtept lat="28.61297" lon="84.46772">
      <ele>3358.171424000018</ele>
    </rtept>
    <rtept lat="28.61289" lon="84.46769">
      <ele>3356.80097599991</ele>
    </rtept>
    <rtept lat="28.61286" lon="84.46769">
      <ele>3355.9538239999606</ele>
    </rtept>
    <rtept lat="28.61277" lon="84.46766">
      <ele>3353.383872000107</ele>
    </rtept>
    <rtept lat="28.61273" lon="84.46766">
      <ele>3350.9969279999855</ele>
    </rtept>
    <rtept lat="28.61268" lon="84.46775">
      <ele>3347.2512000001043</ele>
    </rtept>
    <rtept lat="28.61264" lon="84.46775">
      <ele>3344.81759999998</ele>
    </rtept>
    <rtept lat="28.61257" lon="84.4676999">
      <ele>3341.0544292801032</ele>
    </rtept>
    <rtept lat="28.61253" lon="84.4676999">
      <ele>3338.6468011199777</ele>
    </rtept>
    <rtept lat="28.61247" lon="84.4677899">
      <ele>3334.0974399999077</ele>
    </rtept>
    <rtept lat="28.61241" lon="84.46776">
      <ele>3330.883584000042</ele>
    </rtept>
    <rtept lat="28.61233" lon="84.46783">
      <ele>3325.4559999999065</ele>
    </rtept>
    <rtept lat="28.61228" lon="84.46784">
      <ele>3322.4319999999734</ele>
    </rtept>
    <rtept lat="28.61202" lon="84.46778">
      <ele>3316.3105279999145</ele>
    </rtept>
  </rte>
  <rte>
    <name>Manaslu Trek - Day 11</name>
    <rtept lat="28.61191" lon="84.46771">
      <ele>3315.968000000095</ele>
    </rtept>
    <rtept lat="28.61187" lon="84.4676099">
      <ele>3317.55416000001</ele>
    </rtept>
    <rtept lat="28.61183" lon="84.46758">
      <ele>3317.624000000058</ele>
    </rtept>
    <rtept lat="28.6117" lon="84.46749">
      <ele>3317.9494400000817</ele>
    </rtept>
    <rtept lat="28.61167" lon="84.46744">
      <ele>3320.0512640001866</ele>
    </rtept>
    <rtept lat="28.61158" lon="84.46739">
      <ele>3320.9964800002103</ele>
    </rtept>
    <rtept lat="28.6115" lon="84.46738">
      <ele>3319.8559999998274</ele>
    </rtept>
    <rtept lat="28.61142" lon="84.4673399">
      <ele>3319.062963199996</ele>
    </rtept>
    <rtept lat="28.61132" lon="84.46731">
      <ele>3319.088160000048</ele>
    </rtept>
    <rtept lat="28.61127" lon="84.4673399">
      <ele>3318.6828504000205</ele>
    </rtept>
    <rtept lat="28.61113" lon="84.46732">
      <ele>3319.7476799999768</ele>
    </rtept>
    <rtept lat="28.61107" lon="84.46731">
      <ele>3318.2166080001434</ele>
    </rtept>
    <rtept lat="28.61093" lon="84.46719">
      <ele>3314.9901599998643</ele>
    </rtept>
    <rtept lat="28.61084" lon="84.46715">
      <ele>3312.7487999997534</ele>
    </rtept>
    <rtept lat="28.61065" lon="84.46713">
      <ele>3308.361360000169</ele>
    </rtept>
    <rtept lat="28.6106" lon="84.46714">
      <ele>3306.217920000008</ele>
    </rtept>
    <rtept lat="28.61055" lon="84.46711">
      <ele>3307.06847999962</ele>
    </rtept>
    <rtept lat="28.61051" lon="84.4671">
      <ele>3307.7409599998455</ele>
    </rtept>
    <rtept lat="28.61038" lon="84.46698">
      <ele>3317.85062399944</ele>
    </rtept>
    <rtept lat="28.61028" lon="84.46695">
      <ele>3321.456960000278</ele>
    </rtept>
    <rtept lat="28.6101" lon="84.46683">
      <ele>3328.001279999824</ele>
    </rtept>
    <rtept lat="28.61004" lon="84.46666">
      <ele>3340.7658239999346</ele>
    </rtept>
    <rtept lat="28.6099" lon="84.4664899">
      <ele>3334.9454303999964</ele>
    </rtept>
    <rtept lat="28.60986" lon="84.46648">
      <ele>3331.7733120000003</ele>
    </rtept>
    <rtept lat="28.60987" lon="84.46655">
      <ele>3330.9794400001138</ele>
    </rtept>
    <rtept lat="28.60984" lon="84.46659">
      <ele>3327.5250239999427</ele>
    </rtept>
    <rtept lat="28.60974" lon="84.46653">
      <ele>3320.4554879997504</ele>
    </rtept>
    <rtept lat="28.60964" lon="84.46643">
      <ele>3317.801535999879</ele>
    </rtept>
    <rtept lat="28.60958" lon="84.46645">
      <ele>3314.6588800002387</ele>
    </rtept>
    <rtept lat="28.60947" lon="84.46642">
      <ele>3311.4344320000946</ele>
    </rtept>
    <rtept lat="28.60935" lon="84.46629">
      <ele>3309.4434399998995</ele>
    </rtept>
    <rtept lat="28.60919" lon="84.4663099">
      <ele>3296.293531360222</ele>
    </rtept>
    <rtept lat="28.60895" lon="84.46607">
      <ele>3285.8607199998296</ele>
    </rtept>
    <rtept lat="28.60885" lon="84.46602">
      <ele>3279.3558399999956</ele>
    </rtept>
    <rtept lat="28.60869" lon="84.46584">
      <ele>3282.6776319999285</ele>
    </rtept>
    <rtept lat="28.60862" lon="84.4658">
      <ele>3278.9727999997544</ele>
    </rtept>
    <rtept lat="28.60857" lon="84.46575">
      <ele>3277.5520000000274</ele>
    </rtept>
    <rtept lat="28.60847" lon="84.4656">
      <ele>3277.9120000003822</ele>
    </rtept>
    <rtept lat="28.60839" lon="84.46557">
      <ele>3272.368000000019</ele>
    </rtept>
    <rtept lat="28.60832" lon="84.46552">
      <ele>3268.973440000043</ele>
    </rtept>
    <rtept lat="28.60825" lon="84.46543">
      <ele>3268.7920000003187</ele>
    </rtept>
    <rtept lat="28.60822" lon="84.46533">
      <ele>3274.0969600003846</ele>
    </rtept>
    <rtept lat="28.60809" lon="84.46521">
      <ele>3272.497744000093</ele>
    </rtept>
    <rtept lat="28.60802" lon="84.4650599">
      <ele>3275.2566607999925</ele>
    </rtept>
    <rtept lat="28.60792" lon="84.46503">
      <ele>3271.7249600000846</ele>
    </rtept>
    <rtept lat="28.60787" lon="84.4649699">
      <ele>3272.977375519931</ele>
    </rtept>
    <rtept lat="28.60785" lon="84.4649">
      <ele>3275.8735999999494</ele>
    </rtept>
    <rtept lat="28.60779" lon="84.46482">
      <ele>3277.3205119998975</ele>
    </rtept>
    <rtept lat="28.6077" lon="84.46474">
      <ele>3277.67999999972</ele>
    </rtept>
    <rtept lat="28.60766" lon="84.46459">
      <ele>3282.220351999918</ele>
    </rtept>
    <rtept lat="28.60761" lon="84.46451">
      <ele>3282.9970879998887</ele>
    </rtept>
    <rtept lat="28.60747" lon="84.4644">
      <ele>3279.366560000034</ele>
    </rtept>
    <rtept lat="28.60733" lon="84.46433">
      <ele>3271.772287999914</ele>
    </rtept>
    <rtept lat="28.60719" lon="84.46431">
      <ele>3263.1951360000617</ele>
    </rtept>
    <rtept lat="28.60709" lon="84.46421">
      <ele>3261.4815360001585</ele>
    </rtept>
    <rtept lat="28.60704" lon="84.4641">
      <ele>3263.920319999963</ele>
    </rtept>
    <rtept lat="28.60699" lon="84.46412">
      <ele>3259.729344000353</ele>
    </rtept>
    <rtept lat="28.60696" lon="84.46423">
      <ele>3253.507392000037</ele>
    </rtept>
    <rtept lat="28.60693" lon="84.46428">
      <ele>3251.1243519999043</ele>
    </rtept>
    <rtept lat="28.60688" lon="84.46426">
      <ele>3250.1261440001063</ele>
    </rtept>
    <rtept lat="28.60685" lon="84.46415">
      <ele>3252.618399999822</ele>
    </rtept>
    <rtept lat="28.60681" lon="84.4641">
      <ele>3254.4673599998696</ele>
    </rtept>
    <rtept lat="28.60677" lon="84.46411">
      <ele>3252.763551999741</ele>
    </rtept>
    <rtept lat="28.60672" lon="84.46424">
      <ele>3246.1200639998647</ele>
    </rtept>
    <rtept lat="28.60665" lon="84.46428">
      <ele>3242.3924799998363</ele>
    </rtept>
    <rtept lat="28.60659" lon="84.46434">
      <ele>3237.140223999815</ele>
    </rtept>
    <rtept lat="28.60655" lon="84.46428">
      <ele>3236.7793599998513</ele>
    </rtept>
    <rtept lat="28.60651" lon="84.46427">
      <ele>3234.8378080000375</ele>
    </rtept>
    <rtept lat="28.60644" lon="84.4643">
      <ele>3230.015680000119</ele>
    </rtept>
    <rtept lat="28.60639" lon="84.46436">
      <ele>3225.4932160000835</ele>
    </rtept>
    <rtept lat="28.60634" lon="84.46445">
      <ele>3220.081599999977</ele>
    </rtept>
    <rtept lat="28.6063" lon="84.46456">
      <ele>3216.0495999999557</ele>
    </rtept>
    <rtept lat="28.60631" lon="84.4646099">
      <ele>3215.727968800041</ele>
    </rtept>
    <rtept lat="28.60628" lon="84.46465">
      <ele>3213.7383999999875</ele>
    </rtept>
    <rtept lat="28.60623" lon="84.46467">
      <ele>3211.298320000025</ele>
    </rtept>
    <rtept lat="28.60618" lon="84.46465">
      <ele>3209.3103999998793</ele>
    </rtept>
    <rtept lat="28.60617" lon="84.46462">
      <ele>3209.0900799999677</ele>
    </rtept>
    <rtept lat="28.60613" lon="84.46465">
      <ele>3207.096399999985</ele>
    </rtept>
    <rtept lat="28.60611" lon="84.46462">
      <ele>3206.316416000061</ele>
    </rtept>
    <rtept lat="28.60604" lon="84.46464">
      <ele>3202.93932799999</ele>
    </rtept>
    <rtept lat="28.60605" lon="84.4646">
      <ele>3203.650399999965</ele>
    </rtept>
    <rtept lat="28.60603" lon="84.46459">
      <ele>3202.8049760000163</ele>
    </rtept>
    <rtept lat="28.60601" lon="84.4646099">
      <ele>3201.7499211200634</ele>
    </rtept>
    <rtept lat="28.60596" lon="84.4646">
      <ele>3199.5420799999433</ele>
    </rtept>
    <rtept lat="28.60585" lon="84.4644299">
      <ele>3197.1218152000424</ele>
    </rtept>
    <rtept lat="28.60564" lon="84.46417">
      <ele>3201.3952960001775</ele>
    </rtept>
    <rtept lat="28.60543" lon="84.46395">
      <ele>3196.8462399999844</ele>
    </rtept>
    <rtept lat="28.60533" lon="84.46374">
      <ele>3195.821695999922</ele>
    </rtept>
    <rtept lat="28.60512" lon="84.4634899">
      <ele>3191.9029449600075</ele>
    </rtept>
    <rtept lat="28.60509" lon="84.4633999">
      <ele>3193.7312467200677</ele>
    </rtept>
    <rtept lat="28.60505" lon="84.46334">
      <ele>3194.0846399998445</ele>
    </rtept>
    <rtept lat="28.60504" lon="84.46327">
      <ele>3195.987840000145</ele>
    </rtept>
    <rtept lat="28.605" lon="84.46318">
      <ele>3197.5200000002246</ele>
    </rtept>
    <rtept lat="28.6049" lon="84.46306">
      <ele>3195.371520000082</ele>
    </rtept>
    <rtept lat="28.60485" lon="84.46298">
      <ele>3193.514879999908</ele>
    </rtept>
    <rtept lat="28.60475" lon="84.46285">
      <ele>3189.4259999998967</ele>
    </rtept>
    <rtept lat="28.60469" lon="84.46275">
      <ele>3187.89440000013</ele>
    </rtept>
    <rtept lat="28.60467" lon="84.46268">
      <ele>3190.0567039995867</ele>
    </rtept>
    <rtept lat="28.60456" lon="84.46252">
      <ele>3191.3118080000813</ele>
    </rtept>
    <rtept lat="28.60455" lon="84.4624599">
      <ele>3194.343202400046</ele>
    </rtept>
    <rtept lat="28.60449" lon="84.46238">
      <ele>3196.096064000185</ele>
    </rtept>
    <rtept lat="28.60441" lon="84.46239">
      <ele>3190.9826240001416</ele>
    </rtept>
    <rtept lat="28.60433" lon="84.46234">
      <ele>3190.527872000249</ele>
    </rtept>
    <rtept lat="28.60426" lon="84.46227">
      <ele>3192.9067519996806</ele>
    </rtept>
    <rtept lat="28.60426" lon="84.46222">
      <ele>3197.109311999931</ele>
    </rtept>
    <rtept lat="28.60423" lon="84.46219">
      <ele>3196.8695519998114</ele>
    </rtept>
    <rtept lat="28.6042" lon="84.46217">
      <ele>3196.2974399999302</ele>
    </rtept>
    <rtept lat="28.60415" lon="84.46219">
      <ele>3192.740879999807</ele>
    </rtept>
    <rtept lat="28.60392" lon="84.46203">
      <ele>3180.4514879999556</ele>
    </rtept>
    <rtept lat="28.60387" lon="84.46194">
      <ele>3180.7130880001178</ele>
    </rtept>
    <rtept lat="28.6037" lon="84.46186">
      <ele>3171.1987199999203</ele>
    </rtept>
    <rtept lat="28.60365" lon="84.46177">
      <ele>3171.784079999794</ele>
    </rtept>
    <rtept lat="28.60355" lon="84.46171">
      <ele>3169.5473600001224</ele>
    </rtept>
    <rtept lat="28.60338" lon="84.46165">
      <ele>3166.2502399998507</ele>
    </rtept>
    <rtept lat="28.60332" lon="84.4616">
      <ele>3165.547519999865</ele>
    </rtept>
    <rtept lat="28.60327" lon="84.46162">
      <ele>3162.58630400005</ele>
    </rtept>
    <rtept lat="28.60323" lon="84.46158">
      <ele>3162.088064000068</ele>
    </rtept>
    <rtept lat="28.60318" lon="84.46158">
      <ele>3159.8042239999963</ele>
    </rtept>
    <rtept lat="28.60312" lon="84.46154">
      <ele>3158.470208000044</ele>
    </rtept>
    <rtept lat="28.60305" lon="84.4614">
      <ele>3160.319200000068</ele>
    </rtept>
    <rtept lat="28.60298" lon="84.46135">
      <ele>3157.7643199999993</ele>
    </rtept>
    <rtept lat="28.60297" lon="84.46128">
      <ele>3158.3469439999276</ele>
    </rtept>
    <rtept lat="28.6029" lon="84.46123">
      <ele>3156.1572800000663</ele>
    </rtept>
    <rtept lat="28.60276" lon="84.4610299">
      <ele>3152.831413119996</ele>
    </rtept>
    <rtept lat="28.60274" lon="84.4609399">
      <ele>3151.6587548800203</ele>
    </rtept>
    <rtept lat="28.60266" lon="84.46083">
      <ele>3148.973824000031</ele>
    </rtept>
    <rtept lat="28.60261" lon="84.4607">
      <ele>3145.27216000001</ele>
    </rtept>
    <rtept lat="28.60261" lon="84.4605799">
      <ele>3143.0204291199357</ele>
    </rtept>
    <rtept lat="28.60253" lon="84.46039">
      <ele>3137.3305280000986</ele>
    </rtept>
    <rtept lat="28.60252" lon="84.4601">
      <ele>3136.0460799999782</ele>
    </rtept>
    <rtept lat="28.60246" lon="84.46005">
      <ele>3134.287840000038</ele>
    </rtept>
    <rtept lat="28.60249" lon="84.45995">
      <ele>3135.0510400000485</ele>
    </rtept>
    <rtept lat="28.60242" lon="84.4599099">
      <ele>3131.6720886399357</ele>
    </rtept>
    <rtept lat="28.60244" lon="84.45981">
      <ele>3131.2765120001186</ele>
    </rtept>
    <rtept lat="28.60242" lon="84.45974">
      <ele>3129.48486399989</ele>
    </rtept>
    <rtept lat="28.60246" lon="84.45968">
      <ele>3130.0433280001807</ele>
    </rtept>
    <rtept lat="28.60246" lon="84.45958">
      <ele>3127.47436800009</ele>
    </rtept>
    <rtept lat="28.6025" lon="84.4595">
      <ele>3126.6000000001345</ele>
    </rtept>
    <rtept lat="28.60246" lon="84.45933">
      <ele>3125.6960320001094</ele>
    </rtept>
    <rtept lat="28.6025" lon="84.45932">
      <ele>3127.2399999998743</ele>
    </rtept>
    <rtept lat="28.6025" lon="84.45923">
      <ele>3128.859999999871</ele>
    </rtept>
    <rtept lat="28.60246" lon="84.4592">
      <ele>3127.631680000096</ele>
    </rtept>
    <rtept lat="28.60243" lon="84.45911">
      <ele>3126.4702239999015</ele>
    </rtept>
    <rtept lat="28.60246" lon="84.45904">
      <ele>3127.4129920000382</ele>
    </rtept>
    <rtept lat="28.6025" lon="84.45903">
      <ele>3129.0159999999523</ele>
    </rtept>
    <rtept lat="28.60252" lon="84.4589699">
      <ele>3129.2912876799405</ele>
    </rtept>
    <rtept lat="28.60245" lon="84.45889">
      <ele>3126.2058400000205</ele>
    </rtept>
    <rtept lat="28.60251" lon="84.45884">
      <ele>3127.691999999879</ele>
    </rtept>
    <rtept lat="28.6025" lon="84.45877">
      <ele>3126.28799999999</ele>
    </rtept>
    <rtept lat="28.60244" lon="84.45867">
      <ele>3123.1986240000138</ele>
    </rtept>
    <rtept lat="28.60242" lon="84.4585">
      <ele>3121.407999999959</ele>
    </rtept>
    <rtept lat="28.60234" lon="84.45841">
      <ele>3117.8828800000692</ele>
    </rtept>
    <rtept lat="28.60234" lon="84.45835">
      <ele>3117.2608000000255</ele>
    </rtept>
    <rtept lat="28.60227" lon="84.45829">
      <ele>3113.934832000049</ele>
    </rtept>
    <rtept lat="28.60222" lon="84.45819">
      <ele>3111.3998719999704</ele>
    </rtept>
    <rtept lat="28.60217" lon="84.45804">
      <ele>3108.9741120000467</ele>
    </rtept>
    <rtept lat="28.60202" lon="84.45741">
      <ele>3106.196383999956</ele>
    </rtept>
    <rtept lat="28.60202" lon="84.45728">
      <ele>3105.1742719999647</ele>
    </rtept>
    <rtept lat="28.60208" lon="84.45713">
      <ele>3108.2319039999293</ele>
    </rtept>
    <rtept lat="28.60206" lon="84.4569999">
      <ele>3109.764821440036</ele>
    </rtept>
    <rtept lat="28.60205" lon="84.45694">
      <ele>3110.519999999977</ele>
    </rtept>
    <rtept lat="28.60197" lon="84.4568199">
      <ele>3109.3680000000204</ele>
    </rtept>
    <rtept lat="28.60194" lon="84.45674">
      <ele>3108.95199999999</ele>
    </rtept>
    <rtept lat="28.60195" lon="84.4567">
      <ele>3109.07999999998</ele>
    </rtept>
    <rtept lat="28.60192" lon="84.45661">
      <ele>3108.3100479999807</ele>
    </rtept>
    <rtept lat="28.60188" lon="84.4565499">
      <ele>3107.3657564800064</ele>
    </rtept>
    <rtept lat="28.60187" lon="84.45643">
      <ele>3106.263664000002</ele>
    </rtept>
    <rtept lat="28.60179" lon="84.45636">
      <ele>3104.6258240000348</ele>
    </rtept>
    <rtept lat="28.6017" lon="84.45632">
      <ele>3103.202240000034</ele>
    </rtept>
    <rtept lat="28.60162" lon="84.45632">
      <ele>3102.627008000029</ele>
    </rtept>
    <rtept lat="28.6015" lon="84.45623">
      <ele>3101.398400000059</ele>
    </rtept>
    <rtept lat="28.60144" lon="84.45613">
      <ele>3099.786464000023</ele>
    </rtept>
    <rtept lat="28.60134" lon="84.45605">
      <ele>3096.9865600000835</ele>
    </rtept>
    <rtept lat="28.60111" lon="84.45559">
      <ele>3084.321983999942</ele>
    </rtept>
    <rtept lat="28.60108" lon="84.45537">
      <ele>3078.910080000026</ele>
    </rtept>
    <rtept lat="28.60102" lon="84.45524">
      <ele>3075.42060799995</ele>
    </rtept>
    <rtept lat="28.60096" lon="84.45522">
      <ele>3073.761152000021</ele>
    </rtept>
    <rtept lat="28.60085" lon="84.45513">
      <ele>3070.980080000044</ele>
    </rtept>
    <rtept lat="28.6008" lon="84.45507">
      <ele>3069.9079999999653</ele>
    </rtept>
    <rtept lat="28.6007" lon="84.45501">
      <ele>3067.603999999988</ele>
    </rtept>
    <rtept lat="28.6006" lon="84.45497">
      <ele>3065.0249600000084</ele>
    </rtept>
    <rtept lat="28.60051" lon="84.45498">
      <ele>3062.5558080000355</ele>
    </rtept>
    <rtept lat="28.60033" lon="84.45495">
      <ele>3057.2901599999723</ele>
    </rtept>
    <rtept lat="28.60025" lon="84.45487">
      <ele>3054.9787999999794</ele>
    </rtept>
    <rtept lat="28.60018" lon="84.45459">
      <ele>3053.0991040000204</ele>
    </rtept>
    <rtept lat="28.60013" lon="84.45455">
      <ele>3052.379680000002</ele>
    </rtept>
    <rtept lat="28.60007" lon="84.45431">
      <ele>3052.1219039999614</ele>
    </rtept>
    <rtept lat="28.59999" lon="84.45415">
      <ele>3051.081839999988</ele>
    </rtept>
    <rtept lat="28.6" lon="84.45406">
      <ele>3052.9200000000537</ele>
    </rtept>
    <rtept lat="28.59998" lon="84.45398">
      <ele>3053.8796159999415</ele>
    </rtept>
    <rtept lat="28.59991" lon="84.45389">
      <ele>3053.7132960000104</ele>
    </rtept>
    <rtept lat="28.59987" lon="84.45385">
      <ele>3053.003999999962</ele>
    </rtept>
    <rtept lat="28.59982" lon="84.45366">
      <ele>3053.112000000033</ele>
    </rtept>
    <rtept lat="28.59973" lon="84.45356">
      <ele>3051.7531520000684</ele>
    </rtept>
    <rtept lat="28.59966" lon="84.45355">
      <ele>3049.993439999938</ele>
    </rtept>
    <rtept lat="28.59961" lon="84.45345">
      <ele>3049.443359999923</ele>
    </rtept>
    <rtept lat="28.59951" lon="84.45339">
      <ele>3046.823711999966</ele>
    </rtept>
    <rtept lat="28.59946" lon="84.45327">
      <ele>3047.543231999907</ele>
    </rtept>
    <rtept lat="28.59925" lon="84.45308">
      <ele>3049.7080000000283</ele>
    </rtept>
    <rtept lat="28.59918" lon="84.45295">
      <ele>3047.8476800000294</ele>
    </rtept>
    <rtept lat="28.59912" lon="84.45265">
      <ele>3042.587839999977</ele>
    </rtept>
    <rtept lat="28.59914" lon="84.45236">
      <ele>3044.0963839999577</ele>
    </rtept>
    <rtept lat="28.5991" lon="84.45226">
      <ele>3043.5353600000344</ele>
    </rtept>
    <rtept lat="28.59902" lon="84.45215">
      <ele>3041.782559999959</ele>
    </rtept>
    <rtept lat="28.59902" lon="84.45205">
      <ele>3042.522719999985</ele>
    </rtept>
    <rtept lat="28.59897" lon="84.4519399">
      <ele>3042.2566800000677</ele>
    </rtept>
    <rtept lat="28.59902" lon="84.45177">
      <ele>3051.4680000001617</ele>
    </rtept>
    <rtept lat="28.59901" lon="84.45171">
      <ele>3054.0239999997325</ele>
    </rtept>
    <rtept lat="28.59897" lon="84.45165">
      <ele>3055.7815200000005</ele>
    </rtept>
    <rtept lat="28.59881" lon="84.45155">
      <ele>3055.677120000131</ele>
    </rtept>
    <rtept lat="28.59875" lon="84.45156">
      <ele>3053.3759999999374</ele>
    </rtept>
    <rtept lat="28.59865" lon="84.45153">
      <ele>3051.9964799996815</ele>
    </rtept>
    <rtept lat="28.59861" lon="84.45144">
      <ele>3056.0047359997384</ele>
    </rtept>
    <rtept lat="28.59859" lon="84.45124">
      <ele>3056.1531520000317</ele>
    </rtept>
    <rtept lat="28.59855" lon="84.45111">
      <ele>3053.6982399999893</ele>
    </rtept>
    <rtept lat="28.59845" lon="84.45094">
      <ele>3053.8854399999555</ele>
    </rtept>
    <rtept lat="28.59839" lon="84.45089">
      <ele>3052.9367679999427</ele>
    </rtept>
    <rtept lat="28.59832" lon="84.45063">
      <ele>3052.2871360000213</ele>
    </rtept>
    <rtept lat="28.59828" lon="84.45057">
      <ele>3051.2100159999713</ele>
    </rtept>
    <rtept lat="28.59826" lon="84.4504">
      <ele>3054.06911999995</ele>
    </rtept>
    <rtept lat="28.59826" lon="84.45029">
      <ele>3056.5053120000925</ele>
    </rtept>
    <rtept lat="28.59825" lon="84.4502399">
      <ele>3056.9227080000173</ele>
    </rtept>
    <rtept lat="28.5982" lon="84.45019">
      <ele>3055.0516799997895</ele>
    </rtept>
    <rtept lat="28.59816" lon="84.4501">
      <ele>3054.6153599998784</ele>
    </rtept>
    <rtept lat="28.59812" lon="84.44998">
      <ele>3054.5185920000877</ele>
    </rtept>
    <rtept lat="28.59807" lon="84.44996">
      <ele>3051.9090239999814</ele>
    </rtept>
    <rtept lat="28.59802" lon="84.4499">
      <ele>3050.243840000055</ele>
    </rtept>
    <rtept lat="28.598" lon="84.44972">
      <ele>3050.0111999999694</ele>
    </rtept>
    <rtept lat="28.59787" lon="84.44943">
      <ele>3047.4654720000976</ele>
    </rtept>
    <rtept lat="28.5978" lon="84.44915">
      <ele>3042.47519999999</ele>
    </rtept>
    <rtept lat="28.59776" lon="84.44907">
      <ele>3041.8108160000056</ele>
    </rtept>
    <rtept lat="28.5977" lon="84.44882">
      <ele>3041.4025599999886</ele>
    </rtept>
    <rtept lat="28.59757" lon="84.44848">
      <ele>3039.3888320000156</ele>
    </rtept>
    <rtept lat="28.59749" lon="84.44838">
      <ele>3038.0720960000053</ele>
    </rtept>
    <rtept lat="28.5974" lon="84.44823">
      <ele>3036.6819199999923</ele>
    </rtept>
    <rtept lat="28.59732" lon="84.44798">
      <ele>3034.646464000014</ele>
    </rtept>
    <rtept lat="28.59725" lon="84.44787">
      <ele>3031.592799999874</ele>
    </rtept>
    <rtept lat="28.59717" lon="84.44783">
      <ele>3028.20137599985</ele>
    </rtept>
    <rtept lat="28.59715" lon="84.44771">
      <ele>3026.9159199999544</ele>
    </rtept>
    <rtept lat="28.59706" lon="84.44753">
      <ele>3023.389503999939</ele>
    </rtept>
    <rtept lat="28.59701" lon="84.44746">
      <ele>3020.2140160000686</ele>
    </rtept>
    <rtept lat="28.59687" lon="84.44739">
      <ele>3012.677871999959</ele>
    </rtept>
    <rtept lat="28.59673" lon="84.44728">
      <ele>3006.1245760000593</ele>
    </rtept>
    <rtept lat="28.59672" lon="84.44723">
      <ele>3005.5186240000726</ele>
    </rtept>
    <rtept lat="28.59674" lon="84.44716">
      <ele>3005.4177279999703</ele>
    </rtept>
    <rtept lat="28.59678" lon="84.44713">
      <ele>3006.7050879999774</ele>
    </rtept>
    <rtept lat="28.59681" lon="84.44714">
      <ele>3008.218528000145</ele>
    </rtept>
    <rtept lat="28.59686" lon="84.44711">
      <ele>3009.86963199988</ele>
    </rtept>
    <rtept lat="28.59688" lon="84.44704">
      <ele>3009.3523839999716</ele>
    </rtept>
    <rtept lat="28.59688" lon="84.44699">
      <ele>3008.35590399994</ele>
    </rtept>
    <rtept lat="28.59683" lon="84.447">
      <ele>3006.503200000079</ele>
    </rtept>
    <rtept lat="28.5968" lon="84.44699">
      <ele>3005.093440000064</ele>
    </rtept>
    <rtept lat="28.59682" lon="84.44696">
      <ele>3005.3578240001198</ele>
    </rtept>
    <rtept lat="28.59678" lon="84.4469699">
      <ele>3003.9293382399433</ele>
    </rtept>
    <rtept lat="28.59678" lon="84.44692">
      <ele>3002.767808000128</ele>
    </rtept>
    <rtept lat="28.59673" lon="84.44692">
      <ele>3000.7561280002133</ele>
    </rtept>
    <rtept lat="28.59673" lon="84.44686">
      <ele>2998.910624000066</ele>
    </rtept>
    <rtept lat="28.59671" lon="84.44682">
      <ele>2996.823776000146</ele>
    </rtept>
    <rtept lat="28.59661" lon="84.44678">
      <ele>2991.9567680000737</ele>
    </rtept>
    <rtept lat="28.59663" lon="84.44674">
      <ele>2991.2851520002077</ele>
    </rtept>
    <rtept lat="28.59659" lon="84.44672">
      <ele>2989.4670079999437</ele>
    </rtept>
    <rtept lat="28.59654" lon="84.44666">
      <ele>2986.116223999826</ele>
    </rtept>
    <rtept lat="28.59659" lon="84.44656">
      <ele>2984.2960640001365</ele>
    </rtept>
    <rtept lat="28.59665" lon="84.44652">
      <ele>2985.169280000213</ele>
    </rtept>
    <rtept lat="28.59667" lon="84.44649">
      <ele>2985.098527999893</ele>
    </rtept>
    <rtept lat="28.59666" lon="84.44644">
      <ele>2983.201663999865</ele>
    </rtept>
    <rtept lat="28.5966" lon="84.4464">
      <ele>2979.478399999847</ele>
    </rtept>
    <rtept lat="28.59658" lon="84.4462099">
      <ele>2970.724720319954</ele>
    </rtept>
    <rtept lat="28.59654" lon="84.44609">
      <ele>2964.4866559999937</ele>
    </rtept>
    <rtept lat="28.59655" lon="84.44602">
      <ele>2963.2217600001254</ele>
    </rtept>
    <rtept lat="28.59662" lon="84.44589">
      <ele>2962.713728000194</ele>
    </rtept>
    <rtept lat="28.59668" lon="84.44553">
      <ele>2957.661504000015</ele>
    </rtept>
    <rtept lat="28.59675" lon="84.44541">
      <ele>2960.560799999908</ele>
    </rtept>
    <rtept lat="28.59674" lon="84.44538">
      <ele>2959.2789120000375</ele>
    </rtept>
    <rtept lat="28.59676" lon="84.4453599">
      <ele>2960.1545702399735</ele>
    </rtept>
    <rtept lat="28.59674" lon="84.44533">
      <ele>2958.2737920000022</ele>
    </rtept>
    <rtept lat="28.59672" lon="84.44532">
      <ele>2956.8551039999893</ele>
    </rtept>
    <rtept lat="28.59671" lon="84.44524">
      <ele>2954.522784000049</ele>
    </rtept>
    <rtept lat="28.59672" lon="84.44515">
      <ele>2952.7636800000228</ele>
    </rtept>
    <rtept lat="28.59671" lon="84.44508">
      <ele>2950.400928000202</ele>
    </rtept>
    <rtept lat="28.59666" lon="84.44498">
      <ele>2945.7840000000065</ele>
    </rtept>
    <rtept lat="28.59661" lon="84.44479">
      <ele>2943.8759999999643</ele>
    </rtept>
    <rtept lat="28.59659" lon="84.44469">
      <ele>2943.3079520000124</ele>
    </rtept>
    <rtept lat="28.59659" lon="84.44459">
      <ele>2943.729871999963</ele>
    </rtept>
    <rtept lat="28.59657" lon="84.44449">
      <ele>2943.755215999989</ele>
    </rtept>
    <rtept lat="28.59658" lon="84.44443">
      <ele>2944.6384320000925</ele>
    </rtept>
    <rtept lat="28.5965" lon="84.4442">
      <ele>2949.2640000000906</ele>
    </rtept>
    <rtept lat="28.59651" lon="84.44414">
      <ele>2951.081567999861</ele>
    </rtept>
    <rtept lat="28.59646" lon="84.4440599">
      <ele>2949.776268480035</ele>
    </rtept>
    <rtept lat="28.59646" lon="84.4439699">
      <ele>2950.9971004800386</ele>
    </rtept>
    <rtept lat="28.59637" lon="84.44363">
      <ele>2945.383376000005</ele>
    </rtept>
    <rtept lat="28.59632" lon="84.44362">
      <ele>2943.328063999917</ele>
    </rtept>
    <rtept lat="28.59634" lon="84.44335">
      <ele>2940.6348799999837</ele>
    </rtept>
    <rtept lat="28.59636" lon="84.44331">
      <ele>2940.7279999999755</ele>
    </rtept>
    <rtept lat="28.59624" lon="84.44309">
      <ele>2933.6720000000237</ele>
    </rtept>
    <rtept lat="28.59625" lon="84.44301">
      <ele>2932.18800000007</ele>
    </rtept>
    <rtept lat="28.59622" lon="84.44288">
      <ele>2927.47200000003</ele>
    </rtept>
    <rtept lat="28.59625" lon="84.44273">
      <ele>2924.8980000000074</ele>
    </rtept>
    <rtept lat="28.59629" lon="84.44266">
      <ele>2925.2509440000417</ele>
    </rtept>
    <rtept lat="28.59626" lon="84.44255">
      <ele>2922.9244799999897</ele>
    </rtept>
    <rtept lat="28.59627" lon="84.44246">
      <ele>2922.493632000009</ele>
    </rtept>
    <rtept lat="28.59633" lon="84.44235">
      <ele>2923.8784799999657</ele>
    </rtept>
    <rtept lat="28.59633" lon="84.44219">
      <ele>2923.150367999919</ele>
    </rtept>
    <rtept lat="28.59636" lon="84.44213">
      <ele>2923.08211200009</ele>
    </rtept>
    <rtept lat="28.59638" lon="84.44192">
      <ele>2920.038079999861</ele>
    </rtept>
    <rtept lat="28.59642" lon="84.44177">
      <ele>2915.350336000157</ele>
    </rtept>
    <rtept lat="28.59672" lon="84.44153">
      <ele>2914.8895360000492</ele>
    </rtept>
    <rtept lat="28.59678" lon="84.44145">
      <ele>2914.5217600000633</ele>
    </rtept>
    <rtept lat="28.59684" lon="84.4413299">
      <ele>2913.8735894399993</ele>
    </rtept>
    <rtept lat="28.59709" lon="84.44102">
      <ele>2915.1526399999398</ele>
    </rtept>
    <rtept lat="28.59721" lon="84.44075">
      <ele>2912.298799999961</ele>
    </rtept>
    <rtept lat="28.59724" lon="84.44061">
      <ele>2912.186368000013</ele>
    </rtept>
    <rtept lat="28.5974" lon="84.44015">
      <ele>2922.508800000187</ele>
    </rtept>
    <rtept lat="28.59742" lon="84.44004">
      <ele>2916.6301439997355</ele>
    </rtept>
    <rtept lat="28.59745" lon="84.44">
      <ele>2914.7399999999534</ele>
    </rtept>
    <rtept lat="28.59743" lon="84.43996">
      <ele>2914.055711999977</ele>
    </rtept>
    <rtept lat="28.59745" lon="84.43982">
      <ele>2913.9753599999485</ele>
    </rtept>
    <rtept lat="28.59751" lon="84.43979">
      <ele>2916.439055999982</ele>
    </rtept>
    <rtept lat="28.5975" lon="84.43966">
      <ele>2913.880000000074</ele>
    </rtept>
    <rtept lat="28.5975" lon="84.43951">
      <ele>2911.179999999976</ele>
    </rtept>
    <rtept lat="28.59756" lon="84.4393599">
      <ele>2909.0869199999943</ele>
    </rtept>
    <rtept lat="28.59754" lon="84.43919">
      <ele>2907.2519999999613</ele>
    </rtept>
    <rtept lat="28.59757" lon="84.43907">
      <ele>2906.3889120000026</ele>
    </rtept>
    <rtept lat="28.59758" lon="84.43894">
      <ele>2905.47897600001</ele>
    </rtept>
    <rtept lat="28.59758" lon="84.43864">
      <ele>2902.584192000069</ele>
    </rtept>
    <rtept lat="28.59765" lon="84.43848">
      <ele>2896.838239999932</ele>
    </rtept>
    <rtept lat="28.59767" lon="84.43836">
      <ele>2891.5615040001285</ele>
    </rtept>
    <rtept lat="28.59765" lon="84.43829">
      <ele>2889.5239999998857</ele>
    </rtept>
    <rtept lat="28.59768" lon="84.43811">
      <ele>2885.5279999998834</ele>
    </rtept>
    <rtept lat="28.59765" lon="84.43804">
      <ele>2884.6548799999873</ele>
    </rtept>
    <rtept lat="28.59765" lon="84.43793">
      <ele>2886.0329600000946</ele>
    </rtept>
    <rtept lat="28.59762" lon="84.43782">
      <ele>2886.420031999957</ele>
    </rtept>
    <rtept lat="28.59765" lon="84.43779">
      <ele>2887.786879999972</ele>
    </rtept>
    <rtept lat="28.59762" lon="84.43771">
      <ele>2885.453919999891</ele>
    </rtept>
    <rtept lat="28.59763" lon="84.43761">
      <ele>2883.7172800001117</ele>
    </rtept>
    <rtept lat="28.59763" lon="84.43753">
      <ele>2882.0814399998953</ele>
    </rtept>
    <rtept lat="28.5976" lon="84.4374799">
      <ele>2881.374472</ele>
    </rtept>
    <rtept lat="28.59755" lon="84.43744">
      <ele>2881.41760000002</ele>
    </rtept>
    <rtept lat="28.59753" lon="84.43738">
      <ele>2881.7387199999803</ele>
    </rtept>
    <rtept lat="28.59753" lon="84.43718">
      <ele>2883.0240000000367</ele>
    </rtept>
    <rtept lat="28.59743" lon="84.43714">
      <ele>2884.924224000016</ele>
    </rtept>
    <rtept lat="28.59737" lon="84.43702">
      <ele>2886.5018879999616</ele>
    </rtept>
    <rtept lat="28.59737" lon="84.43696">
      <ele>2886.846623999993</ele>
    </rtept>
    <rtept lat="28.59743" lon="84.43688">
      <ele>2886.5040000000054</ele>
    </rtept>
    <rtept lat="28.59744" lon="84.43681">
      <ele>2886.432000000008</ele>
    </rtept>
    <rtept lat="28.59748" lon="84.43676">
      <ele>2886.143999999994</ele>
    </rtept>
    <rtept lat="28.59755" lon="84.4367199">
      <ele>2885.2800000000243</ele>
    </rtept>
    <rtept lat="28.59757" lon="84.43669">
      <ele>2884.9919999999856</ele>
    </rtept>
    <rtept lat="28.59753" lon="84.43665">
      <ele>2885.3344800000164</ele>
    </rtept>
    <rtept lat="28.59756" lon="84.43659">
      <ele>2884.0916159999188</ele>
    </rtept>
    <rtept lat="28.59759" lon="84.43629">
      <ele>2879.814751999995</ele>
    </rtept>
    <rtept lat="28.59763" lon="84.4362">
      <ele>2879.0619199999855</ele>
    </rtept>
    <rtept lat="28.59763" lon="84.43614">
      <ele>2878.574623999939</ele>
    </rtept>
    <rtept lat="28.59759" lon="84.43605">
      <ele>2877.399999999985</ele>
    </rtept>
    <rtept lat="28.59762" lon="84.43586">
      <ele>2877.256000000004</ele>
    </rtept>
    <rtept lat="28.59759" lon="84.43577">
      <ele>2876.626384000004</ele>
    </rtept>
    <rtept lat="28.59766" lon="84.4357">
      <ele>2877.530560000007</ele>
    </rtept>
    <rtept lat="28.59759" lon="84.4355999">
      <ele>2876.6435300800026</ele>
    </rtept>
    <rtept lat="28.59759" lon="84.43547">
      <ele>2877.164208000031</ele>
    </rtept>
    <rtept lat="28.59761" lon="84.43531">
      <ele>2878.209935999991</ele>
    </rtept>
    <rtept lat="28.59768" lon="84.43523">
      <ele>2878.91219199998</ele>
    </rtept>
    <rtept lat="28.59763" lon="84.43509">
      <ele>2878.654575999973</ele>
    </rtept>
    <rtept lat="28.59768" lon="84.43504">
      <ele>2879.962816000006</ele>
    </rtept>
    <rtept lat="28.59769" lon="84.43492">
      <ele>2880.80492799998</ele>
    </rtept>
    <rtept lat="28.5976" lon="84.43477">
      <ele>2876.4227199999973</ele>
    </rtept>
    <rtept lat="28.59759" lon="84.43468">
      <ele>2875.1097600000176</ele>
    </rtept>
    <rtept lat="28.59755" lon="84.4346">
      <ele>2872.223999999932</ele>
    </rtept>
    <rtept lat="28.59758" lon="84.4344799">
      <ele>2872.767441600024</ele>
    </rtept>
    <rtept lat="28.59757" lon="84.43438">
      <ele>2871.6750720000655</ele>
    </rtept>
    <rtept lat="28.59754" lon="84.43431">
      <ele>2870.1046079999305</ele>
    </rtept>
    <rtept lat="28.59754" lon="84.43417">
      <ele>2869.4554559999274</ele>
    </rtept>
    <rtept lat="28.59752" lon="84.43407">
      <ele>2868.6698879999826</ele>
    </rtept>
    <rtept lat="28.59759" lon="84.43393">
      <ele>2870.6879040000167</ele>
    </rtept>
    <rtept lat="28.59761" lon="84.43385">
      <ele>2871.6988799998944</ele>
    </rtept>
    <rtept lat="28.59766" lon="84.4338099">
      <ele>2873.7886627200355</ele>
    </rtept>
    <rtept lat="28.59767" lon="84.43346">
      <ele>2877.9077120000516</ele>
    </rtept>
    <rtept lat="28.5977" lon="84.43321">
      <ele>2877.646880000039</ele>
    </rtept>
    <rtept lat="28.5977" lon="84.43306">
      <ele>2874.687679999946</ele>
    </rtept>
    <rtept lat="28.59766" lon="84.43282">
      <ele>2873.8800000000206</ele>
    </rtept>
    <rtept lat="28.59769" lon="84.4323299">
      <ele>2862.6117715199753</ele>
    </rtept>
    <rtept lat="28.59772" lon="84.43221">
      <ele>2859.8096320000323</ele>
    </rtept>
    <rtept lat="28.59765" lon="84.43178">
      <ele>2868.0020799999543</ele>
    </rtept>
    <rtept lat="28.59753" lon="84.4315699">
      <ele>2869.0539428799616</ele>
    </rtept>
    <rtept lat="28.59746" lon="84.43131">
      <ele>2874.466208000146</ele>
    </rtept>
    <rtept lat="28.59713" lon="84.43093">
      <ele>2861.973391999957</ele>
    </rtept>
    <rtept lat="28.59711" lon="84.4307">
      <ele>2863.1120000000155</ele>
    </rtept>
    <rtept lat="28.59717" lon="84.43062">
      <ele>2866.2799999998997</ele>
    </rtept>
    <rtept lat="28.5972" lon="84.43053">
      <ele>2868.047360000032</ele>
    </rtept>
    <rtept lat="28.59714" lon="84.43041">
      <ele>2865.6031039999866</ele>
    </rtept>
    <rtept lat="28.59717" lon="84.43029">
      <ele>2866.923727999939</ele>
    </rtept>
    <rtept lat="28.59716" lon="84.43017">
      <ele>2864.769824000021</ele>
    </rtept>
    <rtept lat="28.59707" lon="84.43015">
      <ele>2861.176159999918</ele>
    </rtept>
    <rtept lat="28.59708" lon="84.43008">
      <ele>2860.537087999996</ele>
    </rtept>
    <rtept lat="28.597" lon="84.43012">
      <ele>2858.2688000000758</ele>
    </rtept>
    <rtept lat="28.59698" lon="84.43003">
      <ele>2856.5036479999762</ele>
    </rtept>
    <rtept lat="28.59686" lon="84.42985">
      <ele>2849.9884800000027</ele>
    </rtept>
    <rtept lat="28.59684" lon="84.42974">
      <ele>2848.1758079999577</ele>
    </rtept>
    <rtept lat="28.59675" lon="84.42968">
      <ele>2845.551999999984</ele>
    </rtept>
    <rtept lat="28.59673" lon="84.42945">
      <ele>2845.804000000016</ele>
    </rtept>
    <rtept lat="28.59663" lon="84.42925">
      <ele>2846.1668000001046</ele>
    </rtept>
    <rtept lat="28.59655" lon="84.42918">
      <ele>2844.2004799999922</ele>
    </rtept>
    <rtept lat="28.59641" lon="84.42896">
      <ele>2840.9549119999206</ele>
    </rtept>
    <rtept lat="28.59644" lon="84.42889">
      <ele>2842.6454720000806</ele>
    </rtept>
    <rtept lat="28.59643" lon="84.42883">
      <ele>2842.9366239999986</ele>
    </rtept>
    <rtept lat="28.59633" lon="84.42874">
      <ele>2840.518527999871</ele>
    </rtept>
    <rtept lat="28.59628" lon="84.4286599">
      <ele>2840.0616764800134</ele>
    </rtept>
    <rtept lat="28.59621" lon="84.42832">
      <ele>2848.3105599999944</ele>
    </rtept>
    <rtept lat="28.59611" lon="84.42816">
      <ele>2852.8935359996494</ele>
    </rtept>
    <rtept lat="28.59608" lon="84.42809">
      <ele>2854.228992000194</ele>
    </rtept>
    <rtept lat="28.596" lon="84.42802">
      <ele>2848.855999999983</ele>
    </rtept>
    <rtept lat="28.59598" lon="84.42796">
      <ele>2847.6636800000792</ele>
    </rtept>
    <rtept lat="28.59592" lon="84.42787">
      <ele>2844.3718399999957</ele>
    </rtept>
    <rtept lat="28.59593" lon="84.42769">
      <ele>2846.0181599999496</ele>
    </rtept>
    <rtept lat="28.59592" lon="84.4276299">
      <ele>2845.1615183999775</ele>
    </rtept>
    <rtept lat="28.59594" lon="84.42755">
      <ele>2845.569599999922</ele>
    </rtept>
    <rtept lat="28.59592" lon="84.42746">
      <ele>2843.513855999901</ele>
    </rtept>
    <rtept lat="28.59594" lon="84.42738">
      <ele>2842.5317759999334</ele>
    </rtept>
    <rtept lat="28.59591" lon="84.4273">
      <ele>2839.393440000055</ele>
    </rtept>
    <rtept lat="28.59594" lon="84.4272">
      <ele>2838.844159999934</ele>
    </rtept>
    <rtept lat="28.59595" lon="84.42694">
      <ele>2837.6492799999364</ele>
    </rtept>
    <rtept lat="28.59604" lon="84.42682">
      <ele>2840.778688000027</ele>
    </rtept>
    <rtept lat="28.59613" lon="84.42664">
      <ele>2842.4991680000016</ele>
    </rtept>
    <rtept lat="28.59613" lon="84.42656">
      <ele>2841.752671999889</ele>
    </rtept>
    <rtept lat="28.59612" lon="84.42636">
      <ele>2839.238655999967</ele>
    </rtept>
    <rtept lat="28.59607" lon="84.42623">
      <ele>2834.2813760001213</ele>
    </rtept>
    <rtept lat="28.59593" lon="84.42616">
      <ele>2822.643007999858</ele>
    </rtept>
    <rtept lat="28.59585" lon="84.42608">
      <ele>2815.2998399998896</ele>
    </rtept>
    <rtept lat="28.59576" lon="84.42581">
      <ele>2809.196351999909</ele>
    </rtept>
    <rtept lat="28.59575" lon="84.42564">
      <ele>2810.10959999992</ele>
    </rtept>
    <rtept lat="28.59571" lon="84.42559">
      <ele>2808.0938880000276</ele>
    </rtept>
    <rtept lat="28.59571" lon="84.42554">
      <ele>2808.2279999999955</ele>
    </rtept>
    <rtept lat="28.5956" lon="84.42533">
      <ele>2798.4720000000943</ele>
    </rtept>
    <rtept lat="28.59556" lon="84.42521">
      <ele>2795.7521919998917</ele>
    </rtept>
    <rtept lat="28.59548" lon="84.42512">
      <ele>2792.6739839998554</ele>
    </rtept>
    <rtept lat="28.59542" lon="84.4249899">
      <ele>2791.868776320029</ele>
    </rtept>
    <rtept lat="28.59542" lon="84.42492">
      <ele>2793.507456000023</ele>
    </rtept>
    <rtept lat="28.59535" lon="84.42487">
      <ele>2791.7896800000253</ele>
    </rtept>
    <rtept lat="28.59517" lon="84.42455">
      <ele>2783.07599999996</ele>
    </rtept>
    <rtept lat="28.59514" lon="84.4245">
      <ele>2780.5920000000606</ele>
    </rtept>
    <rtept lat="28.59517" lon="84.42444">
      <ele>2783.1230399999163</ele>
    </rtept>
    <rtept lat="28.59515" lon="84.42437">
      <ele>2782.3044000000646</ele>
    </rtept>
    <rtept lat="28.59504" lon="84.42433">
      <ele>2774.487360000116</ele>
    </rtept>
    <rtept lat="28.59494" lon="84.42405">
      <ele>2772.018720000181</ele>
    </rtept>
    <rtept lat="28.5948" lon="84.42385">
      <ele>2763.784799999953</ele>
    </rtept>
    <rtept lat="28.5947" lon="84.42359">
      <ele>2757.5022399999807</ele>
    </rtept>
    <rtept lat="28.59456" lon="84.42346">
      <ele>2748.8970880000616</ele>
    </rtept>
    <rtept lat="28.59453" lon="84.42339">
      <ele>2747.4004959999447</ele>
    </rtept>
    <rtept lat="28.59448" lon="84.42312">
      <ele>2744.9200000000433</ele>
    </rtept>
    <rtept lat="28.59431" lon="84.42262">
      <ele>2738.9370880000147</ele>
    </rtept>
    <rtept lat="28.59429" lon="84.42224">
      <ele>2737.504000000039</ele>
    </rtept>
    <rtept lat="28.59427" lon="84.42214">
      <ele>2735.646112000044</ele>
    </rtept>
    <rtept lat="28.59418" lon="84.42201">
      <ele>2730.4606720000593</ele>
    </rtept>
    <rtept lat="28.59415" lon="84.42194">
      <ele>2728.5940799999576</ele>
    </rtept>
    <rtept lat="28.59413" lon="84.42157">
      <ele>2729.507999999976</ele>
    </rtept>
    <rtept lat="28.59408" lon="84.42147">
      <ele>2728.608000000059</ele>
    </rtept>
    <rtept lat="28.59409" lon="84.42136">
      <ele>2729.7418879999886</ele>
    </rtept>
    <rtept lat="28.59382" lon="84.4208699">
      <ele>2722.5957132800177</ele>
    </rtept>
    <rtept lat="28.59376" lon="84.42071">
      <ele>2723.931967999998</ele>
    </rtept>
    <rtept lat="28.59366" lon="84.42058">
      <ele>2723.8490239999796</ele>
    </rtept>
    <rtept lat="28.59362" lon="84.42039">
      <ele>2725.5698560000615</ele>
    </rtept>
    <rtept lat="28.59358" lon="84.42029">
      <ele>2726.3907840000666</ele>
    </rtept>
    <rtept lat="28.59347" lon="84.42014">
      <ele>2724.4561280000116</ele>
    </rtept>
    <rtept lat="28.59341" lon="84.41994">
      <ele>2721.738847999935</ele>
    </rtept>
    <rtept lat="28.59341" lon="84.41986">
      <ele>2721.1133119999545</ele>
    </rtept>
    <rtept lat="28.59334" lon="84.41976">
      <ele>2717.6622080000157</ele>
    </rtept>
    <rtept lat="28.59326" lon="84.41973">
      <ele>2715.477824000026</ele>
    </rtept>
    <rtept lat="28.59322" lon="84.41974">
      <ele>2714.665664000001</ele>
    </rtept>
    <rtept lat="28.59316" lon="84.41971">
      <ele>2713.162367999984</ele>
    </rtept>
    <rtept lat="28.59315" lon="84.41964">
      <ele>2712.442080000035</ele>
    </rtept>
    <rtept lat="28.59311" lon="84.41956">
      <ele>2711.2486080000135</ele>
    </rtept>
    <rtept lat="28.59305" lon="84.41953">
      <ele>2710.2695199999935</ele>
    </rtept>
    <rtept lat="28.59308" lon="84.41934">
      <ele>2711.3919999999466</ele>
    </rtept>
    <rtept lat="28.59308" lon="84.41923">
      <ele>2712.5800000000168</ele>
    </rtept>
    <rtept lat="28.59304" lon="84.4192">
      <ele>2712.4361599999434</ele>
    </rtept>
    <rtept lat="28.5929" lon="84.41926">
      <ele>2710.316480000029</ele>
    </rtept>
    <rtept lat="28.59281" lon="84.41924">
      <ele>2709.3721279999972</ele>
    </rtept>
    <rtept lat="28.5927" lon="84.41926">
      <ele>2709</ele>
    </rtept>
    <rtept lat="28.59262" lon="84.41921">
      <ele>2709</ele>
    </rtept>
    <rtept lat="28.59258" lon="84.4192">
      <ele>2709</ele>
    </rtept>
    <rtept lat="28.59245" lon="84.41927">
      <ele>2708.2339199999874</ele>
    </rtept>
    <rtept lat="28.59229" lon="84.41912">
      <ele>2705.051999999995</ele>
    </rtept>
    <rtept lat="28.5922" lon="84.4190799">
      <ele>2702.862651199934</ele>
    </rtept>
    <rtept lat="28.59212" lon="84.41895">
      <ele>2699.252960000026</ele>
    </rtept>
    <rtept lat="28.59208" lon="84.4188099">
      <ele>2698.3666723199813</ele>
    </rtept>
    <rtept lat="28.59201" lon="84.41869">
      <ele>2697.291023999965</ele>
    </rtept>
    <rtept lat="28.592" lon="84.4186">
      <ele>2698.1599999999835</ele>
    </rtept>
    <rtept lat="28.59197" lon="84.4185399">
      <ele>2697.9454400000113</ele>
    </rtept>
    <rtept lat="28.59196" lon="84.41845">
      <ele>2698.8799999999073</ele>
    </rtept>
    <rtept lat="28.59194" lon="84.4184">
      <ele>2698.964479999938</ele>
    </rtept>
    <rtept lat="28.59184" lon="84.41827">
      <ele>2700.091999999846</ele>
    </rtept>
    <rtept lat="28.59183" lon="84.41828">
      <ele>2699.696000000131</ele>
    </rtept>
    <rtept lat="28.59183" lon="84.41841">
      <ele>2696.906864000135</ele>
    </rtept>
    <rtept lat="28.59182" lon="84.41844">
      <ele>2696.1559039998947</ele>
    </rtept>
    <rtept lat="28.59179" lon="84.41844">
      <ele>2695.599487999913</ele>
    </rtept>
    <rtept lat="28.59173" lon="84.41832">
      <ele>2697.2480000001196</ele>
    </rtept>
    <rtept lat="28.59158" lon="84.41825">
      <ele>2695.572799999999</ele>
    </rtept>
    <rtept lat="28.5915" lon="84.41825">
      <ele>2693.2399999999825</ele>
    </rtept>
    <rtept lat="28.59138" lon="84.41821">
      <ele>2691.120127999966</ele>
    </rtept>
    <rtept lat="28.59104" lon="84.41803">
      <ele>2682.4151359998605</ele>
    </rtept>
    <rtept lat="28.59097" lon="84.4179599">
      <ele>2685.647735839987</ele>
    </rtept>
    <rtept lat="28.59081" lon="84.4179599">
      <ele>2680.690350080063</ele>
    </rtept>
    <rtept lat="28.59068" lon="84.41793">
      <ele>2677.3719680000286</ele>
    </rtept>
    <rtept lat="28.59057" lon="84.41789">
      <ele>2674.3799359999894</ele>
    </rtept>
    <rtept lat="28.59053" lon="84.41784">
      <ele>2674.524256000077</ele>
    </rtept>
    <rtept lat="28.59043" lon="84.41784">
      <ele>2671.8487360000663</ele>
    </rtept>
    <rtept lat="28.59019" lon="84.41773">
      <ele>2668.823535999897</ele>
    </rtept>
    <rtept lat="28.59015" lon="84.41759">
      <ele>2670.5552799999655</ele>
    </rtept>
    <rtept lat="28.59011" lon="84.41753">
      <ele>2670.4726239999914</ele>
    </rtept>
    <rtept lat="28.59005" lon="84.41749">
      <ele>2670.090879999971</ele>
    </rtept>
    <rtept lat="28.58994" lon="84.41748">
      <ele>2669.1969280001586</ele>
    </rtept>
    <rtept lat="28.5899" lon="84.41744">
      <ele>2671.5366400000567</ele>
    </rtept>
    <rtept lat="28.58986" lon="84.41729">
      <ele>2679.936736000397</ele>
    </rtept>
    <rtept lat="28.58979" lon="84.41723">
      <ele>2680.544847999854</ele>
    </rtept>
    <rtept lat="28.58972" lon="84.41724">
      <ele>2677.299071999735</ele>
    </rtept>
    <rtept lat="28.58967" lon="84.41721">
      <ele>2678.8687360002027</ele>
    </rtept>
    <rtept lat="28.58959" lon="84.4171">
      <ele>2685.1667199997332</ele>
    </rtept>
    <rtept lat="28.58955" lon="84.41707">
      <ele>2685.9788800002216</ele>
    </rtept>
    <rtept lat="28.58932" lon="84.41704">
      <ele>2682.9364480000063</ele>
    </rtept>
    <rtept lat="28.58926" lon="84.41697">
      <ele>2684.0043519998244</ele>
    </rtept>
    <rtept lat="28.58919" lon="84.41694">
      <ele>2683.6827200001653</ele>
    </rtept>
    <rtept lat="28.58909" lon="84.41698">
      <ele>2682.4726720001113</ele>
    </rtept>
    <rtept lat="28.589" lon="84.41699">
      <ele>2682.5176000000415</ele>
    </rtept>
    <rtept lat="28.58889" lon="84.41694">
      <ele>2684.1085760000847</ele>
    </rtept>
    <rtept lat="28.58877" lon="84.4169299">
      <ele>2681.3481099200185</ele>
    </rtept>
    <rtept lat="28.58871" lon="84.41698">
      <ele>2678.9257280000506</ele>
    </rtept>
    <rtept lat="28.58861" lon="84.41699">
      <ele>2676.4940320000064</ele>
    </rtept>
    <rtept lat="28.58851" lon="84.41697">
      <ele>2675.5315359999</ele>
    </rtept>
    <rtept lat="28.58839" lon="84.41691">
      <ele>2675.3559999999734</ele>
    </rtept>
    <rtept lat="28.58832" lon="84.41691">
      <ele>2674.738047999969</ele>
    </rtept>
    <rtept lat="28.58814" lon="84.41696">
      <ele>2673.663999999933</ele>
    </rtept>
    <rtept lat="28.58804" lon="84.41695">
      <ele>2673.654879999994</ele>
    </rtept>
    <rtept lat="28.58788" lon="84.41688">
      <ele>2672.631999999866</ele>
    </rtept>
    <rtept lat="28.58777" lon="84.4168">
      <ele>2672.4600000000737</ele>
    </rtept>
    <rtept lat="28.5876" lon="84.41661">
      <ele>2672.4119999999093</ele>
    </rtept>
    <rtept lat="28.58737" lon="84.41649">
      <ele>2668.8023520000343</ele>
    </rtept>
    <rtept lat="28.58715" lon="84.41634">
      <ele>2667.0257599998176</ele>
    </rtept>
    <rtept lat="28.58711" lon="84.41627">
      <ele>2669.240912000095</ele>
    </rtept>
    <rtept lat="28.58707" lon="84.41627">
      <ele>2668.870544000111</ele>
    </rtept>
    <rtept lat="28.58704" lon="84.41618">
      <ele>2672.0453120000966</ele>
    </rtept>
    <rtept lat="28.58698" lon="84.41615">
      <ele>2672.733919999934</ele>
    </rtept>
    <rtept lat="28.58686" lon="84.41589">
      <ele>2680.5640319998715</ele>
    </rtept>
    <rtept lat="28.58658" lon="84.41582">
      <ele>2678.819904000125</ele>
    </rtept>
    <rtept lat="28.5865" lon="84.4157">
      <ele>2682.7919999999604</ele>
    </rtept>
    <rtept lat="28.58647" lon="84.41569">
      <ele>2683.1733120000827</ele>
    </rtept>
    <rtept lat="28.58641" lon="84.4157">
      <ele>2682.7660799999553</ele>
    </rtept>
    <rtept lat="28.58635" lon="84.41573">
      <ele>2680.4840000001445</ele>
    </rtept>
    <rtept lat="28.58629" lon="84.41575">
      <ele>2678.107999999925</ele>
    </rtept>
    <rtept lat="28.58596" lon="84.41561">
      <ele>2671.017983999991</ele>
    </rtept>
    <rtept lat="28.58563" lon="84.41556">
      <ele>2670.290304000063</ele>
    </rtept>
    <rtept lat="28.58552" lon="84.41557">
      <ele>2672.866751999958</ele>
    </rtept>
    <rtept lat="28.58527" lon="84.41565">
      <ele>2670.06952</ele>
    </rtept>
    <rtept lat="28.58488" lon="84.41588">
      <ele>2674.094272000078</ele>
    </rtept>
    <rtept lat="28.58478" lon="84.41596">
      <ele>2678.3405440000934</ele>
    </rtept>
    <rtept lat="28.58462" lon="84.41613">
      <ele>2680.2250240000444</ele>
    </rtept>
    <rtept lat="28.58446" lon="84.41634">
      <ele>2680.2578559999415</ele>
    </rtept>
    <rtept lat="28.58436" lon="84.41643">
      <ele>2686.484032000078</ele>
    </rtept>
    <rtept lat="28.58421" lon="84.41672">
      <ele>2699.517856000034</ele>
    </rtept>
    <rtept lat="28.58416" lon="84.41689">
      <ele>2704.8536319998693</ele>
    </rtept>
    <rtept lat="28.5841" lon="84.41699">
      <ele>2711.478880000029</ele>
    </rtept>
    <rtept lat="28.58405" lon="84.41703">
      <ele>2715.456879999913</ele>
    </rtept>
    <rtept lat="28.58403" lon="84.41709">
      <ele>2716.585264000082</ele>
    </rtept>
    <rtept lat="28.58408" lon="84.41715">
      <ele>2714.0550400000334</ele>
    </rtept>
    <rtept lat="28.58414" lon="84.41718">
      <ele>2711.9520639999837</ele>
    </rtept>
    <rtept lat="28.58417" lon="84.41725">
      <ele>2711.5300000000057</ele>
    </rtept>
    <rtept lat="28.58416" lon="84.4174">
      <ele>2711.0348799999642</ele>
    </rtept>
    <rtept lat="28.58422" lon="84.41756">
      <ele>2708.023167999981</ele>
    </rtept>
    <rtept lat="28.58427" lon="84.41791">
      <ele>2713.2227200001894</ele>
    </rtept>
    <rtept lat="28.58431" lon="84.4179599">
      <ele>2712.2773024000794</ele>
    </rtept>
    <rtept lat="28.58437" lon="84.41797">
      <ele>2708.9574399998683</ele>
    </rtept>
    <rtept lat="28.58426" lon="84.41808">
      <ele>2718.439615999995</ele>
    </rtept>
    <rtept lat="28.58421" lon="84.41817">
      <ele>2722.4524640001387</ele>
    </rtept>
    <rtept lat="28.58415" lon="84.41821">
      <ele>2726.63576000002</ele>
    </rtept>
    <rtept lat="28.58398" lon="84.41823">
      <ele>2729.6898559999954</ele>
    </rtept>
    <rtept lat="28.58386" lon="84.4183">
      <ele>2731.4041599999314</ele>
    </rtept>
    <rtept lat="28.58378" lon="84.41838">
      <ele>2733.9101439999763</ele>
    </rtept>
    <rtept lat="28.58368" lon="84.41861">
      <ele>2735.531007999948</ele>
    </rtept>
    <rtept lat="28.58339" lon="84.41887">
      <ele>2728.3070559999524</ele>
    </rtept>
    <rtept lat="28.5833" lon="84.41892">
      <ele>2733.9670399998986</ele>
    </rtept>
    <rtept lat="28.58321" lon="84.41891">
      <ele>2741.4523040000236</ele>
    </rtept>
    <rtept lat="28.58304" lon="84.41896">
      <ele>2752.1863680000474</ele>
    </rtept>
    <rtept lat="28.58268" lon="84.41895">
      <ele>2770.0246399999987</ele>
    </rtept>
    <rtept lat="28.58249" lon="84.41886">
      <ele>2769.584351999954</ele>
    </rtept>
    <rtept lat="28.58238" lon="84.41878">
      <ele>2764.6091519999595</ele>
    </rtept>
    <rtept lat="28.58227" lon="84.41879">
      <ele>2760.964944000118</ele>
    </rtept>
    <rtept lat="28.58216" lon="84.4187">
      <ele>2750.445760000011</ele>
    </rtept>
    <rtept lat="28.58209" lon="84.41868">
      <ele>2745.8743359996224</ele>
    </rtept>
    <rtept lat="28.58201" lon="84.41868">
      <ele>2742.3423039995623</ele>
    </rtept>
    <rtept lat="28.58179" lon="84.4186">
      <ele>2723.2897600001634</ele>
    </rtept>
    <rtept lat="28.58166" lon="84.4185">
      <ele>2717.497600000099</ele>
    </rtept>
    <rtept lat="28.58161" lon="84.41839">
      <ele>2716.0627840000893</ele>
    </rtept>
    <rtept lat="28.58149" lon="84.41824">
      <ele>2702.9356479998046</ele>
    </rtept>
    <rtept lat="28.58143" lon="84.41809">
      <ele>2691.7917760003343</ele>
    </rtept>
    <rtept lat="28.58141" lon="84.4181">
      <ele>2689.418080000089</ele>
    </rtept>
    <rtept lat="28.5814" lon="84.41817">
      <ele>2690.482239999948</ele>
    </rtept>
    <rtept lat="28.58143" lon="84.41824">
      <ele>2696.2327360000368</ele>
    </rtept>
    <rtept lat="28.58143" lon="84.41834">
      <ele>2699.318752000129</ele>
    </rtept>
    <rtept lat="28.58142" lon="84.41838">
      <ele>2700.42841600007</ele>
    </rtept>
    <rtept lat="28.58139" lon="84.41836">
      <ele>2696.7307840003305</ele>
    </rtept>
    <rtept lat="28.58135" lon="84.41827">
      <ele>2690.7353600002384</ele>
    </rtept>
    <rtept lat="28.5812" lon="84.41812">
      <ele>2680.6179199999956</ele>
    </rtept>
    <rtept lat="28.58115" lon="84.41798">
      <ele>2677.026560000035</ele>
    </rtept>
    <rtept lat="28.58115" lon="84.41783">
      <ele>2674.8557599999763</ele>
    </rtept>
    <rtept lat="28.58112" lon="84.4175999">
      <ele>2666.778234559879</ele>
    </rtept>
    <rtept lat="28.58118" lon="84.41744">
      <ele>2665.6305919999595</ele>
    </rtept>
    <rtept lat="28.5813" lon="84.41729">
      <ele>2666.8635199997098</ele>
    </rtept>
    <rtept lat="28.58141" lon="84.41718">
      <ele>2667.0120000001516</ele>
    </rtept>
    <rtept lat="28.5815" lon="84.41714">
      <ele>2668.8480000000827</ele>
    </rtept>
    <rtept lat="28.58169" lon="84.41701">
      <ele>2671.4676480000903</ele>
    </rtept>
    <rtept lat="28.58173" lon="84.41694">
      <ele>2671.091999999843</ele>
    </rtept>
    <rtept lat="28.58174" lon="84.41683">
      <ele>2665.8360000002353</ele>
    </rtept>
    <rtept lat="28.58166" lon="84.41665">
      <ele>2651.0553600001626</ele>
    </rtept>
    <rtept lat="28.58165" lon="84.4165699">
      <ele>2647.1542703999435</ele>
    </rtept>
    <rtept lat="28.58166" lon="84.41649">
      <ele>2644.060415999799</ele>
    </rtept>
    <rtept lat="28.58172" lon="84.41644">
      <ele>2645.385983999783</ele>
    </rtept>
    <rtept lat="28.58177" lon="84.41637">
      <ele>2645.3574079999507</ele>
    </rtept>
    <rtept lat="28.58177" lon="84.41629">
      <ele>2642.8391360000483</ele>
    </rtept>
    <rtept lat="28.5818" lon="84.41621">
      <ele>2641.909760000274</ele>
    </rtept>
    <rtept lat="28.58178" lon="84.4160799">
      <ele>2637.308402879918</ele>
    </rtept>
    <rtept lat="28.58182" lon="84.41588">
      <ele>2636.859264000039</ele>
    </rtept>
    <rtept lat="28.58187" lon="84.41582">
      <ele>2638.701407999851</ele>
    </rtept>
    <rtept lat="28.58188" lon="84.41578">
      <ele>2638.426368000059</ele>
    </rtept>
    <rtept lat="28.58181" lon="84.41568">
      <ele>2632.178495999924</ele>
    </rtept>
    <rtept lat="28.5817" lon="84.4156">
      <ele>2623.382400000032</ele>
    </rtept>
    <rtept lat="28.58166" lon="84.4155399">
      <ele>2619.3088473599423</ele>
    </rtept>
    <rtept lat="28.58167" lon="84.41548">
      <ele>2618.85273599998</ele>
    </rtept>
    <rtept lat="28.58175" lon="84.41539">
      <ele>2622.2412000000127</ele>
    </rtept>
    <rtept lat="28.58185" lon="84.41536">
      <ele>2627.8953600000973</ele>
    </rtept>
    <rtept lat="28.58189" lon="84.41533">
      <ele>2629.7591520000233</ele>
    </rtept>
    <rtept lat="28.58193" lon="84.41528">
      <ele>2631.1635839998967</ele>
    </rtept>
    <rtept lat="28.5819" lon="84.4152">
      <ele>2629.380800000062</ele>
    </rtept>
    <rtept lat="28.58179" lon="84.41521">
      <ele>2622.2493440001135</ele>
    </rtept>
    <rtept lat="28.58177" lon="84.41515">
      <ele>2620.628479999904</ele>
    </rtept>
    <rtept lat="28.58175" lon="84.41507">
      <ele>2618.7535999999673</ele>
    </rtept>
    <rtept lat="28.58178" lon="84.41491">
      <ele>2620.8323839998616</ele>
    </rtept>
    <rtept lat="28.58174" lon="84.41482">
      <ele>2617.8861439999814</ele>
    </rtept>
    <rtept lat="28.5816" lon="84.41474">
      <ele>2606.510720000131</ele>
    </rtept>
    <rtept lat="28.58155" lon="84.41475">
      <ele>2602.4239999999922</ele>
    </rtept>
    <rtept lat="28.58147" lon="84.41468">
      <ele>2596.4060799998897</ele>
    </rtept>
    <rtept lat="28.58142" lon="84.41462">
      <ele>2593.5779200001207</ele>
    </rtept>
    <rtept lat="28.5814" lon="84.41451">
      <ele>2594.3511999997563</ele>
    </rtept>
    <rtept lat="28.58136" lon="84.41446">
      <ele>2592.913471999893</ele>
    </rtept>
    <rtept lat="28.58134" lon="84.41439">
      <ele>2593.046016000108</ele>
    </rtept>
    <rtept lat="28.58132" lon="84.41426">
      <ele>2594.109312000138</ele>
    </rtept>
    <rtept lat="28.5812" lon="84.41392">
      <ele>2587.96319999992</ele>
    </rtept>
    <rtept lat="28.58122" lon="84.41386">
      <ele>2589.1272319999016</ele>
    </rtept>
    <rtept lat="28.58121" lon="84.41376">
      <ele>2588.0668159999077</ele>
    </rtept>
    <rtept lat="28.58117" lon="84.4136">
      <ele>2585.2684799999874</ele>
    </rtept>
    <rtept lat="28.58117" lon="84.41353">
      <ele>2585.825904000051</ele>
    </rtept>
    <rtept lat="28.58103" lon="84.41316">
      <ele>2585.4555839997697</ele>
    </rtept>
    <rtept lat="28.58098" lon="84.41314">
      <ele>2583.47097600006</ele>
    </rtept>
    <rtept lat="28.58081" lon="84.41312">
      <ele>2575.865951999837</ele>
    </rtept>
    <rtept lat="28.58076" lon="84.4129899">
      <ele>2576.6871190400407</ele>
    </rtept>
    <rtept lat="28.58075" lon="84.41294">
      <ele>2576.8567999999095</ele>
    </rtept>
    <rtept lat="28.58062" lon="84.41289">
      <ele>2574.27372799995</ele>
    </rtept>
    <rtept lat="28.58058" lon="84.4128">
      <ele>2574.2950399999813</ele>
    </rtept>
    <rtept lat="28.58049" lon="84.41274">
      <ele>2573.6040960000446</ele>
    </rtept>
    <rtept lat="28.58007" lon="84.4126299">
      <ele>2566.9907788800083</ele>
    </rtept>
    <rtept lat="28.57999" lon="84.41254">
      <ele>2567.0279999998347</ele>
    </rtept>
    <rtept lat="28.5799" lon="84.41248">
      <ele>2567.5420799999165</ele>
    </rtept>
    <rtept lat="28.57986" lon="84.41242">
      <ele>2568.9348480000817</ele>
    </rtept>
    <rtept lat="28.57968" lon="84.41234">
      <ele>2570.437311999993</ele>
    </rtept>
    <rtept lat="28.57959" lon="84.41226">
      <ele>2575.3315839998777</ele>
    </rtept>
    <rtept lat="28.57952" lon="84.41224">
      <ele>2578.0324480001664</ele>
    </rtept>
    <rtept lat="28.57927" lon="84.41231">
      <ele>2579.6155199996115</ele>
    </rtept>
    <rtept lat="28.57913" lon="84.4123">
      <ele>2580.653759999808</ele>
    </rtept>
    <rtept lat="28.57901" lon="84.41227">
      <ele>2577.5580479995256</ele>
    </rtept>
    <rtept lat="28.57894" lon="84.4123">
      <ele>2572.226879999839</ele>
    </rtept>
    <rtept lat="28.57887" lon="84.4123199">
      <ele>2567.7334182399245</ele>
    </rtept>
    <rtept lat="28.57865" lon="84.41227">
      <ele>2558.1990399998017</ele>
    </rtept>
    <rtept lat="28.57815" lon="84.4120499">
      <ele>2567.861452000053</ele>
    </rtept>
    <rtept lat="28.57763" lon="84.41207">
      <ele>2552.284463999985</ele>
    </rtept>
    <rtept lat="28.57752" lon="84.41197">
      <ele>2555.117376000178</ele>
    </rtept>
    <rtept lat="28.57749" lon="84.41191">
      <ele>2556.8479999998417</ele>
    </rtept>
    <rtept lat="28.57737" lon="84.4117799">
      <ele>2558.866880000003</ele>
    </rtept>
    <rtept lat="28.57738" lon="84.41175">
      <ele>2559.872000000085</ele>
    </rtept>
    <rtept lat="28.57731" lon="84.41162">
      <ele>2565.791264000088</ele>
    </rtept>
    <rtept lat="28.57716" lon="84.41148">
      <ele>2576.5616640002063</ele>
    </rtept>
    <rtept lat="28.57695" lon="84.41146">
      <ele>2574.5145599997322</ele>
    </rtept>
    <rtept lat="28.57666" lon="84.41151">
      <ele>2566.6249279998883</ele>
    </rtept>
    <rtept lat="28.57655" lon="84.4115">
      <ele>2563.555999999973</ele>
    </rtept>
    <rtept lat="28.57649" lon="84.41147">
      <ele>2562.18742400007</ele>
    </rtept>
    <rtept lat="28.57647" lon="84.41134">
      <ele>2564.073312000149</ele>
    </rtept>
    <rtept lat="28.57639" lon="84.41122">
      <ele>2563.1027519999957</ele>
    </rtept>
    <rtept lat="28.57631" lon="84.41117">
      <ele>2560.8330399999986</ele>
    </rtept>
    <rtept lat="28.57599" lon="84.41083">
      <ele>2555.9510719998034</ele>
    </rtept>
    <rtept lat="28.57595" lon="84.41078">
      <ele>2556.8585599998123</ele>
    </rtept>
    <rtept lat="28.57587" lon="84.41059">
      <ele>2562.434527999952</ele>
    </rtept>
    <rtept lat="28.5757" lon="84.41048">
      <ele>2560.341759999688</ele>
    </rtept>
    <rtept lat="28.57567" lon="84.41043">
      <ele>2561.5648959996674</ele>
    </rtept>
    <rtept lat="28.57556" lon="84.41037">
      <ele>2558.9187519999514</ele>
    </rtept>
    <rtept lat="28.5755" lon="84.41032">
      <ele>2557.8064000001536</ele>
    </rtept>
    <rtept lat="28.57546" lon="84.41025">
      <ele>2558.7519999996944</ele>
    </rtept>
    <rtept lat="28.57536" lon="84.41022">
      <ele>2554.360000000256</ele>
    </rtept>
    <rtept lat="28.57526" lon="84.41005">
      <ele>2557.9961600001084</ele>
    </rtept>
    <rtept lat="28.57509" lon="84.40992">
      <ele>2551.7560639999724</ele>
    </rtept>
    <rtept lat="28.57505" lon="84.40985">
      <ele>2551.5283999998624</ele>
    </rtept>
    <rtept lat="28.57495" lon="84.40975">
      <ele>2550.217999999954</ele>
    </rtept>
    <rtept lat="28.57487" lon="84.40961">
      <ele>2550.769856000011</ele>
    </rtept>
    <rtept lat="28.5748" lon="84.40959">
      <ele>2548.4465600001054</ele>
    </rtept>
    <rtept lat="28.57475" lon="84.4096">
      <ele>2546.2880000001096</ele>
    </rtept>
    <rtept lat="28.57468" lon="84.40944">
      <ele>2547.040703999935</ele>
    </rtept>
    <rtept lat="28.57463" lon="84.40941">
      <ele>2546.4204960001057</ele>
    </rtept>
    <rtept lat="28.57459" lon="84.4094">
      <ele>2545.559519999914</ele>
    </rtept>
    <rtept lat="28.57439" lon="84.4092299">
      <ele>2543.0472923200236</ele>
    </rtept>
    <rtept lat="28.57427" lon="84.40909">
      <ele>2543.677359999765</ele>
    </rtept>
    <rtept lat="28.57405" lon="84.409">
      <ele>2539.6719999998763</ele>
    </rtept>
    <rtept lat="28.57399" lon="84.40894">
      <ele>2538.820095999931</ele>
    </rtept>
    <rtept lat="28.57385" lon="84.40894">
      <ele>2534.5452799999925</ele>
    </rtept>
    <rtept lat="28.57373" lon="84.40884">
      <ele>2534.0073280001193</ele>
    </rtept>
    <rtept lat="28.57367" lon="84.40866">
      <ele>2539.722688000094</ele>
    </rtept>
    <rtept lat="28.57366" lon="84.40857">
      <ele>2542.1740480000544</ele>
    </rtept>
    <rtept lat="28.57367" lon="84.40844">
      <ele>2544.9065920000185</ele>
    </rtept>
    <rtept lat="28.57364" lon="84.40833">
      <ele>2545.959999999988</ele>
    </rtept>
    <rtept lat="28.57364" lon="84.40824">
      <ele>2546.6079999999893</ele>
    </rtept>
    <rtept lat="28.5736" lon="84.40817">
      <ele>2545.8630399999843</ele>
    </rtept>
    <rtept lat="28.57354" lon="84.4081099">
      <ele>2544.716552320039</ele>
    </rtept>
    <rtept lat="28.57338" lon="84.40806">
      <ele>2541.1173759999238</ele>
    </rtept>
    <rtept lat="28.57317" lon="84.40804">
      <ele>2538.053216000023</ele>
    </rtept>
    <rtept lat="28.573" lon="84.40805">
      <ele>2535.3199999999433</ele>
    </rtept>
    <rtept lat="28.57292" lon="84.40808">
      <ele>2533.5178880000376</ele>
    </rtept>
    <rtept lat="28.57273" lon="84.40809">
      <ele>2530.2186559999764</ele>
    </rtept>
    <rtept lat="28.57259" lon="84.40808">
      <ele>2526.9469760000643</ele>
    </rtept>
    <rtept lat="28.57243" lon="84.40799">
      <ele>2524.668000000049</ele>
    </rtept>
    <rtept lat="28.5723" lon="84.40796">
      <ele>2522.399999999916</ele>
    </rtept>
    <rtept lat="28.57221" lon="84.40791">
      <ele>2521.5738879999735</ele>
    </rtept>
    <rtept lat="28.57211" lon="84.40788">
      <ele>2521.6493439999063</ele>
    </rtept>
    <rtept lat="28.57194" lon="84.40776">
      <ele>2522.156928000053</ele>
    </rtept>
    <rtept lat="28.5718" lon="84.40761">
      <ele>2521.829759999967</ele>
    </rtept>
    <rtept lat="28.57155" lon="84.40746">
      <ele>2519.16623999997</ele>
    </rtept>
    <rtept lat="28.57145" lon="84.40737">
      <ele>2517.02351999996</ele>
    </rtept>
    <rtept lat="28.57101" lon="84.40712">
      <ele>2508.0363839999654</ele>
    </rtept>
    <rtept lat="28.57088" lon="84.4069899">
      <ele>2510.094267840007</ele>
    </rtept>
    <rtept lat="28.57085" lon="84.40694">
      <ele>2510.0731199996653</ele>
    </rtept>
    <rtept lat="28.57076" lon="84.40686">
      <ele>2516.540928000247</ele>
    </rtept>
    <rtept lat="28.57065" lon="84.40686">
      <ele>2519.0563200001425</ele>
    </rtept>
    <rtept lat="28.57061" lon="84.40679">
      <ele>2521.5717119999986</ele>
    </rtept>
    <rtept lat="28.5705" lon="84.40676">
      <ele>2521.590399999912</ele>
    </rtept>
    <rtept lat="28.57043" lon="84.40675">
      <ele>2520.3592000000067</ele>
    </rtept>
    <rtept lat="28.57033" lon="84.40679">
      <ele>2518.073055999965</ele>
    </rtept>
    <rtept lat="28.57027" lon="84.40677">
      <ele>2517.136832000049</ele>
    </rtept>
    <rtept lat="28.57021" lon="84.40672">
      <ele>2516.4896959999523</ele>
    </rtept>
    <rtept lat="28.57016" lon="84.40661">
      <ele>2515.1504960000293</ele>
    </rtept>
    <rtept lat="28.57014" lon="84.4064099">
      <ele>2512.281042559978</ele>
    </rtept>
    <rtept lat="28.57002" lon="84.4064099">
      <ele>2510.5203660799916</ele>
    </rtept>
    <rtept lat="28.56985" lon="84.40634">
      <ele>2511.2560000000076</ele>
    </rtept>
    <rtept lat="28.5698" lon="84.40629">
      <ele>2511.7960000000003</ele>
    </rtept>
    <rtept lat="28.56963" lon="84.40617">
      <ele>2512.194383999993</ele>
    </rtept>
    <rtept lat="28.5696" lon="84.40612">
      <ele>2512.102080000006</ele>
    </rtept>
    <rtept lat="28.56948" lon="84.40604">
      <ele>2512.8575359998886</ele>
    </rtept>
    <rtept lat="28.56938" lon="84.40586">
      <ele>2516.6337279999116</ele>
    </rtept>
    <rtept lat="28.56939" lon="84.4057799">
      <ele>2519.0064923200407</ele>
    </rtept>
    <rtept lat="28.56941" lon="84.40573">
      <ele>2520.7056159998106</ele>
    </rtept>
    <rtept lat="28.56941" lon="84.4056">
      <ele>2525.21151999977</ele>
    </rtept>
    <rtept lat="28.56939" lon="84.40555">
      <ele>2526.604079999993</ele>
    </rtept>
    <rtept lat="28.56919" lon="84.40525">
      <ele>2524.1771999999746</ele>
    </rtept>
    <rtept lat="28.56896" lon="84.40523">
      <ele>2518.8759360000086</ele>
    </rtept>
    <rtept lat="28.56876" lon="84.40526">
      <ele>2516.540608000005</ele>
    </rtept>
    <rtept lat="28.56861" lon="84.40472">
      <ele>2514.0200320000254</ele>
    </rtept>
    <rtept lat="28.56858" lon="84.40467">
      <ele>2514.4730560000485</ele>
    </rtept>
    <rtept lat="28.56859" lon="84.40485">
      <ele>2514.3490399999896</ele>
    </rtept>
    <rtept lat="28.56851" lon="84.4049299">
      <ele>2514.111499039997</ele>
    </rtept>
    <rtept lat="28.56841" lon="84.40492">
      <ele>2513.472512000005</ele>
    </rtept>
    <rtept lat="28.56829" lon="84.40482">
      <ele>2512.789088000005</ele>
    </rtept>
    <rtept lat="28.56817" lon="84.40467">
      <ele>2512.9429120000345</ele>
    </rtept>
    <rtept lat="28.56804" lon="84.40446">
      <ele>2513.570815999996</ele>
    </rtept>
    <rtept lat="28.56794" lon="84.40438">
      <ele>2511.3109760000116</ele>
    </rtept>
    <rtept lat="28.56771" lon="84.40428">
      <ele>2506.41779200001</ele>
    </rtept>
    <rtept lat="28.56757" lon="84.40419">
      <ele>2505.9166720000007</ele>
    </rtept>
    <rtept lat="28.56751" lon="84.40409">
      <ele>2506.522192000028</ele>
    </rtept>
    <rtept lat="28.5674" lon="84.40402">
      <ele>2506.8860799999757</ele>
    </rtept>
    <rtept lat="28.56731" lon="84.40401">
      <ele>2506.829776000003</ele>
    </rtept>
    <rtept lat="28.56712" lon="84.40386">
      <ele>2505.8862719999343</ele>
    </rtept>
    <rtept lat="28.56708" lon="84.40379">
      <ele>2504.5542720000185</ele>
    </rtept>
    <rtept lat="28.56671" lon="84.40359">
      <ele>2495.1442880000263</ele>
    </rtept>
    <rtept lat="28.56643" lon="84.40324">
      <ele>2494.6468160000804</ele>
    </rtept>
    <rtept lat="28.56635" lon="84.40316">
      <ele>2495.931200000005</ele>
    </rtept>
    <rtept lat="28.56629" lon="84.40315">
      <ele>2495.445200000048</ele>
    </rtept>
    <rtept lat="28.5662" lon="84.40309">
      <ele>2495.1535999998987</ele>
    </rtept>
    <rtept lat="28.56577" lon="84.40263">
      <ele>2483.325408000032</ele>
    </rtept>
    <rtept lat="28.56564" lon="84.4025599">
      <ele>2479.1634508799557</ele>
    </rtept>
    <rtept lat="28.56554" lon="84.40249">
      <ele>2475.692063999976</ele>
    </rtept>
    <rtept lat="28.56543" lon="84.40223">
      <ele>2474.5253759999882</ele>
    </rtept>
    <rtept lat="28.56529" lon="84.40198">
      <ele>2479.2376320001144</ele>
    </rtept>
    <rtept lat="28.56526" lon="84.40184">
      <ele>2479.8238719999886</ele>
    </rtept>
    <rtept lat="28.56525" lon="84.40173">
      <ele>2479.645599999986</ele>
    </rtept>
    <rtept lat="28.56519" lon="84.4016">
      <ele>2478.1801600000344</ele>
    </rtept>
    <rtept lat="28.56485" lon="84.40125">
      <ele>2472.1799999999175</ele>
    </rtept>
    <rtept lat="28.56467" lon="84.40118">
      <ele>2468.2197440000155</ele>
    </rtept>
    <rtept lat="28.56453" lon="84.4011">
      <ele>2465.586880000052</ele>
    </rtept>
    <rtept lat="28.56449" lon="84.40096">
      <ele>2469.3029440000464</ele>
    </rtept>
    <rtept lat="28.56447" lon="84.40086">
      <ele>2471.624512000178</ele>
    </rtept>
    <rtept lat="28.56426" lon="84.40071">
      <ele>2467.698655999962</ele>
    </rtept>
    <rtept lat="28.56419" lon="84.40045">
      <ele>2468.3800799998835</ele>
    </rtept>
    <rtept lat="28.56413" lon="84.40029">
      <ele>2468.7356159999936</ele>
    </rtept>
    <rtept lat="28.56413" lon="84.40013">
      <ele>2472.5275519998536</ele>
    </rtept>
    <rtept lat="28.56408" lon="84.40001">
      <ele>2473.6504640001444</ele>
    </rtept>
    <rtept lat="28.56408" lon="84.39989">
      <ele>2475.340448000033</ele>
    </rtept>
    <rtept lat="28.56404" lon="84.39973">
      <ele>2475.8847679998767</ele>
    </rtept>
    <rtept lat="28.56392" lon="84.3994699">
      <ele>2475.3741215999776</ele>
    </rtept>
    <rtept lat="28.56392" lon="84.3993799">
      <ele>2478.3219356799896</ele>
    </rtept>
    <rtept lat="28.56369" lon="84.39908">
      <ele>2476.8904320001106</ele>
    </rtept>
    <rtept lat="28.56366" lon="84.39894">
      <ele>2478.118464000001</ele>
    </rtept>
    <rtept lat="28.56354" lon="84.3987">
      <ele>2474.5932799999523</ele>
    </rtept>
    <rtept lat="28.56346" lon="84.39879">
      <ele>2470.2410239999767</ele>
    </rtept>
    <rtept lat="28.56339" lon="84.39869">
      <ele>2465.7745759999207</ele>
    </rtept>
    <rtept lat="28.56334" lon="84.39858">
      <ele>2462.0106240000914</ele>
    </rtept>
    <rtept lat="28.56339" lon="84.39847">
      <ele>2467.2087359998354</ele>
    </rtept>
    <rtept lat="28.56336" lon="84.39834">
      <ele>2467.5166079998858</ele>
    </rtept>
    <rtept lat="28.56328" lon="84.39821">
      <ele>2466.104255999829</ele>
    </rtept>
    <rtept lat="28.56319" lon="84.3981699">
      <ele>2462.4273787199495</ele>
    </rtept>
    <rtept lat="28.56297" lon="84.39775">
      <ele>2461.665999999945</ele>
    </rtept>
    <rtept lat="28.5628" lon="84.39719">
      <ele>2470.766720000235</ele>
    </rtept>
    <rtept lat="28.5627" lon="84.39708">
      <ele>2470.7187199998234</ele>
    </rtept>
    <rtept lat="28.56274" lon="84.39699">
      <ele>2478.2913919999473</ele>
    </rtept>
    <rtept lat="28.56271" lon="84.39689">
      <ele>2482.0361759999987</ele>
    </rtept>
    <rtept lat="28.56265" lon="84.39682">
      <ele>2482.165919999823</ele>
    </rtept>
    <rtept lat="28.56257" lon="84.39678">
      <ele>2479.625183999725</ele>
    </rtept>
    <rtept lat="28.56246" lon="84.39679">
      <ele>2474.172192000245</ele>
    </rtept>
    <rtept lat="28.56233" lon="84.39677">
      <ele>2471.80900799979</ele>
    </rtept>
    <rtept lat="28.56223" lon="84.39671">
      <ele>2472.6851040000593</ele>
    </rtept>
    <rtept lat="28.56207" lon="84.39671">
      <ele>2469.045024000042</ele>
    </rtept>
    <rtept lat="28.56186" lon="84.39668">
      <ele>2464.1402239997324</ele>
    </rtept>
    <rtept lat="28.56182" lon="84.39669">
      <ele>2461.551103999578</ele>
    </rtept>
    <rtept lat="28.56161" lon="84.39671">
      <ele>2450.0907680001656</ele>
    </rtept>
    <rtept lat="28.56114" lon="84.39635">
      <ele>2441.187040000121</ele>
    </rtept>
    <rtept lat="28.56097" lon="84.39614">
      <ele>2439.108831999983</ele>
    </rtept>
    <rtept lat="28.56077" lon="84.39595">
      <ele>2441.44536000015</ele>
    </rtept>
    <rtept lat="28.56065" lon="84.3958">
      <ele>2443.1424000004467</ele>
    </rtept>
    <rtept lat="28.56039" lon="84.39558">
      <ele>2436.6027200004387</ele>
    </rtept>
    <rtept lat="28.56033" lon="84.39542">
      <ele>2442.786559999915</ele>
    </rtept>
    <rtept lat="28.56021" lon="84.39534">
      <ele>2441.221247999696</ele>
    </rtept>
    <rtept lat="28.56015" lon="84.39518">
      <ele>2447.781760000198</ele>
    </rtept>
    <rtept lat="28.56004" lon="84.39514">
      <ele>2443.313728000167</ele>
    </rtept>
    <rtept lat="28.55995" lon="84.39503">
      <ele>2444.168079999744</ele>
    </rtept>
    <rtept lat="28.55985" lon="84.3948">
      <ele>2449.5903999998513</ele>
    </rtept>
    <rtept lat="28.55971" lon="84.39457">
      <ele>2456.1566719998746</ele>
    </rtept>
    <rtept lat="28.55968" lon="84.39444">
      <ele>2461.83270399987</ele>
    </rtept>
    <rtept lat="28.55959" lon="84.39434">
      <ele>2463.067072000014</ele>
    </rtept>
    <rtept lat="28.55948" lon="84.3943">
      <ele>2460.5516799999805</ele>
    </rtept>
    <rtept lat="28.55934" lon="84.39442">
      <ele>2450.334912000064</ele>
    </rtept>
    <rtept lat="28.55919" lon="84.39442">
      <ele>2443.807392000151</ele>
    </rtept>
    <rtept lat="28.55905" lon="84.3944">
      <ele>2438.315999999782</ele>
    </rtept>
    <rtept lat="28.55882" lon="84.39426">
      <ele>2436.395327999886</ele>
    </rtept>
    <rtept lat="28.55868" lon="84.39415">
      <ele>2437.389120000061</ele>
    </rtept>
    <rtept lat="28.5586" lon="84.39403">
      <ele>2437.7049599998763</ele>
    </rtept>
    <rtept lat="28.55851" lon="84.39388">
      <ele>2434.818943999924</ele>
    </rtept>
    <rtept lat="28.55837" lon="84.3937">
      <ele>2427.770720000076</ele>
    </rtept>
    <rtept lat="28.55826" lon="84.39341">
      <ele>2430.8534079999167</ele>
    </rtept>
    <rtept lat="28.55818" lon="84.39331">
      <ele>2431.636000000025</ele>
    </rtept>
    <rtept lat="28.55788" lon="84.39303">
      <ele>2431.8227200002466</ele>
    </rtept>
    <rtept lat="28.55768" lon="84.39278">
      <ele>2436.3072639999605</ele>
    </rtept>
    <rtept lat="28.5574" lon="84.39255">
      <ele>2428.14480000008</ele>
    </rtept>
    <rtept lat="28.55711" lon="84.39227">
      <ele>2421.6075360001864</ele>
    </rtept>
    <rtept lat="28.55696" lon="84.3921699">
      <ele>2420.5970563200462</ele>
    </rtept>
    <rtept lat="28.55682" lon="84.39199">
      <ele>2423.083359999726</ele>
    </rtept>
    <rtept lat="28.55673" lon="84.39191">
      <ele>2422.0304480001614</ele>
    </rtept>
    <rtept lat="28.55658" lon="84.39182">
      <ele>2417.779328000088</ele>
    </rtept>
    <rtept lat="28.55645" lon="84.39162">
      <ele>2418.214879999951</ele>
    </rtept>
    <rtept lat="28.55636" lon="84.39131">
      <ele>2426.2197119998373</ele>
    </rtept>
    <rtept lat="28.5563" lon="84.39119">
      <ele>2429.5910400002304</ele>
    </rtept>
    <rtept lat="28.55618" lon="84.39111">
      <ele>2427.2879360001934</ele>
    </rtept>
    <rtept lat="28.55605" lon="84.3911399">
      <ele>2420.13855439998</ele>
    </rtept>
    <rtept lat="28.55594" lon="84.39111">
      <ele>2415.4122880000587</ele>
    </rtept>
    <rtept lat="28.55569" lon="84.39097">
      <ele>2405.8322560000283</ele>
    </rtept>
    <rtept lat="28.55539" lon="84.39076">
      <ele>2401.999807999951</ele>
    </rtept>
    <rtept lat="28.55532" lon="84.39069">
      <ele>2401.2397759996657</ele>
    </rtept>
    <rtept lat="28.55517" lon="84.39066">
      <ele>2394.954112000099</ele>
    </rtept>
    <rtept lat="28.55492" lon="84.39042">
      <ele>2395.442367999533</ele>
    </rtept>
    <rtept lat="28.55476" lon="84.3901999">
      <ele>2397.032733760178</ele>
    </rtept>
    <rtept lat="28.55458" lon="84.39005">
      <ele>2393.783839999969</ele>
    </rtept>
    <rtept lat="28.55435" lon="84.38978">
      <ele>2389.3963199999434</ele>
    </rtept>
    <rtept lat="28.55416" lon="84.38949">
      <ele>2385.287488000112</ele>
    </rtept>
    <rtept lat="28.55403" lon="84.3893499">
      <ele>2382.060862880095</ele>
    </rtept>
    <rtept lat="28.55394" lon="84.38932">
      <ele>2377.3224320001345</ele>
    </rtept>
    <rtept lat="28.55387" lon="84.38923">
      <ele>2376.8800000000856</ele>
    </rtept>
    <rtept lat="28.55366" lon="84.38909">
      <ele>2376.82115200025</ele>
    </rtept>
    <rtept lat="28.55354" lon="84.38895">
      <ele>2380.0529600003633</ele>
    </rtept>
    <rtept lat="28.55349" lon="84.3888599">
      <ele>2381.961236160003</ele>
    </rtept>
    <rtept lat="28.5534" lon="84.38883">
      <ele>2378.9035200000235</ele>
    </rtept>
    <rtept lat="28.55319" lon="84.38862">
      <ele>2375.1629759999573</ele>
    </rtept>
    <rtept lat="28.55313" lon="84.38854">
      <ele>2376.9959999996745</ele>
    </rtept>
    <rtept lat="28.55312" lon="84.3884">
      <ele>2383.727999999779</ele>
    </rtept>
    <rtept lat="28.55309" lon="84.3883199">
      <ele>2386.8290198400823</ele>
    </rtept>
    <rtept lat="28.55304" lon="84.38827">
      <ele>2387.046463999665</ele>
    </rtept>
    <rtept lat="28.55269" lon="84.3881">
      <ele>2368.595680000103</ele>
    </rtept>
    <rtept lat="28.55261" lon="84.38805">
      <ele>2364.8122399994886</ele>
    </rtept>
    <rtept lat="28.55226" lon="84.38776">
      <ele>2364.914816000027</ele>
    </rtept>
    <rtept lat="28.55217" lon="84.38763">
      <ele>2365.4760159999364</ele>
    </rtept>
    <rtept lat="28.552" lon="84.38748">
      <ele>2361.496000000195</ele>
    </rtept>
    <rtept lat="28.55188" lon="84.38743">
      <ele>2356.9024640003922</ele>
    </rtept>
    <rtept lat="28.55157" lon="84.38725">
      <ele>2352.893600000381</ele>
    </rtept>
    <rtept lat="28.55126" lon="84.38713">
      <ele>2351.563520000044</ele>
    </rtept>
    <rtept lat="28.55116" lon="84.38711">
      <ele>2351.5750399996996</ele>
    </rtept>
    <rtept lat="28.55092" lon="84.387">
      <ele>2346.881600000045</ele>
    </rtept>
    <rtept lat="28.5507" lon="84.38683">
      <ele>2344.4827199998217</ele>
    </rtept>
    <rtept lat="28.55054" lon="84.38666">
      <ele>2343.541312000009</ele>
    </rtept>
    <rtept lat="28.5505" lon="84.38645">
      <ele>2343.4480000000035</ele>
    </rtept>
    <rtept lat="28.55046" lon="84.38639">
      <ele>2342.2107520000145</ele>
    </rtept>
    <rtept lat="28.55042" lon="84.38629">
      <ele>2341.7085439999328</ele>
    </rtept>
    <rtept lat="28.55033" lon="84.38623">
      <ele>2338.4270719999718</ele>
    </rtept>
    <rtept lat="28.5503" lon="84.38618">
      <ele>2337.5043200000305</ele>
    </rtept>
    <rtept lat="28.55024" lon="84.38603">
      <ele>2338.9854399996807</ele>
    </rtept>
    <rtept lat="28.55011" lon="84.38594">
      <ele>2335.307679999807</ele>
    </rtept>
    <rtept lat="28.54997" lon="84.38587">
      <ele>2329.342768000009</ele>
    </rtept>
    <rtept lat="28.5499" lon="84.3858">
      <ele>2328.32799999992</ele>
    </rtept>
    <rtept lat="28.54982" lon="84.38578">
      <ele>2324.563840000118</ele>
    </rtept>
    <rtept lat="28.5496" lon="84.38564">
      <ele>2316.4675200001393</ele>
    </rtept>
    <rtept lat="28.54952" lon="84.38556">
      <ele>2314.207296000072</ele>
    </rtept>
    <rtept lat="28.54941" lon="84.3853199">
      <ele>2309.7667868801022</ele>
    </rtept>
    <rtept lat="28.5494" lon="84.38524">
      <ele>2309.0329599998922</ele>
    </rtept>
    <rtept lat="28.5494" lon="84.38499">
      <ele>2308.8111999998177</ele>
    </rtept>
    <rtept lat="28.54945" lon="84.38487">
      <ele>2317.0906399997853</ele>
    </rtept>
    <rtept lat="28.54943" lon="84.38478">
      <ele>2318.5700799998685</ele>
    </rtept>
    <rtept lat="28.54937" lon="84.3847">
      <ele>2315.333920000092</ele>
    </rtept>
    <rtept lat="28.5493" lon="84.38463">
      <ele>2309.7395199998473</ele>
    </rtept>
    <rtept lat="28.54918" lon="84.38446">
      <ele>2298.5011839999415</ele>
    </rtept>
    <rtept lat="28.54906" lon="84.38413">
      <ele>2306.1147520000773</ele>
    </rtept>
    <rtept lat="28.54895" lon="84.38403">
      <ele>2303.9910400002445</ele>
    </rtept>
    <rtept lat="28.54891" lon="84.38393">
      <ele>2306.1809919996963</ele>
    </rtept>
    <rtept lat="28.54882" lon="84.38385">
      <ele>2304.932320000077</ele>
    </rtept>
    <rtept lat="28.54857" lon="84.38379">
      <ele>2297.3081279998573</ele>
    </rtept>
    <rtept lat="28.54824" lon="84.38376">
      <ele>2285.1006720002424</ele>
    </rtept>
    <rtept lat="28.54797" lon="84.38355">
      <ele>2277.0567199999687</ele>
    </rtept>
    <rtept lat="28.54784" lon="84.3834">
      <ele>2270.6307200000824</ele>
    </rtept>
    <rtept lat="28.54781" lon="84.3834">
      <ele>2268.7644799999234</ele>
    </rtept>
    <rtept lat="28.54778" lon="84.38347">
      <ele>2266.640191999961</ele>
    </rtept>
    <rtept lat="28.54783" lon="84.38354">
      <ele>2269.2203840000866</ele>
    </rtept>
    <rtept lat="28.54786" lon="84.38374">
      <ele>2268.413247999952</ele>
    </rtept>
    <rtept lat="28.54791" lon="84.38383">
      <ele>2268.563295999985</ele>
    </rtept>
    <rtept lat="28.54798" lon="84.3839">
      <ele>2269.1321599999665</ele>
    </rtept>
    <rtept lat="28.54801" lon="84.38397">
      <ele>2269.8952160000285</ele>
    </rtept>
    <rtept lat="28.54798" lon="84.38402">
      <ele>2269.522688000008</ele>
    </rtept>
    <rtept lat="28.54783" lon="84.38407">
      <ele>2268.3699679999113</ele>
    </rtept>
    <rtept lat="28.54767" lon="84.38395">
      <ele>2265.661439999964</ele>
    </rtept>
    <rtept lat="28.54759" lon="84.38378">
      <ele>2263.194048000008</ele>
    </rtept>
    <rtept lat="28.54749" lon="84.38363">
      <ele>2260.2408959999493</ele>
    </rtept>
    <rtept lat="28.54736" lon="84.38347">
      <ele>2260.511999999985</ele>
    </rtept>
    <rtept lat="28.54726" lon="84.38338">
      <ele>2260.799999999987</ele>
    </rtept>
    <rtept lat="28.54723" lon="84.3833">
      <ele>2261.0380799999934</ele>
    </rtept>
    <rtept lat="28.54721" lon="84.38319">
      <ele>2260.933295999999</ele>
    </rtept>
    <rtept lat="28.54723" lon="84.38307">
      <ele>2261.107631999985</ele>
    </rtept>
    <rtept lat="28.54718" lon="84.38274">
      <ele>2259.6966400000288</ele>
    </rtept>
    <rtept lat="28.54713" lon="84.38262">
      <ele>2259.433119999967</ele>
    </rtept>
    <rtept lat="28.54707" lon="84.38253">
      <ele>2258.039920000044</ele>
    </rtept>
    <rtept lat="28.54689" lon="84.38236">
      <ele>2256.5332159998943</ele>
    </rtept>
    <rtept lat="28.54684" lon="84.38236">
      <ele>2256.082495999883</ele>
    </rtept>
    <rtept lat="28.5468" lon="84.38231">
      <ele>2256.708319999933</ele>
    </rtept>
    <rtept lat="28.54673" lon="84.38227">
      <ele>2256.784783999899</ele>
    </rtept>
    <rtept lat="28.54657" lon="84.38235">
      <ele>2255.1036799999483</ele>
    </rtept>
    <rtept lat="28.5465" lon="84.38229">
      <ele>2256.9944000000514</ele>
    </rtept>
    <rtept lat="28.54626" lon="84.38218">
      <ele>2262.209471999723</ele>
    </rtept>
    <rtept lat="28.54611" lon="84.38208">
      <ele>2267.1615679998936</ele>
    </rtept>
    <rtept lat="28.54599" lon="84.3819199">
      <ele>2271.7374399999985</ele>
    </rtept>
    <rtept lat="28.54583" lon="84.38178">
      <ele>2270.2551039998657</ele>
    </rtept>
    <rtept lat="28.54564" lon="84.38155">
      <ele>2267.963679999876</ele>
    </rtept>
    <rtept lat="28.54544" lon="84.38148">
      <ele>2264.1435520000587</ele>
    </rtept>
    <rtept lat="28.54531" lon="84.38151">
      <ele>2261.0145759998895</ele>
    </rtept>
    <rtept lat="28.5452" lon="84.38134">
      <ele>2262.8374400001276</ele>
    </rtept>
    <rtept lat="28.5451" lon="84.38126">
      <ele>2262.630080000069</ele>
    </rtept>
    <rtept lat="28.5449" lon="84.38132">
      <ele>2258.3734399999466</ele>
    </rtept>
  </rte>
  <rte>
    <name>Manaslu Trek - Day 12</name>
    <rtept lat="28.54475" lon="84.38118">
      <ele>2257.0544000000054</ele>
    </rtept>
    <rtept lat="28.54457" lon="84.38105">
      <ele>2254.9160000000156</ele>
    </rtept>
    <rtept lat="28.54444" lon="84.38104">
      <ele>2253.467903999998</ele>
    </rtept>
    <rtept lat="28.54441" lon="84.3809799">
      <ele>2252.8727073599944</ele>
    </rtept>
    <rtept lat="28.54442" lon="84.38086">
      <ele>2252.02444799998</ele>
    </rtept>
    <rtept lat="28.54438" lon="84.38082">
      <ele>2251.395456000002</ele>
    </rtept>
    <rtept lat="28.54406" lon="84.38092">
      <ele>2252.4720000000098</ele>
    </rtept>
    <rtept lat="28.54403" lon="84.38092">
      <ele>2252.904000000045</ele>
    </rtept>
    <rtept lat="28.544" lon="84.38087">
      <ele>2252.7960000000103</ele>
    </rtept>
    <rtept lat="28.54386" lon="84.3809">
      <ele>2255.502080000005</ele>
    </rtept>
    <rtept lat="28.5438" lon="84.38065">
      <ele>2253.0488000000287</ele>
    </rtept>
    <rtept lat="28.54369" lon="84.38039">
      <ele>2249.2368480001446</ele>
    </rtept>
    <rtept lat="28.54344" lon="84.37993">
      <ele>2253.035999999955</ele>
    </rtept>
    <rtept lat="28.54316" lon="84.3794999">
      <ele>2263.5466614399916</ele>
    </rtept>
    <rtept lat="28.54318" lon="84.37916">
      <ele>2262.399999999994</ele>
    </rtept>
    <rtept lat="28.54316" lon="84.3790999">
      <ele>2262.0381999999877</ele>
    </rtept>
    <rtept lat="28.54308" lon="84.3790099">
      <ele>2263.2982000000034</ele>
    </rtept>
    <rtept lat="28.54306" lon="84.37902">
      <ele>2264.1999999999275</ele>
    </rtept>
    <rtept lat="28.54296" lon="84.37898">
      <ele>2267.4295039999497</ele>
    </rtept>
    <rtept lat="28.54288" lon="84.37898">
      <ele>2270.6021119999746</ele>
    </rtept>
    <rtept lat="28.5428" lon="84.37893">
      <ele>2273.371519999986</ele>
    </rtept>
    <rtept lat="28.54272" lon="84.37885">
      <ele>2275.5022400000344</ele>
    </rtept>
    <rtept lat="28.54265" lon="84.37868">
      <ele>2273.903840000171</ele>
    </rtept>
    <rtept lat="28.54259" lon="84.37839">
      <ele>2269.8481919998694</ele>
    </rtept>
    <rtept lat="28.54246" lon="84.37817">
      <ele>2273.3506560000246</ele>
    </rtept>
    <rtept lat="28.54248" lon="84.37797">
      <ele>2270.131647999993</ele>
    </rtept>
    <rtept lat="28.54237" lon="84.37783">
      <ele>2272.76396800009</ele>
    </rtept>
    <rtept lat="28.54212" lon="84.37767">
      <ele>2277.535647999831</ele>
    </rtept>
    <rtept lat="28.54203" lon="84.37748">
      <ele>2274.0520000002107</ele>
    </rtept>
    <rtept lat="28.54168" lon="84.3771">
      <ele>2278.1011200000025</ele>
    </rtept>
    <rtept lat="28.54167" lon="84.37693">
      <ele>2275.261872000068</ele>
    </rtept>
    <rtept lat="28.54159" lon="84.3768">
      <ele>2271.6379200001384</ele>
    </rtept>
    <rtept lat="28.54147" lon="84.37671">
      <ele>2269.281792000133</ele>
    </rtept>
    <rtept lat="28.54127" lon="84.3766799">
      <ele>2269.9782100799484</ele>
    </rtept>
    <rtept lat="28.54095" lon="84.37656">
      <ele>2273.512320000019</ele>
    </rtept>
    <rtept lat="28.5409" lon="84.3764999">
      <ele>2274.6954815999743</ele>
    </rtept>
    <rtept lat="28.54065" lon="84.37607">
      <ele>2270.8949599999405</ele>
    </rtept>
    <rtept lat="28.54046" lon="84.37588">
      <ele>2264.9750399997424</ele>
    </rtept>
    <rtept lat="28.54027" lon="84.37571">
      <ele>2260.2841119998866</ele>
    </rtept>
    <rtept lat="28.54018" lon="84.37566">
      <ele>2256.3671679997524</ele>
    </rtept>
    <rtept lat="28.53995" lon="84.37559">
      <ele>2248.786720000195</ele>
    </rtept>
    <rtept lat="28.53988" lon="84.37561">
      <ele>2251.525311999571</ele>
    </rtept>
    <rtept lat="28.53974" lon="84.37572">
      <ele>2261.6715520001007</ele>
    </rtept>
    <rtept lat="28.53966" lon="84.37572">
      <ele>2266.9919999999724</ele>
    </rtept>
    <rtept lat="28.53957" lon="84.37563">
      <ele>2267.963999999974</ele>
    </rtept>
    <rtept lat="28.53948" lon="84.37548">
      <ele>2264.8597119996475</ele>
    </rtept>
    <rtept lat="28.53943" lon="84.37529">
      <ele>2254.8817280005383</ele>
    </rtept>
    <rtept lat="28.53943" lon="84.37509">
      <ele>2247.0522400000395</ele>
    </rtept>
    <rtept lat="28.53936" lon="84.37483">
      <ele>2240.1519040001886</ele>
    </rtept>
    <rtept lat="28.53922" lon="84.37452">
      <ele>2230.915776000201</ele>
    </rtept>
    <rtept lat="28.53917" lon="84.37435">
      <ele>2224.435760000382</ele>
    </rtept>
    <rtept lat="28.53906" lon="84.37414">
      <ele>2220.0542719998107</ele>
    </rtept>
    <rtept lat="28.53883" lon="84.37387">
      <ele>2209.698415999755</ele>
    </rtept>
    <rtept lat="28.53853" lon="84.37366">
      <ele>2207.5824319999883</ele>
    </rtept>
    <rtept lat="28.53844" lon="84.37347">
      <ele>2202.599071999825</ele>
    </rtept>
    <rtept lat="28.53812" lon="84.37313">
      <ele>2204.2003520002104</ele>
    </rtept>
    <rtept lat="28.538" lon="84.37299">
      <ele>2204.7632000000813</ele>
    </rtept>
    <rtept lat="28.53793" lon="84.3729199">
      <ele>2206.049232320018</ele>
    </rtept>
    <rtept lat="28.53786" lon="84.37289">
      <ele>2210.3815040000345</ele>
    </rtept>
    <rtept lat="28.53778" lon="84.37279">
      <ele>2212.4021119995987</ele>
    </rtept>
    <rtept lat="28.53775" lon="84.37267">
      <ele>2210.0992000000533</ele>
    </rtept>
    <rtept lat="28.53774" lon="84.37253">
      <ele>2204.996127999939</ele>
    </rtept>
    <rtept lat="28.53757" lon="84.37228">
      <ele>2208.8320000002004</ele>
    </rtept>
    <rtept lat="28.53742" lon="84.37193">
      <ele>2211.269024000246</ele>
    </rtept>
    <rtept lat="28.53731" lon="84.37164">
      <ele>2204.699359999785</ele>
    </rtept>
    <rtept lat="28.53725" lon="84.37139">
      <ele>2182.424000000568</ele>
    </rtept>
    <rtept lat="28.53714" lon="84.3710399">
      <ele>2177.5070697598712</ele>
    </rtept>
    <rtept lat="28.53704" lon="84.37092">
      <ele>2182.4906879997516</ele>
    </rtept>
    <rtept lat="28.53685" lon="84.37062">
      <ele>2178.6873600000877</ele>
    </rtept>
    <rtept lat="28.53653" lon="84.37047">
      <ele>2189.794895999897</ele>
    </rtept>
    <rtept lat="28.53626" lon="84.37017">
      <ele>2189.4361920001293</ele>
    </rtept>
    <rtept lat="28.53609" lon="84.37008">
      <ele>2193.809215999965</ele>
    </rtept>
    <rtept lat="28.53599" lon="84.36999">
      <ele>2195.4467840000025</ele>
    </rtept>
    <rtept lat="28.5358" lon="84.36967">
      <ele>2184.787039999994</ele>
    </rtept>
    <rtept lat="28.53557" lon="84.36919">
      <ele>2168.216736000158</ele>
    </rtept>
    <rtept lat="28.53559" lon="84.36915">
      <ele>2165.127360000273</ele>
    </rtept>
    <rtept lat="28.53562" lon="84.36915">
      <ele>2163.2524800001347</ele>
    </rtept>
    <rtept lat="28.53567" lon="84.36921">
      <ele>2163.152543999792</ele>
    </rtept>
    <rtept lat="28.53583" lon="84.36945">
      <ele>2166.6178400000017</ele>
    </rtept>
    <rtept lat="28.53588" lon="84.3695">
      <ele>2167.510400000246</ele>
    </rtept>
    <rtept lat="28.53599" lon="84.36959">
      <ele>2167.644464000069</ele>
    </rtept>
    <rtept lat="28.53603" lon="84.36961">
      <ele>2166.6540319995606</ele>
    </rtept>
    <rtept lat="28.53606" lon="84.36958">
      <ele>2162.4657919999927</ele>
    </rtept>
    <rtept lat="28.53606" lon="84.36955">
      <ele>2160.1779200003502</ele>
    </rtept>
    <rtept lat="28.53601" lon="84.36945">
      <ele>2155.6152799999772</ele>
    </rtept>
    <rtept lat="28.53597" lon="84.36941">
      <ele>2155.4099520001996</ele>
    </rtept>
    <rtept lat="28.53567" lon="84.3687999">
      <ele>2140.569148319968</ele>
    </rtept>
    <rtept lat="28.53567" lon="84.36867">
      <ele>2131.8766559996616</ele>
    </rtept>
    <rtept lat="28.53565" lon="84.36859">
      <ele>2128.407359999837</ele>
    </rtept>
    <rtept lat="28.53556" lon="84.36841">
      <ele>2125.110335999823</ele>
    </rtept>
    <rtept lat="28.53542" lon="84.36826">
      <ele>2125.6741760005</ele>
    </rtept>
    <rtept lat="28.53538" lon="84.3682">
      <ele>2124.1644800001095</ele>
    </rtept>
    <rtept lat="28.53524" lon="84.3681299">
      <ele>2126.76004095987</ele>
    </rtept>
    <rtept lat="28.5352" lon="84.36815">
      <ele>2130.524800000016</ele>
    </rtept>
    <rtept lat="28.53514" lon="84.36814">
      <ele>2133.1692159998547</ele>
    </rtept>
    <rtept lat="28.53506" lon="84.36808">
      <ele>2133.323008000368</ele>
    </rtept>
    <rtept lat="28.53483" lon="84.36784">
      <ele>2135.2280320001178</ele>
    </rtept>
    <rtept lat="28.53478" lon="84.36781">
      <ele>2139.001408000146</ele>
    </rtept>
    <rtept lat="28.53472" lon="84.36778">
      <ele>2144.224383999833</ele>
    </rtept>
    <rtept lat="28.53464" lon="84.36772">
      <ele>2144.59097600043</ele>
    </rtept>
    <rtept lat="28.53459" lon="84.36765">
      <ele>2143.028719999735</ele>
    </rtept>
    <rtept lat="28.53455" lon="84.36759">
      <ele>2141.981840000488</ele>
    </rtept>
    <rtept lat="28.53454" lon="84.36752">
      <ele>2138.341375999954</ele>
    </rtept>
    <rtept lat="28.53456" lon="84.36747">
      <ele>2133.622783999916</ele>
    </rtept>
    <rtept lat="28.53452" lon="84.36735">
      <ele>2129.4646400000715</ele>
    </rtept>
    <rtept lat="28.53437" lon="84.36718">
      <ele>2129.9170560003354</ele>
    </rtept>
    <rtept lat="28.53433" lon="84.36716">
      <ele>2131.51084799986</ele>
    </rtept>
    <rtept lat="28.53427" lon="84.36708">
      <ele>2130.5938560001323</ele>
    </rtept>
    <rtept lat="28.53426" lon="84.367">
      <ele>2126.1552000002966</ele>
    </rtept>
    <rtept lat="28.5342" lon="84.36682">
      <ele>2116.1523200004017</ele>
    </rtept>
    <rtept lat="28.53414" lon="84.36671">
      <ele>2110.0790719997653</ele>
    </rtept>
    <rtept lat="28.53386" lon="84.3664299">
      <ele>2112.164738239946</ele>
    </rtept>
    <rtept lat="28.53376" lon="84.36622">
      <ele>2108.711551999856</ele>
    </rtept>
    <rtept lat="28.53366" lon="84.36613">
      <ele>2110.11612799983</ele>
    </rtept>
    <rtept lat="28.53355" lon="84.366">
      <ele>2107.571999999899</ele>
    </rtept>
    <rtept lat="28.53348" lon="84.36583">
      <ele>2100.9009600000913</ele>
    </rtept>
    <rtept lat="28.53339" lon="84.3657">
      <ele>2101.111200000087</ele>
    </rtept>
    <rtept lat="28.53331" lon="84.36568">
      <ele>2106.219263999929</ele>
    </rtept>
    <rtept lat="28.53322" lon="84.36569">
      <ele>2110.6789440000193</ele>
    </rtept>
    <rtept lat="28.53312" lon="84.36565">
      <ele>2114.118240000058</ele>
    </rtept>
    <rtept lat="28.53304" lon="84.36547">
      <ele>2110.4440000000995</ele>
    </rtept>
    <rtept lat="28.53295" lon="84.36534">
      <ele>2106.9520000001676</ele>
    </rtept>
    <rtept lat="28.53279" lon="84.36532">
      <ele>2110.6239999998998</ele>
    </rtept>
    <rtept lat="28.53248" lon="84.36523">
      <ele>2111.749695999724</ele>
    </rtept>
    <rtept lat="28.53228" lon="84.36499">
      <ele>2097.36553600067</ele>
    </rtept>
    <rtept lat="28.53228" lon="84.3648">
      <ele>2075.734720000275</ele>
    </rtept>
    <rtept lat="28.53223" lon="84.36466">
      <ele>2065.0874560001344</ele>
    </rtept>
    <rtept lat="28.53219" lon="84.36461">
      <ele>2064.958271999932</ele>
    </rtept>
    <rtept lat="28.5321" lon="84.36459">
      <ele>2071.9411200005343</ele>
    </rtept>
    <rtept lat="28.5318" lon="84.36459">
      <ele>2090.1430400005042</ele>
    </rtept>
    <rtept lat="28.53171" lon="84.36455">
      <ele>2089.470559999563</ele>
    </rtept>
    <rtept lat="28.53159" lon="84.36438">
      <ele>2078.6840959997467</ele>
    </rtept>
    <rtept lat="28.53153" lon="84.36433">
      <ele>2075.608111999641</ele>
    </rtept>
    <rtept lat="28.53145" lon="84.3642799">
      <ele>2073.101842399982</ele>
    </rtept>
    <rtept lat="28.53119" lon="84.36424">
      <ele>2071.8069759996724</ele>
    </rtept>
    <rtept lat="28.53083" lon="84.36395">
      <ele>2049.767840000125</ele>
    </rtept>
    <rtept lat="28.53073" lon="84.36391">
      <ele>2050.857632000415</ele>
    </rtept>
    <rtept lat="28.5306" lon="84.36389">
      <ele>2054.3441599998077</ele>
    </rtept>
    <rtept lat="28.53057" lon="84.36384">
      <ele>2051.1012159996308</ele>
    </rtept>
    <rtept lat="28.53051" lon="84.36388">
      <ele>2057.3372479995423</ele>
    </rtept>
    <rtept lat="28.53045" lon="84.36387">
      <ele>2059.265840000583</ele>
    </rtept>
    <rtept lat="28.53037" lon="84.3638">
      <ele>2056.897759999732</ele>
    </rtept>
    <rtept lat="28.53025" lon="84.36366">
      <ele>2050.376799999691</ele>
    </rtept>
    <rtept lat="28.53019" lon="84.36357">
      <ele>2044.9707679995931</ele>
    </rtept>
    <rtept lat="28.53009" lon="84.36353">
      <ele>2045.6253919997164</ele>
    </rtept>
    <rtept lat="28.5299" lon="84.36351">
      <ele>2055.5811200002954</ele>
    </rtept>
    <rtept lat="28.52981" lon="84.36346">
      <ele>2058.9682880001615</ele>
    </rtept>
    <rtept lat="28.52974" lon="84.36339">
      <ele>2059.58316799964</ele>
    </rtept>
    <rtept lat="28.52973" lon="84.3633399">
      <ele>2056.802785759919</ele>
    </rtept>
    <rtept lat="28.52975" lon="84.36331">
      <ele>2052.390799999857</ele>
    </rtept>
    <rtept lat="28.52981" lon="84.36331">
      <ele>2047.3338079997611</ele>
    </rtept>
    <rtept lat="28.53018" lon="84.3634299">
      <ele>2033.4449907199282</ele>
    </rtept>
    <rtept lat="28.53023" lon="84.36341">
      <ele>2029.6405280001723</ele>
    </rtept>
    <rtept lat="28.53025" lon="84.36337">
      <ele>2025.354800000337</ele>
    </rtept>
    <rtept lat="28.53023" lon="84.36331">
      <ele>2021.523103999918</ele>
    </rtept>
    <rtept lat="28.5301" lon="84.36324">
      <ele>2022.2019200002867</ele>
    </rtept>
    <rtept lat="28.52983" lon="84.36322">
      <ele>2037.7801279998166</ele>
    </rtept>
    <rtept lat="28.52962" lon="84.36312">
      <ele>2046.226495999416</ele>
    </rtept>
    <rtept lat="28.52948" lon="84.36291">
      <ele>2039.5008639999746</ele>
    </rtept>
    <rtept lat="28.52926" lon="84.36263">
      <ele>2032.0195199995062</ele>
    </rtept>
    <rtept lat="28.52908" lon="84.36247">
      <ele>2029.5139200001092</ele>
    </rtept>
    <rtept lat="28.52902" lon="84.36245">
      <ele>2033.4767999997935</ele>
    </rtept>
    <rtept lat="28.52885" lon="84.3623099">
      <ele>2043.7131016000687</ele>
    </rtept>
    <rtept lat="28.52872" lon="84.36225">
      <ele>2046.5488000002367</ele>
    </rtept>
    <rtept lat="28.52842" lon="84.36203">
      <ele>2060.2406720000126</ele>
    </rtept>
    <rtept lat="28.52834" lon="84.36193">
      <ele>2066.462016000053</ele>
    </rtept>
    <rtept lat="28.52833" lon="84.36177">
      <ele>2058.394320000354</ele>
    </rtept>
    <rtept lat="28.52837" lon="84.36177">
      <ele>2053.4608320005686</ele>
    </rtept>
    <rtept lat="28.52844" lon="84.36184">
      <ele>2049.692928000078</ele>
    </rtept>
    <rtept lat="28.52845" lon="84.36178">
      <ele>2044.3588799997951</ele>
    </rtept>
    <rtept lat="28.52839" lon="84.36168">
      <ele>2045.298336000214</ele>
    </rtept>
    <rtept lat="28.52839" lon="84.3614599">
      <ele>2024.9467905597544</ele>
    </rtept>
    <rtept lat="28.52835" lon="84.36132">
      <ele>2019.3899200004387</ele>
    </rtept>
    <rtept lat="28.52833" lon="84.36121">
      <ele>2014.826991999938</ele>
    </rtept>
    <rtept lat="28.52841" lon="84.36095">
      <ele>1990.5768000000683</ele>
    </rtept>
    <rtept lat="28.5284" lon="84.36084">
      <ele>1984.838399999672</ele>
    </rtept>
    <rtept lat="28.52821" lon="84.36067">
      <ele>1996.749935999766</ele>
    </rtept>
    <rtept lat="28.5282" lon="84.3603399">
      <ele>1974.4004560000958</ele>
    </rtept>
    <rtept lat="28.52804" lon="84.36">
      <ele>1975.5039999999524</ele>
    </rtept>
    <rtept lat="28.52799" lon="84.35985">
      <ele>1971.7909599998484</ele>
    </rtept>
    <rtept lat="28.52792" lon="84.35972">
      <ele>1971.6600959996576</ele>
    </rtept>
    <rtept lat="28.5278" lon="84.35957">
      <ele>1970.8358400003424</ele>
    </rtept>
    <rtept lat="28.52774" lon="84.35942">
      <ele>1966.336255999921</ele>
    </rtept>
    <rtept lat="28.52766" lon="84.35939">
      <ele>1969.5831680001802</ele>
    </rtept>
    <rtept lat="28.52763" lon="84.35933">
      <ele>1968.1705280000701</ele>
    </rtept>
    <rtept lat="28.52756" lon="84.35926">
      <ele>1967.5233920003125</ele>
    </rtept>
    <rtept lat="28.52742" lon="84.35896">
      <ele>1973.1048320000205</ele>
    </rtept>
    <rtept lat="28.5273" lon="84.35892">
      <ele>1981.8761599998875</ele>
    </rtept>
    <rtept lat="28.52821" lon="84.35815">
      <ele>1958.3367200001726</ele>
    </rtept>
    <rtept lat="28.52829" lon="84.35802">
      <ele>1965.5478080000107</ele>
    </rtept>
    <rtept lat="28.52814" lon="84.35778">
      <ele>1966.6545919998225</ele>
    </rtept>
    <rtept lat="28.52793" lon="84.35768">
      <ele>1961.0893760000295</ele>
    </rtept>
    <rtept lat="28.52788" lon="84.35763">
      <ele>1959.4866559999828</ele>
    </rtept>
    <rtept lat="28.52782" lon="84.35764">
      <ele>1956.820351999918</ele>
    </rtept>
    <rtept lat="28.52774" lon="84.3576">
      <ele>1953.1558400000781</ele>
    </rtept>
    <rtept lat="28.52769" lon="84.35755">
      <ele>1950.4875200000051</ele>
    </rtept>
    <rtept lat="28.52764" lon="84.35758">
      <ele>1948.1313920000744</ele>
    </rtept>
    <rtept lat="28.52767" lon="84.35729">
      <ele>1950.0599839999986</ele>
    </rtept>
    <rtept lat="28.52763" lon="84.3572">
      <ele>1948.5631999999473</ele>
    </rtept>
    <rtept lat="28.52754" lon="84.35721">
      <ele>1944.6276799998861</ele>
    </rtept>
    <rtept lat="28.52743" lon="84.35708">
      <ele>1938.4581439999347</ele>
    </rtept>
    <rtept lat="28.52723" lon="84.35693">
      <ele>1931.4181919999176</ele>
    </rtept>
    <rtept lat="28.52713" lon="84.35689">
      <ele>1929.400783999941</ele>
    </rtept>
    <rtept lat="28.52708" lon="84.35672">
      <ele>1929.110912000069</ele>
    </rtept>
    <rtept lat="28.52705" lon="84.35655">
      <ele>1932.8804000000275</ele>
    </rtept>
    <rtept lat="28.52699" lon="84.35644">
      <ele>1935.3181759997947</ele>
    </rtept>
    <rtept lat="28.52692" lon="84.35636">
      <ele>1935.0456960000565</ele>
    </rtept>
    <rtept lat="28.52671" lon="84.3562199">
      <ele>1925.2178083200713</ele>
    </rtept>
    <rtept lat="28.52659" lon="84.35606">
      <ele>1917.5403519999186</ele>
    </rtept>
    <rtept lat="28.5265" lon="84.35573">
      <ele>1908.3351999998702</ele>
    </rtept>
    <rtept lat="28.52646" lon="84.35552">
      <ele>1904.7858559999927</ele>
    </rtept>
    <rtept lat="28.52646" lon="84.3553">
      <ele>1903.1638399999983</ele>
    </rtept>
    <rtept lat="28.52648" lon="84.3549">
      <ele>1899.3225600000123</ele>
    </rtept>
    <rtept lat="28.52648" lon="84.35487">
      <ele>1898.81452800009</ele>
    </rtept>
    <rtept lat="28.52632" lon="84.35493">
      <ele>1898.3144959998558</ele>
    </rtept>
    <rtept lat="28.52615" lon="84.35489">
      <ele>1892.688559999978</ele>
    </rtept>
    <rtept lat="28.52598" lon="84.355">
      <ele>1891.1680000001036</ele>
    </rtept>
    <rtept lat="28.52579" lon="84.35502">
      <ele>1887.7344639998835</ele>
    </rtept>
    <rtept lat="28.5256" lon="84.3552">
      <ele>1890.6495999998735</ele>
    </rtept>
    <rtept lat="28.52549" lon="84.35532">
      <ele>1891.2998720000655</ele>
    </rtept>
    <rtept lat="28.52533" lon="84.35512">
      <ele>1882.10086399999</ele>
    </rtept>
    <rtept lat="28.52516" lon="84.35445">
      <ele>1874.728640000004</ele>
    </rtept>
    <rtept lat="28.52512" lon="84.35437">
      <ele>1877.1577919999027</ele>
    </rtept>
    <rtept lat="28.52501" lon="84.35433">
      <ele>1880.3413439997935</ele>
    </rtept>
    <rtept lat="28.52486" lon="84.35433">
      <ele>1879.4655359997685</ele>
    </rtept>
    <rtept lat="28.52468" lon="84.35428">
      <ele>1882.015935999811</ele>
    </rtept>
    <rtept lat="28.52462" lon="84.35418">
      <ele>1889.5373440000524</ele>
    </rtept>
    <rtept lat="28.52455" lon="84.35423">
      <ele>1886.8105599998992</ele>
    </rtept>
    <rtept lat="28.52433" lon="84.35436">
      <ele>1882.3815040000554</ele>
    </rtept>
    <rtept lat="28.52366" lon="84.35486">
      <ele>1882.718591999905</ele>
    </rtept>
    <rtept lat="28.52359" lon="84.35512">
      <ele>1878.217024000075</ele>
    </rtept>
    <rtept lat="28.52352" lon="84.35523">
      <ele>1878.6714879997971</ele>
    </rtept>
    <rtept lat="28.52295" lon="84.35559">
      <ele>1864.905759999761</ele>
    </rtept>
    <rtept lat="28.5229" lon="84.35569">
      <ele>1860.4979200001742</ele>
    </rtept>
    <rtept lat="28.52273" lon="84.35574">
      <ele>1855.9435840001033</ele>
    </rtept>
    <rtept lat="28.52261" lon="84.35588">
      <ele>1847.9320000000225</ele>
    </rtept>
    <rtept lat="28.52234" lon="84.35606">
      <ele>1841.3440000000105</ele>
    </rtept>
    <rtept lat="28.5219" lon="84.35625">
      <ele>1841.4599999999496</ele>
    </rtept>
    <rtept lat="28.52167" lon="84.35674">
      <ele>1837.5400000000159</ele>
    </rtept>
    <rtept lat="28.52148" lon="84.3570699">
      <ele>1835.4196400000046</ele>
    </rtept>
    <rtept lat="28.52124" lon="84.35726">
      <ele>1832.7271039999566</ele>
    </rtept>
    <rtept lat="28.52083" lon="84.3573399">
      <ele>1831.9625816000016</ele>
    </rtept>
    <rtept lat="28.52043" lon="84.35756">
      <ele>1829.7618880000514</ele>
    </rtept>
    <rtept lat="28.52021" lon="84.35773">
      <ele>1827.4337119998806</ele>
    </rtept>
    <rtept lat="28.52005" lon="84.35782">
      <ele>1823.814240000032</ele>
    </rtept>
    <rtept lat="28.51999" lon="84.35796">
      <ele>1822.1651519999773</ele>
    </rtept>
    <rtept lat="28.51973" lon="84.35818">
      <ele>1817.9600000000441</ele>
    </rtept>
    <rtept lat="28.51957" lon="84.35825">
      <ele>1818.6903999999965</ele>
    </rtept>
    <rtept lat="28.51911" lon="84.3584599">
      <ele>1817.6421927999925</ele>
    </rtept>
    <rtept lat="28.51887" lon="84.35849">
      <ele>1819.4054239999987</ele>
    </rtept>
    <rtept lat="28.51871" lon="84.35848">
      <ele>1818.3275839999876</ele>
    </rtept>
    <rtept lat="28.51859" lon="84.35851">
      <ele>1816.2226880001847</ele>
    </rtept>
    <rtept lat="28.51848" lon="84.35858">
      <ele>1813.3930879998977</ele>
    </rtept>
    <rtept lat="28.51836" lon="84.35861">
      <ele>1812.9230720000169</ele>
    </rtept>
    <rtept lat="28.5183" lon="84.35861">
      <ele>1812.8950400000167</ele>
    </rtept>
    <rtept lat="28.51823" lon="84.35858">
      <ele>1812.9926719999555</ele>
    </rtept>
    <rtept lat="28.51804" lon="84.35845">
      <ele>1813.1308799999579</ele>
    </rtept>
    <rtept lat="28.51793" lon="84.35843">
      <ele>1813.264224000026</ele>
    </rtept>
    <rtept lat="28.51775" lon="84.35843">
      <ele>1813.742000000056</ele>
    </rtept>
    <rtept lat="28.51729" lon="84.3583699">
      <ele>1823.4973188800207</ele>
    </rtept>
    <rtept lat="28.51715" lon="84.35844">
      <ele>1823.4156799999587</ele>
    </rtept>
    <rtept lat="28.51694" lon="84.3585">
      <ele>1824.702399999868</ele>
    </rtept>
    <rtept lat="28.51675" lon="84.35853">
      <ele>1828.9504000000345</ele>
    </rtept>
    <rtept lat="28.51655" lon="84.35852">
      <ele>1834.6422400000379</ele>
    </rtept>
    <rtept lat="28.51638" lon="84.35854">
      <ele>1839.8801919999928</ele>
    </rtept>
    <rtept lat="28.51623" lon="84.35861">
      <ele>1842.286287999995</ele>
    </rtept>
    <rtept lat="28.51617" lon="84.35894">
      <ele>1852.9878720004326</ele>
    </rtept>
    <rtept lat="28.51615" lon="84.35896">
      <ele>1855.8465599996339</ele>
    </rtept>
    <rtept lat="28.51602" lon="84.35892">
      <ele>1860.8252799997213</ele>
    </rtept>
    <rtept lat="28.51581" lon="84.35901">
      <ele>1880.1936159999752</ele>
    </rtept>
    <rtept lat="28.5157" lon="84.35902">
      <ele>1884.6390400000917</ele>
    </rtept>
    <rtept lat="28.51524" lon="84.35877">
      <ele>1871.3155840004556</ele>
    </rtept>
    <rtept lat="28.515" lon="84.35872">
      <ele>1867.840000000379</ele>
    </rtept>
    <rtept lat="28.51494" lon="84.35877">
      <ele>1871.408032000449</ele>
    </rtept>
    <rtept lat="28.51481" lon="84.35879">
      <ele>1872.3355359999548</ele>
    </rtept>
    <rtept lat="28.51468" lon="84.35872">
      <ele>1870.8794240002965</ele>
    </rtept>
    <rtept lat="28.51463" lon="84.35879">
      <ele>1876.4278879999338</ele>
    </rtept>
    <rtept lat="28.51462" lon="84.35872">
      <ele>1873.106816000256</ele>
    </rtept>
    <rtept lat="28.51455" lon="84.35865">
      <ele>1871.2147999998278</ele>
    </rtept>
    <rtept lat="28.51432" lon="84.35861">
      <ele>1884.8481599997967</ele>
    </rtept>
    <rtept lat="28.5142" lon="84.3586">
      <ele>1897.5359999998248</ele>
    </rtept>
    <rtept lat="28.51382" lon="84.35868">
      <ele>1902.9285120001566</ele>
    </rtept>
    <rtept lat="28.51355" lon="84.35865">
      <ele>1901.5491999999424</ele>
    </rtept>
    <rtept lat="28.51334" lon="84.35878">
      <ele>1909.7345919998913</ele>
    </rtept>
    <rtept lat="28.51301" lon="84.35875">
      <ele>1917.2139999999522</ele>
    </rtept>
    <rtept lat="28.51291" lon="84.35868">
      <ele>1921.0065280000126</ele>
    </rtept>
    <rtept lat="28.51283" lon="84.35858">
      <ele>1925.6031679999107</ele>
    </rtept>
    <rtept lat="28.51271" lon="84.35851">
      <ele>1933.0249760001445</ele>
    </rtept>
    <rtept lat="28.51255" lon="84.35833">
      <ele>1948.4324000004929</ele>
    </rtept>
    <rtept lat="28.51225" lon="84.35836">
      <ele>2011.0975999992418</ele>
    </rtept>
    <rtept lat="28.51188" lon="84.35834">
      <ele>2029.972159999851</ele>
    </rtept>
    <rtept lat="28.51161" lon="84.35838">
      <ele>2049.6354559998076</ele>
    </rtept>
    <rtept lat="28.51142" lon="84.3584599">
      <ele>2072.7962633598722</ele>
    </rtept>
    <rtept lat="28.51113" lon="84.35849">
      <ele>2102.0100959996635</ele>
    </rtept>
    <rtept lat="28.51076" lon="84.3587">
      <ele>2160.8022399998313</ele>
    </rtept>
    <rtept lat="28.51038" lon="84.35872">
      <ele>2200.6172799998394</ele>
    </rtept>
    <rtept lat="28.51029" lon="84.3587">
      <ele>2202.8824000000104</ele>
    </rtept>
    <rtept lat="28.50948" lon="84.35852">
      <ele>2178.6360320000026</ele>
    </rtept>
    <rtept lat="28.5094" lon="84.35856">
      <ele>2169.0169599999863</ele>
    </rtept>
    <rtept lat="28.5092" lon="84.35857">
      <ele>2148.216159999973</ele>
    </rtept>
    <rtept lat="28.50892" lon="84.35847">
      <ele>2126.8391680000386</ele>
    </rtept>
    <rtept lat="28.50858" lon="84.3586">
      <ele>2095.3273599997815</ele>
    </rtept>
    <rtept lat="28.50835" lon="84.35862">
      <ele>2060.770240000071</ele>
    </rtept>
    <rtept lat="28.50819" lon="84.3586">
      <ele>2042.820640000015</ele>
    </rtept>
    <rtept lat="28.50789" lon="84.35853">
      <ele>2010.0719999999174</ele>
    </rtept>
    <rtept lat="28.50791" lon="84.35863">
      <ele>2010.3297919999134</ele>
    </rtept>
    <rtept lat="28.50768" lon="84.35874">
      <ele>1987.6354560000773</ele>
    </rtept>
    <rtept lat="28.50753" lon="84.35878">
      <ele>1972.078272000146</ele>
    </rtept>
    <rtept lat="28.50744" lon="84.35871">
      <ele>1969.2244799998018</ele>
    </rtept>
    <rtept lat="28.50731" lon="84.35868">
      <ele>1961.3361599996736</ele>
    </rtept>
    <rtept lat="28.50722" lon="84.3586">
      <ele>1959.3177600005436</ele>
    </rtept>
    <rtept lat="28.50712" lon="84.35854">
      <ele>1964.2045439994495</ele>
    </rtept>
    <rtept lat="28.50687" lon="84.35866">
      <ele>1948.635839999962</ele>
    </rtept>
    <rtept lat="28.50661" lon="84.35885">
      <ele>1943.3793599998571</ele>
    </rtept>
    <rtept lat="28.50653" lon="84.35893">
      <ele>1941.6315999997694</ele>
    </rtept>
    <rtept lat="28.50634" lon="84.3590399">
      <ele>1943.770982719824</ele>
    </rtept>
    <rtept lat="28.50625" lon="84.35907">
      <ele>1957.945999999069</ele>
    </rtept>
    <rtept lat="28.5061" lon="84.35888">
      <ele>2043.0204800000863</ele>
    </rtept>
    <rtept lat="28.50603" lon="84.35899">
      <ele>2024.4805279984341</ele>
    </rtept>
    <rtept lat="28.50598" lon="84.35912">
      <ele>1991.7146239985252</ele>
    </rtept>
    <rtept lat="28.50564" lon="84.35953">
      <ele>1954.8992639992468</ele>
    </rtept>
    <rtept lat="28.50563" lon="84.35976">
      <ele>1928.0263040007133</ele>
    </rtept>
    <rtept lat="28.50543" lon="84.3601599">
      <ele>1911.9454243199539</ele>
    </rtept>
    <rtept lat="28.50528" lon="84.36055">
      <ele>1971.7814400007132</ele>
    </rtept>
    <rtept lat="28.50503" lon="84.36088">
      <ele>2036.7899839985037</ele>
    </rtept>
    <rtept lat="28.50468" lon="84.36115">
      <ele>2106.073759998672</ele>
    </rtept>
    <rtept lat="28.50437" lon="84.36123">
      <ele>2137.16400000195</ele>
    </rtept>
    <rtept lat="28.50407" lon="84.36144">
      <ele>2203.45612800063</ele>
    </rtept>
    <rtept lat="28.50375" lon="84.36162">
      <ele>2272.9400000007918</ele>
    </rtept>
    <rtept lat="28.50302" lon="84.36197">
      <ele>2409.744671999899</ele>
    </rtept>
    <rtept lat="28.50288" lon="84.36206">
      <ele>2455.755263999742</ele>
    </rtept>
    <rtept lat="28.5027" lon="84.36193">
      <ele>2448.5227200001555</ele>
    </rtept>
    <rtept lat="28.50256" lon="84.3618">
      <ele>2427.8601600013935</ele>
    </rtept>
    <rtept lat="28.50234" lon="84.36173">
      <ele>2464.7060159984558</ele>
    </rtept>
    <rtept lat="28.50208" lon="84.36183">
      <ele>2530.3738559996996</ele>
    </rtept>
    <rtept lat="28.50184" lon="84.36188">
      <ele>2563.9482239998083</ele>
    </rtept>
    <rtept lat="28.50178" lon="84.36187">
      <ele>2566.0033919995176</ele>
    </rtept>
    <rtept lat="28.50157" lon="84.36183">
      <ele>2573.1648479998107</ele>
    </rtept>
    <rtept lat="28.50125" lon="84.36189">
      <ele>2613.090000000435</ele>
    </rtept>
    <rtept lat="28.50101" lon="84.36174">
      <ele>2643.5001919998817</ele>
    </rtept>
    <rtept lat="28.50093" lon="84.36225">
      <ele>2620.730799999304</ele>
    </rtept>
    <rtept lat="28.50057" lon="84.36271">
      <ele>2505.8618079977755</ele>
    </rtept>
    <rtept lat="28.49987" lon="84.36295">
      <ele>2219.7759200011155</ele>
    </rtept>
    <rtept lat="28.49957" lon="84.36321">
      <ele>2128.013248000235</ele>
    </rtept>
    <rtept lat="28.49836" lon="84.3634">
      <ele>2120.7785600001184</ele>
    </rtept>
    <rtept lat="28.49814" lon="84.36304">
      <ele>2173.2679040003645</ele>
    </rtept>
    <rtept lat="28.49794" lon="84.36305">
      <ele>2171.855199999759</ele>
    </rtept>
    <rtept lat="28.4975" lon="84.36319">
      <ele>2145.3199999997128</ele>
    </rtept>
    <rtept lat="28.49712" lon="84.36333">
      <ele>2110.543583999523</ele>
    </rtept>
    <rtept lat="28.49652" lon="84.3633">
      <ele>2028.2153600007111</ele>
    </rtept>
    <rtept lat="28.4959" lon="84.36341">
      <ele>2035.2761600000738</ele>
    </rtept>
    <rtept lat="28.49558" lon="84.36355">
      <ele>2061.07039999985</ele>
    </rtept>
    <rtept lat="28.49493" lon="84.36406">
      <ele>2119.016767999391</ele>
    </rtept>
    <rtept lat="28.49471" lon="84.36442">
      <ele>2178.725503999506</ele>
    </rtept>
    <rtept lat="28.49419" lon="84.36466">
      <ele>2274.0415040000858</ele>
    </rtept>
    <rtept lat="28.49381" lon="84.36465">
      <ele>2322.235199999894</ele>
    </rtept>
    <rtept lat="28.49368" lon="84.36478">
      <ele>2342.2198399999343</ele>
    </rtept>
    <rtept lat="28.49327" lon="84.36479">
      <ele>2383.4472640000836</ele>
    </rtept>
    <rtept lat="28.49325" lon="84.36507">
      <ele>2393.6632000000927</ele>
    </rtept>
    <rtept lat="28.49313" lon="84.3651299">
      <ele>2406.4302601599215</ele>
    </rtept>
    <rtept lat="28.49252" lon="84.36512">
      <ele>2481.320064000205</ele>
    </rtept>
    <rtept lat="28.49176" lon="84.36498">
      <ele>2466.994688000354</ele>
    </rtept>
    <rtept lat="28.49158" lon="84.36518">
      <ele>2494.0488319993797</ele>
    </rtept>
    <rtept lat="28.4914" lon="84.36527">
      <ele>2500.655839999566</ele>
    </rtept>
    <rtept lat="28.49136" lon="84.36529">
      <ele>2500.81372800008</ele>
    </rtept>
    <rtept lat="28.49122" lon="84.36528">
      <ele>2496.854591999886</ele>
    </rtept>
    <rtept lat="28.49099" lon="84.36536">
      <ele>2493.0475519998126</ele>
    </rtept>
    <rtept lat="28.49085" lon="84.36556">
      <ele>2492.0863999998887</ele>
    </rtept>
    <rtept lat="28.49062" lon="84.36562">
      <ele>2493.523711999777</ele>
    </rtept>
    <rtept lat="28.49048" lon="84.36582">
      <ele>2487.3886079999847</ele>
    </rtept>
    <rtept lat="28.4902" lon="84.36578">
      <ele>2491.474880000024</ele>
    </rtept>
    <rtept lat="28.48998" lon="84.36605">
      <ele>2448.309919999813</ele>
    </rtept>
    <rtept lat="28.48973" lon="84.36603">
      <ele>2467.4825120002283</ele>
    </rtept>
    <rtept lat="28.48965" lon="84.36627">
      <ele>2419.094319999924</ele>
    </rtept>
    <rtept lat="28.48941" lon="84.36629">
      <ele>2427.3382719988585</ele>
    </rtept>
    <rtept lat="28.48924" lon="84.3664299">
      <ele>2407.8664812800967</ele>
    </rtept>
    <rtept lat="28.48902" lon="84.36669">
      <ele>2364.082015998692</ele>
    </rtept>
    <rtept lat="28.48883" lon="84.36703">
      <ele>2321.286192000021</ele>
    </rtept>
    <rtept lat="28.48808" lon="84.36748">
      <ele>2380.1547519999167</ele>
    </rtept>
    <rtept lat="28.48795" lon="84.36759">
      <ele>2374.1433599987236</ele>
    </rtept>
    <rtept lat="28.48779" lon="84.36796">
      <ele>2337.6666880005673</ele>
    </rtept>
    <rtept lat="28.48771" lon="84.36811">
      <ele>2319.052175999864</ele>
    </rtept>
    <rtept lat="28.48756" lon="84.36817">
      <ele>2318.020991999438</ele>
    </rtept>
    <rtept lat="28.4875" lon="84.36816">
      <ele>2320.847999999672</ele>
    </rtept>
    <rtept lat="28.48727" lon="84.36838">
      <ele>2307.9607679999685</ele>
    </rtept>
    <rtept lat="28.48722" lon="84.36838">
      <ele>2309.7879679999037</ele>
    </rtept>
    <rtept lat="28.48715" lon="84.36844">
      <ele>2312.0484799998007</ele>
    </rtept>
    <rtept lat="28.48711" lon="84.36844">
      <ele>2314.3305919997038</ele>
    </rtept>
    <rtept lat="28.48701" lon="84.36853">
      <ele>2316.701263999665</ele>
    </rtept>
    <rtept lat="28.48684" lon="84.36879">
      <ele>2317.677855999748</ele>
    </rtept>
    <rtept lat="28.48682" lon="84.36887">
      <ele>2315.7024639998253</ele>
    </rtept>
    <rtept lat="28.48666" lon="84.36903">
      <ele>2322.004576000169</ele>
    </rtept>
    <rtept lat="28.48659" lon="84.36913">
      <ele>2319.5907040000584</ele>
    </rtept>
    <rtept lat="28.48651" lon="84.36913">
      <ele>2320.9166560000626</ele>
    </rtept>
    <rtept lat="28.48639" lon="84.36922">
      <ele>2320.4355520000395</ele>
    </rtept>
    <rtept lat="28.48622" lon="84.36922">
      <ele>2322.8960000000498</ele>
    </rtept>
    <rtept lat="28.48606" lon="84.36926">
      <ele>2323.8654720000973</ele>
    </rtept>
    <rtept lat="28.48602" lon="84.36929">
      <ele>2323.540895999836</ele>
    </rtept>
    <rtept lat="28.48602" lon="84.36935">
      <ele>2322.025440000073</ele>
    </rtept>
    <rtept lat="28.48589" lon="84.36947">
      <ele>2320.1550879994847</ele>
    </rtept>
    <rtept lat="28.48585" lon="84.36953">
      <ele>2316.98968000019</ele>
    </rtept>
    <rtept lat="28.4857" lon="84.3696499">
      <ele>2309.981833600045</ele>
    </rtept>
    <rtept lat="28.48555" lon="84.36975">
      <ele>2308.2940000000954</ele>
    </rtept>
    <rtept lat="28.48522" lon="84.3699">
      <ele>2304.1225599999216</ele>
    </rtept>
    <rtept lat="28.48508" lon="84.36999">
      <ele>2307.5707839999986</ele>
    </rtept>
    <rtept lat="28.4848" lon="84.3700999">
      <ele>2304.853028800007</ele>
    </rtept>
    <rtept lat="28.48455" lon="84.3703">
      <ele>2298.5951999999675</ele>
    </rtept>
    <rtept lat="28.48439" lon="84.37038">
      <ele>2295.2598720000474</ele>
    </rtept>
    <rtept lat="28.48422" lon="84.37062">
      <ele>2288.3679999998917</ele>
    </rtept>
    <rtept lat="28.48404" lon="84.37073">
      <ele>2282.7831040002234</ele>
    </rtept>
    <rtept lat="28.48378" lon="84.3709499">
      <ele>2266.9686400000423</ele>
    </rtept>
    <rtept lat="28.48362" lon="84.37106">
      <ele>2254.575999999976</ele>
    </rtept>
    <rtept lat="28.4832" lon="84.3712199">
      <ele>2208.236550400016</ele>
    </rtept>
    <rtept lat="28.48303" lon="84.37124">
      <ele>2198.7415679999544</ele>
    </rtept>
    <rtept lat="28.48243" lon="84.37156">
      <ele>2171.1906239997875</ele>
    </rtept>
    <rtept lat="28.48229" lon="84.37154">
      <ele>2175.7908480003052</ele>
    </rtept>
    <rtept lat="28.48215" lon="84.37163">
      <ele>2174.255760000195</ele>
    </rtept>
    <rtept lat="28.48199" lon="84.37165">
      <ele>2179.760879999905</ele>
    </rtept>
    <rtept lat="28.48178" lon="84.3717">
      <ele>2194.7103999995934</ele>
    </rtept>
    <rtept lat="28.48146" lon="84.37164">
      <ele>2255.8051840004014</ele>
    </rtept>
    <rtept lat="28.48134" lon="84.37164">
      <ele>2282.9882880001987</ele>
    </rtept>
    <rtept lat="28.48121" lon="84.3716">
      <ele>2317.687679999762</ele>
    </rtept>
    <rtept lat="28.48103" lon="84.37146">
      <ele>2356.0902719999344</ele>
    </rtept>
    <rtept lat="28.48081" lon="84.37143">
      <ele>2387.109407999807</ele>
    </rtept>
    <rtept lat="28.4808" lon="84.37136">
      <ele>2383.4771199995444</ele>
    </rtept>
    <rtept lat="28.48071" lon="84.37129">
      <ele>2385.3036160005245</ele>
    </rtept>
    <rtept lat="28.48057" lon="84.37109">
      <ele>2371.8556159994578</ele>
    </rtept>
    <rtept lat="28.4805" lon="84.37108">
      <ele>2380.1904000009085</ele>
    </rtept>
    <rtept lat="28.48044" lon="84.3710399">
      <ele>2382.549341759739</ele>
    </rtept>
    <rtept lat="28.48044" lon="84.37098">
      <ele>2373.711552000275</ele>
    </rtept>
    <rtept lat="28.48027" lon="84.37092">
      <ele>2379.1633599996294</ele>
    </rtept>
    <rtept lat="28.48017" lon="84.37092">
      <ele>2379.2065599996054</ele>
    </rtept>
    <rtept lat="28.48006" lon="84.37093">
      <ele>2381.5163200002944</ele>
    </rtept>
    <rtept lat="28.47985" lon="84.37099">
      <ele>2389.0828000014544</ele>
    </rtept>
    <rtept lat="28.47975" lon="84.3710399">
      <ele>2397.182979999852</ele>
    </rtept>
    <rtept lat="28.47959" lon="84.3712">
      <ele>2430.3648000002922</ele>
    </rtept>
    <rtept lat="28.47954" lon="84.37128">
      <ele>2446.73471999975</ele>
    </rtept>
    <rtept lat="28.47928" lon="84.3715">
      <ele>2490.9679999996324</ele>
    </rtept>
    <rtept lat="28.47919" lon="84.37159">
      <ele>2506.383919999648</ele>
    </rtept>
    <rtept lat="28.47905" lon="84.37168">
      <ele>2529.398719999737</ele>
    </rtept>
    <rtept lat="28.47865" lon="84.37177">
      <ele>2558.247279999723</ele>
    </rtept>
    <rtept lat="28.47849" lon="84.37185">
      <ele>2575.147039999157</ele>
    </rtept>
    <rtept lat="28.47836" lon="84.37199">
      <ele>2598.3199999998155</ele>
    </rtept>
    <rtept lat="28.47825" lon="84.37208">
      <ele>2608.116799999756</ele>
    </rtept>
    <rtept lat="28.47796" lon="84.37241">
      <ele>2640.5190720001156</ele>
    </rtept>
    <rtept lat="28.47779" lon="84.37254">
      <ele>2659.7776320001394</ele>
    </rtept>
    <rtept lat="28.47751" lon="84.37268">
      <ele>2717.6599680003005</ele>
    </rtept>
    <rtept lat="28.47724" lon="84.37289">
      <ele>2729.460864000085</ele>
    </rtept>
    <rtept lat="28.47713" lon="84.37295">
      <ele>2728.3058399999654</ele>
    </rtept>
    <rtept lat="28.477" lon="84.37306">
      <ele>2725.7424000000656</ele>
    </rtept>
    <rtept lat="28.47662" lon="84.37334">
      <ele>2718.3324160000584</ele>
    </rtept>
    <rtept lat="28.47646" lon="84.3734">
      <ele>2706.7772799999875</ele>
    </rtept>
    <rtept lat="28.4764" lon="84.37352">
      <ele>2704.8505600000617</ele>
    </rtept>
    <rtept lat="28.47634" lon="84.37355">
      <ele>2705.1569599998743</ele>
    </rtept>
    <rtept lat="28.47634" lon="84.3736">
      <ele>2706.27871999991</ele>
    </rtept>
    <rtept lat="28.47628" lon="84.37361">
      <ele>2707.1450239999904</ele>
    </rtept>
    <rtept lat="28.47621" lon="84.37365">
      <ele>2707.770720000021</ele>
    </rtept>
    <rtept lat="28.47612" lon="84.37373">
      <ele>2707.3015680000726</ele>
    </rtept>
    <rtept lat="28.47605" lon="84.37382">
      <ele>2704.677280000041</ele>
    </rtept>
    <rtept lat="28.47601" lon="84.37371">
      <ele>2703.6710079999543</ele>
    </rtept>
    <rtept lat="28.47593" lon="84.37381">
      <ele>2701.957984000123</ele>
    </rtept>
    <rtept lat="28.47585" lon="84.37381">
      <ele>2700.1124800001853</ele>
    </rtept>
    <rtept lat="28.4758" lon="84.37389">
      <ele>2700.2182400000224</ele>
    </rtept>
    <rtept lat="28.47562" lon="84.37401">
      <ele>2696.1410239998995</ele>
    </rtept>
    <rtept lat="28.47544" lon="84.37417">
      <ele>2699.655007999936</ele>
    </rtept>
    <rtept lat="28.47538" lon="84.37414">
      <ele>2696.1653119998396</ele>
    </rtept>
    <rtept lat="28.47534" lon="84.37419">
      <ele>2696.642815999986</ele>
    </rtept>
    <rtept lat="28.4753" lon="84.37415">
      <ele>2694.459200000036</ele>
    </rtept>
    <rtept lat="28.47525" lon="84.37434">
      <ele>2692.875999999958</ele>
    </rtept>
    <rtept lat="28.47495" lon="84.37446">
      <ele>2686.044000000012</ele>
    </rtept>
    <rtept lat="28.47443" lon="84.3746199">
      <ele>2665.5555388800294</ele>
    </rtept>
    <rtept lat="28.47411" lon="84.3746199">
      <ele>2658.122923679992</ele>
    </rtept>
    <rtept lat="28.47391" lon="84.3747099">
      <ele>2654.301394079996</ele>
    </rtept>
    <rtept lat="28.4737" lon="84.3747099">
      <ele>2649.1512800000173</ele>
    </rtept>
    <rtept lat="28.47341" lon="84.37469">
      <ele>2639.832080000064</ele>
    </rtept>
    <rtept lat="28.47303" lon="84.37455">
      <ele>2631.391839999923</ele>
    </rtept>
    <rtept lat="28.47273" lon="84.37446">
      <ele>2635.370528000039</ele>
    </rtept>
    <rtept lat="28.4726" lon="84.37446">
      <ele>2644.3673599999383</ele>
    </rtept>
    <rtept lat="28.47246" lon="84.37437">
      <ele>2646.842143999796</ele>
    </rtept>
    <rtept lat="28.47232" lon="84.37424">
      <ele>2648.7224960000376</ele>
    </rtept>
    <rtept lat="28.47216" lon="84.3742">
      <ele>2653.844800000102</ele>
    </rtept>
    <rtept lat="28.47139" lon="84.3743">
      <ele>2655.412800000554</ele>
    </rtept>
    <rtept lat="28.47117" lon="84.37425">
      <ele>2650.709200000408</ele>
    </rtept>
    <rtept lat="28.47074" lon="84.37425">
      <ele>2666.361600000238</ele>
    </rtept>
    <rtept lat="28.47027" lon="84.37431">
      <ele>2701.3685919996633</ele>
    </rtept>
    <rtept lat="28.47017" lon="84.37434">
      <ele>2709.7996480001743</ele>
    </rtept>
    <rtept lat="28.46982" lon="84.3743">
      <ele>2725.5759999999987</ele>
    </rtept>
    <rtept lat="28.46946" lon="84.3742">
      <ele>2724.2665600000255</ele>
    </rtept>
    <rtept lat="28.46894" lon="84.374">
      <ele>2718.4512000000423</ele>
    </rtept>
    <rtept lat="28.46874" lon="84.37387">
      <ele>2711.0102400000123</ele>
    </rtept>
    <rtept lat="28.46844" lon="84.37365">
      <ele>2703.9110400000527</ele>
    </rtept>
    <rtept lat="28.46769" lon="84.37347">
      <ele>2695.392528000151</ele>
    </rtept>
    <rtept lat="28.46674" lon="84.37335">
      <ele>2657.6843199998634</ele>
    </rtept>
    <rtept lat="28.46638" lon="84.37323">
      <ele>2674.564479998789</ele>
    </rtept>
    <rtept lat="28.46623" lon="84.37324">
      <ele>2684.8950400007625</ele>
    </rtept>
    <rtept lat="28.46606" lon="84.37322">
      <ele>2699.0204159995524</ele>
    </rtept>
    <rtept lat="28.46589" lon="84.37328">
      <ele>2698.4256960004673</ele>
    </rtept>
    <rtept lat="28.46575" lon="84.37336">
      <ele>2695.6775999996817</ele>
    </rtept>
    <rtept lat="28.46542" lon="84.37348">
      <ele>2694.767679999925</ele>
    </rtept>
    <rtept lat="28.46504" lon="84.37349">
      <ele>2700.418271999879</ele>
    </rtept>
    <rtept lat="28.46486" lon="84.37355">
      <ele>2705.078400000158</ele>
    </rtept>
    <rtept lat="28.46473" lon="84.37364">
      <ele>2706.4672960002476</ele>
    </rtept>
    <rtept lat="28.46458" lon="84.37367">
      <ele>2708.124543999799</ele>
    </rtept>
    <rtept lat="28.46431" lon="84.37365">
      <ele>2715.7482400000554</ele>
    </rtept>
    <rtept lat="28.46403" lon="84.3736">
      <ele>2727.3105600002714</ele>
    </rtept>
    <rtept lat="28.46392" lon="84.37355">
      <ele>2734.149120000331</ele>
    </rtept>
    <rtept lat="28.46326" lon="84.37339">
      <ele>2775.4902719999463</ele>
    </rtept>
    <rtept lat="28.46298" lon="84.37321">
      <ele>2788.674463999964</ele>
    </rtept>
    <rtept lat="28.46292" lon="84.37318">
      <ele>2791.7252479995686</ele>
    </rtept>
    <rtept lat="28.46272" lon="84.37297">
      <ele>2819.3917440008445</ele>
    </rtept>
    <rtept lat="28.46264" lon="84.37286">
      <ele>2839.7792639995023</ele>
    </rtept>
    <rtept lat="28.46259" lon="84.37272">
      <ele>2862.384959999858</ele>
    </rtept>
    <rtept lat="28.46255" lon="84.37249">
      <ele>2894.0556000001384</ele>
    </rtept>
    <rtept lat="28.46256" lon="84.37224">
      <ele>2931.8851199992446</ele>
    </rtept>
    <rtept lat="28.46261" lon="84.37211">
      <ele>2955.731503998833</ele>
    </rtept>
    <rtept lat="28.46266" lon="84.37203">
      <ele>2974.5763520009914</ele>
    </rtept>
    <rtept lat="28.46275" lon="84.3719799">
      <ele>2993.3056040001097</ele>
    </rtept>
    <rtept lat="28.46273" lon="84.3719">
      <ele>3002.724960000255</ele>
    </rtept>
    <rtept lat="28.46269" lon="84.37185">
      <ele>3002.7271200002556</ele>
    </rtept>
    <rtept lat="28.46261" lon="84.37179">
      <ele>3002.435951999673</ele>
    </rtept>
    <rtept lat="28.46253" lon="84.37178">
      <ele>2998.9734719999215</ele>
    </rtept>
    <rtept lat="28.46247" lon="84.37173">
      <ele>3004.4931360000805</ele>
    </rtept>
    <rtept lat="28.46238" lon="84.37163">
      <ele>3019.4340480003893</ele>
    </rtept>
    <rtept lat="28.46229" lon="84.37165">
      <ele>3020.454719999774</ele>
    </rtept>
    <rtept lat="28.46205" lon="84.37156">
      <ele>3043.1847999994884</ele>
    </rtept>
    <rtept lat="28.46195" lon="84.37148">
      <ele>3067.7655999986296</ele>
    </rtept>
    <rtept lat="28.46183" lon="84.37144">
      <ele>3077.6222399987482</ele>
    </rtept>
    <rtept lat="28.46168" lon="84.37147">
      <ele>3074.1835199997126</ele>
    </rtept>
    <rtept lat="28.46159" lon="84.37145">
      <ele>3082.16064000037</ele>
    </rtept>
    <rtept lat="28.46155" lon="84.37141">
      <ele>3089.015040000329</ele>
    </rtept>
    <rtept lat="28.46134" lon="84.37151">
      <ele>3096.239071999949</ele>
    </rtept>
    <rtept lat="28.4612" lon="84.37164">
      <ele>3091.6774400000086</ele>
    </rtept>
    <rtept lat="28.46117" lon="84.37173">
      <ele>3079.6592960001303</ele>
    </rtept>
    <rtept lat="28.4611" lon="84.37177">
      <ele>3077.6697600003804</ele>
    </rtept>
    <rtept lat="28.46098" lon="84.37188">
      <ele>3068.1409919994135</ele>
    </rtept>
    <rtept lat="28.46081" lon="84.37194">
      <ele>3068.6973120007397</ele>
    </rtept>
    <rtept lat="28.46056" lon="84.37215">
      <ele>3015.5303999984594</ele>
    </rtept>
    <rtept lat="28.46055" lon="84.37221">
      <ele>2997.4868800012473</ele>
    </rtept>
    <rtept lat="28.46049" lon="84.37222">
      <ele>3001.6746880003875</ele>
    </rtept>
    <rtept lat="28.46045" lon="84.37215">
      <ele>3026.1687999984747</ele>
    </rtept>
    <rtept lat="28.4604" lon="84.37212">
      <ele>3039.110080001243</ele>
    </rtept>
    <rtept lat="28.4604" lon="84.37219">
      <ele>3020.5729599991246</ele>
    </rtept>
    <rtept lat="28.46033" lon="84.3721599">
      <ele>3035.7549923201577</ele>
    </rtept>
    <rtept lat="28.46024" lon="84.37201">
      <ele>3079.054783999466</ele>
    </rtept>
    <rtept lat="28.46019" lon="84.37202">
      <ele>3082.308607998711</ele>
    </rtept>
    <rtept lat="28.46018" lon="84.37208">
      <ele>3071.981504000444</ele>
    </rtept>
    <rtept lat="28.46018" lon="84.37213">
      <ele>3062.478944000107</ele>
    </rtept>
    <rtept lat="28.46022" lon="84.37219">
      <ele>3044.2162879993816</ele>
    </rtept>
    <rtept lat="28.46023" lon="84.3722499">
      <ele>3028.281861920164</ele>
    </rtept>
    <rtept lat="28.46013" lon="84.37219">
      <ele>3059.65035199952</ele>
    </rtept>
    <rtept lat="28.46" lon="84.3721599">
      <ele>3085.6282399998872</ele>
    </rtept>
    <rtept lat="28.45999" lon="84.37222">
      <ele>3078.0928640001866</ele>
    </rtept>
    <rtept lat="28.45988" lon="84.37223">
      <ele>3074.353087999627</ele>
    </rtept>
    <rtept lat="28.45986" lon="84.37228">
      <ele>3065.228095999401</ele>
    </rtept>
    <rtept lat="28.45984" lon="84.37245">
      <ele>3037.8329599999265</ele>
    </rtept>
    <rtept lat="28.45981" lon="84.37239">
      <ele>3050.5722080005107</ele>
    </rtept>
    <rtept lat="28.45979" lon="84.37263">
      <ele>3010.048879999555</ele>
    </rtept>
    <rtept lat="28.45976" lon="84.37266">
      <ele>3007.783040000944</ele>
    </rtept>
    <rtept lat="28.45965" lon="84.37262">
      <ele>3023.2276800004734</ele>
    </rtept>
    <rtept lat="28.45963" lon="84.37258">
      <ele>3031.5387840001526</ele>
    </rtept>
    <rtept lat="28.45962" lon="84.37248">
      <ele>3049.2919680004043</ele>
    </rtept>
    <rtept lat="28.45954" lon="84.37249">
      <ele>3046.424928000104</ele>
    </rtept>
    <rtept lat="28.45947" lon="84.37244">
      <ele>3050.181024000271</ele>
    </rtept>
    <rtept lat="28.45944" lon="84.37238">
      <ele>3056.4058239992364</ele>
    </rtept>
    <rtept lat="28.45945" lon="84.37226">
      <ele>3069.7857600003163</ele>
    </rtept>
    <rtept lat="28.4594" lon="84.37224">
      <ele>3072.3155199994435</ele>
    </rtept>
    <rtept lat="28.45933" lon="84.3722499">
      <ele>3071.6530566400015</ele>
    </rtept>
    <rtept lat="28.45924" lon="84.37222">
      <ele>3075.6485760000987</ele>
    </rtept>
    <rtept lat="28.45917" lon="84.37227">
      <ele>3070.3041279999597</ele>
    </rtept>
    <rtept lat="28.45916" lon="84.37237">
      <ele>3058.59366399956</ele>
    </rtept>
    <rtept lat="28.45909" lon="84.37227">
      <ele>3069.7598559999674</ele>
    </rtept>
    <rtept lat="28.459" lon="84.37229">
      <ele>3067.7151999995385</ele>
    </rtept>
    <rtept lat="28.45898" lon="84.37241">
      <ele>3060.1082559998526</ele>
    </rtept>
    <rtept lat="28.4589" lon="84.37241">
      <ele>3062.858079999921</ele>
    </rtept>
    <rtept lat="28.45886" lon="84.37246">
      <ele>3061.751167999859</ele>
    </rtept>
    <rtept lat="28.45891" lon="84.37258">
      <ele>3045.6351040001496</ele>
    </rtept>
    <rtept lat="28.4589" lon="84.37263">
      <ele>3037.941759999858</ele>
    </rtept>
    <rtept lat="28.45884" lon="84.37267">
      <ele>3034.706240000177</ele>
    </rtept>
    <rtept lat="28.45884" lon="84.37276">
      <ele>3020.9427200001883</ele>
    </rtept>
    <rtept lat="28.45876" lon="84.37279">
      <ele>3023.8100160004274</ele>
    </rtept>
    <rtept lat="28.45872" lon="84.37287">
      <ele>3017.4394559992957</ele>
    </rtept>
    <rtept lat="28.4586" lon="84.3728299">
      <ele>3030.2291424000946</ele>
    </rtept>
    <rtept lat="28.45854" lon="84.37289">
      <ele>3024.13929600027</ele>
    </rtept>
    <rtept lat="28.45842" lon="84.37281">
      <ele>3036.7024319998955</ele>
    </rtept>
    <rtept lat="28.4584" lon="84.37276">
      <ele>3040.4057600000197</ele>
    </rtept>
    <rtept lat="28.45834" lon="84.37279">
      <ele>3039.305376000276</ele>
    </rtept>
    <rtept lat="28.45832" lon="84.37282">
      <ele>3037.7875199997793</ele>
    </rtept>
    <rtept lat="28.45832" lon="84.37286">
      <ele>3035.7369599998583</ele>
    </rtept>
    <rtept lat="28.4583" lon="84.3729">
      <ele>3033.455999999944</ele>
    </rtept>
    <rtept lat="28.45828" lon="84.37288">
      <ele>3034.3027200002543</ele>
    </rtept>
    <rtept lat="28.45826" lon="84.37289">
      <ele>3033.5467200000926</ele>
    </rtept>
    <rtept lat="28.45824" lon="84.37295">
      <ele>3029.9423999998307</ele>
    </rtept>
    <rtept lat="28.45818" lon="84.37297">
      <ele>3027.8500800002726</ele>
    </rtept>
    <rtept lat="28.45817" lon="84.373">
      <ele>3025.8599999996986</ele>
    </rtept>
    <rtept lat="28.45818" lon="84.37304">
      <ele>3023.6265599997832</ele>
    </rtept>
    <rtept lat="28.45814" lon="84.37307">
      <ele>3019.4573760002563</ele>
    </rtept>
    <rtept lat="28.45807" lon="84.37328">
      <ele>2989.2395520008654</ele>
    </rtept>
    <rtept lat="28.45778" lon="84.37361">
      <ele>2985.7803520001194</ele>
    </rtept>
    <rtept lat="28.45766" lon="84.37371">
      <ele>2983.704607999605</ele>
    </rtept>
    <rtept lat="28.45745" lon="84.37399">
      <ele>2976.980959999324</ele>
    </rtept>
    <rtept lat="28.45734" lon="84.37408">
      <ele>2982.655423999637</ele>
    </rtept>
    <rtept lat="28.45723" lon="84.37411">
      <ele>2992.9885759999543</ele>
    </rtept>
    <rtept lat="28.45708" lon="84.3742199">
      <ele>2996.0433206399052</ele>
    </rtept>
    <rtept lat="28.45694" lon="84.37426">
      <ele>3004.2524799995535</ele>
    </rtept>
    <rtept lat="28.4568" lon="84.37451">
      <ele>3006.871199999734</ele>
    </rtept>
    <rtept lat="28.45669" lon="84.37454">
      <ele>3021.049440000716</ele>
    </rtept>
    <rtept lat="28.45657" lon="84.37454">
      <ele>3036.109728000581</ele>
    </rtept>
    <rtept lat="28.45644" lon="84.37451">
      <ele>3055.616543999817</ele>
    </rtept>
    <rtept lat="28.45638" lon="84.3746">
      <ele>3050.2851199999554</ele>
    </rtept>
    <rtept lat="28.45608" lon="84.37468">
      <ele>3078.851712000198</ele>
    </rtept>
    <rtept lat="28.456" lon="84.37475">
      <ele>3079.4599999995057</ele>
    </rtept>
    <rtept lat="28.45594" lon="84.37464">
      <ele>3093.4999680001793</ele>
    </rtept>
    <rtept lat="28.45587" lon="84.37468">
      <ele>3096.3727680000575</ele>
    </rtept>
    <rtept lat="28.45576" lon="84.37464">
      <ele>3103.300991999998</ele>
    </rtept>
    <rtept lat="28.45571" lon="84.3746">
      <ele>3106.22447999996</ele>
    </rtept>
    <rtept lat="28.45563" lon="84.37466">
      <ele>3105.29222399979</ele>
    </rtept>
    <rtept lat="28.45522" lon="84.37467">
      <ele>3107.8368320002214</ele>
    </rtept>
    <rtept lat="28.45517" lon="84.37474">
      <ele>3105.955679999907</ele>
    </rtept>
    <rtept lat="28.4551" lon="84.3747099">
      <ele>3109.1950832000066</ele>
    </rtept>
    <rtept lat="28.455" lon="84.37484">
      <ele>3103.3679999996502</ele>
    </rtept>
    <rtept lat="28.45484" lon="84.37499">
      <ele>3091.7379840003405</ele>
    </rtept>
    <rtept lat="28.45458" lon="84.3751599">
      <ele>3076.3954016000057</ele>
    </rtept>
    <rtept lat="28.45448" lon="84.37525">
      <ele>3067.2440000003994</ele>
    </rtept>
    <rtept lat="28.45438" lon="84.37527">
      <ele>3064.3194879999705</ele>
    </rtept>
    <rtept lat="28.45433" lon="84.37538">
      <ele>3057.566047999512</ele>
    </rtept>
    <rtept lat="28.45423" lon="84.37546">
      <ele>3041.393695999419</ele>
    </rtept>
    <rtept lat="28.45412" lon="84.37557">
      <ele>3013.486208001507</ele>
    </rtept>
    <rtept lat="28.45387" lon="84.3756499">
      <ele>2778.2365955195187</ele>
    </rtept>
    <rtept lat="28.45378" lon="84.37558">
      <ele>2737.842495997291</ele>
    </rtept>
    <rtept lat="28.45363" lon="84.37555">
      <ele>2440.323039992185</ele>
    </rtept>
    <rtept lat="28.45343" lon="84.37546">
      <ele>2445.053087997638</ele>
    </rtept>
    <rtept lat="28.45337" lon="84.37534">
      <ele>2427.358368001047</ele>
    </rtept>
    <rtept lat="28.45325" lon="84.37534">
      <ele>2337.4680000002536</ele>
    </rtept>
    <rtept lat="28.45306" lon="84.3756499">
      <ele>2273.452179200175</ele>
    </rtept>
    <rtept lat="28.45313" lon="84.3758">
      <ele>2283.6752000003594</ele>
    </rtept>
    <rtept lat="28.45312" lon="84.37587">
      <ele>2277.5066239992616</ele>
    </rtept>
    <rtept lat="28.45303" lon="84.3759199">
      <ele>2258.805672319696</ele>
    </rtept>
    <rtept lat="28.45299" lon="84.37591">
      <ele>2251.6399039996286</ele>
    </rtept>
    <rtept lat="28.45276" lon="84.37577">
      <ele>2213.7642240000137</ele>
    </rtept>
    <rtept lat="28.45268" lon="84.37575">
      <ele>2202.547200000376</ele>
    </rtept>
    <rtept lat="28.45259" lon="84.3757">
      <ele>2191.5585600004497</ele>
    </rtept>
    <rtept lat="28.45233" lon="84.37563">
      <ele>2157.0521279999434</ele>
    </rtept>
    <rtept lat="28.4523" lon="84.37567">
      <ele>2151.1291200001683</ele>
    </rtept>
    <rtept lat="28.45221" lon="84.37566">
      <ele>2139.317472000224</ele>
    </rtept>
    <rtept lat="28.45197" lon="84.37576">
      <ele>2106.6565439999436</ele>
    </rtept>
    <rtept lat="28.45126" lon="84.37599">
      <ele>2028.7206080001085</ele>
    </rtept>
    <rtept lat="28.45115" lon="84.3760099">
      <ele>2017.639779199847</ele>
    </rtept>
    <rtept lat="28.45097" lon="84.37598">
      <ele>2004.1146560001641</ele>
    </rtept>
    <rtept lat="28.45072" lon="84.37611">
      <ele>1982.507840000122</ele>
    </rtept>
    <rtept lat="28.45058" lon="84.37626">
      <ele>1969.189503999844</ele>
    </rtept>
    <rtept lat="28.45056" lon="84.37638">
      <ele>1963.6224640000482</ele>
    </rtept>
    <rtept lat="28.45048" lon="84.3764999">
      <ele>1955.7774758399746</ele>
    </rtept>
    <rtept lat="28.45027" lon="84.37656">
      <ele>1942.4544960000665</ele>
    </rtept>
    <rtept lat="28.45011" lon="84.37679">
      <ele>1926.4398239999452</ele>
    </rtept>
    <rtept lat="28.44995" lon="84.37675">
      <ele>1920.288000000009</ele>
    </rtept>
    <rtept lat="28.44978" lon="84.37708">
      <ele>1900.9205119998055</ele>
    </rtept>
    <rtept lat="28.44962" lon="84.37718">
      <ele>1890.7281280001253</ele>
    </rtept>
    <rtept lat="28.44943" lon="84.37726">
      <ele>1881.0372159997412</ele>
    </rtept>
    <rtept lat="28.44925" lon="84.3773">
      <ele>1872.387999999821</ele>
    </rtept>
    <rtept lat="28.44916" lon="84.37727">
      <ele>1869.5477440000755</ele>
    </rtept>
    <rtept lat="28.44906" lon="84.37717">
      <ele>1868.9241919997523</ele>
    </rtept>
    <rtept lat="28.44897" lon="84.37706">
      <ele>1869.5894719999674</ele>
    </rtept>
    <rtept lat="28.44893" lon="84.37687">
      <ele>1875.548000000166</ele>
    </rtept>
    <rtept lat="28.44887" lon="84.37681">
      <ele>1876.2990879997235</ele>
    </rtept>
    <rtept lat="28.44879" lon="84.3768">
      <ele>1874.562879999849</ele>
    </rtept>
    <rtept lat="28.4484" lon="84.37688">
      <ele>1859.7119999999863</ele>
    </rtept>
    <rtept lat="28.44828" lon="84.37697">
      <ele>1852.4343360000116</ele>
    </rtept>
    <rtept lat="28.44825" lon="84.37697">
      <ele>1851.5604000000453</ele>
    </rtept>
    <rtept lat="28.44822" lon="84.37697">
      <ele>1850.686463999974</ele>
    </rtept>
    <rtept lat="28.4482" lon="84.37694">
      <ele>1851.3359999998113</ele>
    </rtept>
    <rtept lat="28.44825" lon="84.37684">
      <ele>1856.7359999999906</ele>
    </rtept>
    <rtept lat="28.44822" lon="84.37684">
      <ele>1855.87199999992</ele>
    </rtept>
    <rtept lat="28.44816" lon="84.37687">
      <ele>1852.956000000172</ele>
    </rtept>
    <rtept lat="28.44798" lon="84.37693">
      <ele>1845.152287999973</ele>
    </rtept>
    <rtept lat="28.4479" lon="84.37701">
      <ele>1838.9958400000887</ele>
    </rtept>
    <rtept lat="28.44776" lon="84.37707">
      <ele>1831.61199999981</ele>
    </rtept>
    <rtept lat="28.44766" lon="84.37717">
      <ele>1824.051999999661</ele>
    </rtept>
    <rtept lat="28.44761" lon="84.37738">
      <ele>1813.351999999929</ele>
    </rtept>
    <rtept lat="28.44756" lon="84.37765">
      <ele>1801.3279999998817</ele>
    </rtept>
    <rtept lat="28.44753" lon="84.3777099">
      <ele>1798.3076000000387</ele>
    </rtept>
    <rtept lat="28.4475" lon="84.37777">
      <ele>1795.2800000001116</ele>
    </rtept>
    <rtept lat="28.44733" lon="84.37787">
      <ele>1788.2656319999714</ele>
    </rtept>
    <rtept lat="28.44729" lon="84.37792">
      <ele>1785.593855999863</ele>
    </rtept>
    <rtept lat="28.44702" lon="84.37827">
      <ele>1770.8939839999593</ele>
    </rtept>
    <rtept lat="28.44698" lon="84.37853">
      <ele>1765.1906240000367</ele>
    </rtept>
    <rtept lat="28.44693" lon="84.3785599">
      <ele>1763.8273867200057</ele>
    </rtept>
    <rtept lat="28.44688" lon="84.37863">
      <ele>1762.3319999999887</ele>
    </rtept>
    <rtept lat="28.44685" lon="84.37869">
      <ele>1761.4679999999448</ele>
    </rtept>
    <rtept lat="28.44685" lon="84.37878">
      <ele>1760.4959999999433</ele>
    </rtept>
    <rtept lat="28.44674" lon="84.37898">
      <ele>1757.7171839999976</ele>
    </rtept>
    <rtept lat="28.44666" lon="84.37897">
      <ele>1757.131008000048</ele>
    </rtept>
    <rtept lat="28.44656" lon="84.37891">
      <ele>1757.801183999955</ele>
    </rtept>
    <rtept lat="28.44642" lon="84.37888">
      <ele>1758.124416000067</ele>
    </rtept>
    <rtept lat="28.4463" lon="84.37888">
      <ele>1758.7680000000628</ele>
    </rtept>
    <rtept lat="28.44606" lon="84.37903">
      <ele>1758.9345280000043</ele>
    </rtept>
    <rtept lat="28.44593" lon="84.37918">
      <ele>1758.2079999999582</ele>
    </rtept>
    <rtept lat="28.44588" lon="84.37926">
      <ele>1757.991999999992</ele>
    </rtept>
    <rtept lat="28.44568" lon="84.37932">
      <ele>1758.999999999954</ele>
    </rtept>
    <rtept lat="28.44558" lon="84.37931">
      <ele>1759.791999999975</ele>
    </rtept>
    <rtept lat="28.44543" lon="84.37947">
      <ele>1759.4015839999975</ele>
    </rtept>
    <rtept lat="28.4453" lon="84.37974">
      <ele>1759.9039999999964</ele>
    </rtept>
    <rtept lat="28.4452" lon="84.37975">
      <ele>1760.1280000000063</ele>
    </rtept>
    <rtept lat="28.44502" lon="84.37982">
      <ele>1760.678655999967</ele>
    </rtept>
    <rtept lat="28.4449" lon="84.38005">
      <ele>1761.2943999999832</ele>
    </rtept>
    <rtept lat="28.44477" lon="84.38012">
      <ele>1761.0210880000543</ele>
    </rtept>
    <rtept lat="28.44468" lon="84.38028">
      <ele>1762.0928640000357</ele>
    </rtept>
    <rtept lat="28.44436" lon="84.38068">
      <ele>1761.4554239999568</ele>
    </rtept>
    <rtept lat="28.44437" lon="84.38077">
      <ele>1763.403311999945</ele>
    </rtept>
    <rtept lat="28.44433" lon="84.38084">
      <ele>1763.3795520001086</ele>
    </rtept>
    <rtept lat="28.44421" lon="84.3809">
      <ele>1760.694239999991</ele>
    </rtept>
    <rtept lat="28.44412" lon="84.38119">
      <ele>1767.1717120001467</ele>
    </rtept>
    <rtept lat="28.44412" lon="84.3813">
      <ele>1771.5942399998341</ele>
    </rtept>
    <rtept lat="28.44398" lon="84.38149">
      <ele>1779.5566079999794</ele>
    </rtept>
    <rtept lat="28.44393" lon="84.38151">
      <ele>1780.5834720002174</ele>
    </rtept>
    <rtept lat="28.44387" lon="84.38148">
      <ele>1779.632479999856</ele>
    </rtept>
    <rtept lat="28.44384" lon="84.38155">
      <ele>1782.2216000001606</ele>
    </rtept>
    <rtept lat="28.4439" lon="84.38166">
      <ele>1786.6569599998693</ele>
    </rtept>
    <rtept lat="28.44389" lon="84.3817399">
      <ele>1788.3175819199905</ele>
    </rtept>
    <rtept lat="28.44383" lon="84.3817">
      <ele>1786.9385599998961</ele>
    </rtept>
    <rtept lat="28.44383" lon="84.38186">
      <ele>1789.6964480000333</ele>
    </rtept>
    <rtept lat="28.44377" lon="84.38196">
      <ele>1790.6638720001665</ele>
    </rtept>
    <rtept lat="28.44364" lon="84.38205">
      <ele>1791.6779200001924</ele>
    </rtept>
    <rtept lat="28.44358" lon="84.38206">
      <ele>1791.604223999867</ele>
    </rtept>
    <rtept lat="28.44353" lon="84.38199">
      <ele>1789.3323360000518</ele>
    </rtept>
    <rtept lat="28.44348" lon="84.38199">
      <ele>1789.2437760000516</ele>
    </rtept>
    <rtept lat="28.44343" lon="84.38204">
      <ele>1790.423136000086</ele>
    </rtept>
    <rtept lat="28.44327" lon="84.38212">
      <ele>1791.2520959999956</ele>
    </rtept>
    <rtept lat="28.44324" lon="84.38222">
      <ele>1793.277312000082</ele>
    </rtept>
    <rtept lat="28.44326" lon="84.38232">
      <ele>1794.787072000084</ele>
    </rtept>
    <rtept lat="28.44323" lon="84.38244">
      <ele>1796.1003520000313</ele>
    </rtept>
    <rtept lat="28.44315" lon="84.3826799">
      <ele>1797.1080351999854</ele>
    </rtept>
    <rtept lat="28.44315" lon="84.38275">
      <ele>1797.5319999999965</ele>
    </rtept>
    <rtept lat="28.4431" lon="84.38282">
      <ele>1796.8243200000188</ele>
    </rtept>
    <rtept lat="28.44307" lon="84.3827">
      <ele>1795.9508799999796</ele>
    </rtept>
    <rtept lat="28.44302" lon="84.38274">
      <ele>1795.0028160000113</ele>
    </rtept>
    <rtept lat="28.443" lon="84.38281">
      <ele>1794.6464000000426</ele>
    </rtept>
    <rtept lat="28.44297" lon="84.38276">
      <ele>1793.8194239999814</ele>
    </rtept>
    <rtept lat="28.44295" lon="84.38275">
      <ele>1793.3159999999943</ele>
    </rtept>
    <rtept lat="28.4429" lon="84.3828">
      <ele>1792.1696000000534</ele>
    </rtept>
    <rtept lat="28.44286" lon="84.38278">
      <ele>1791.083263999973</ele>
    </rtept>
    <rtept lat="28.44284" lon="84.38272">
      <ele>1790.6828159999964</ele>
    </rtept>
    <rtept lat="28.44284" lon="84.38265">
      <ele>1790.8219200000115</ele>
    </rtept>
    <rtept lat="28.44288" lon="84.3826">
      <ele>1791.7449599999795</ele>
    </rtept>
    <rtept lat="28.44283" lon="84.3825899">
      <ele>1790.7380486400164</ele>
    </rtept>
    <rtept lat="28.44288" lon="84.38255">
      <ele>1791.7924799999826</ele>
    </rtept>
    <rtept lat="28.44286" lon="84.38248">
      <ele>1791.213312000006</ele>
    </rtept>
    <rtept lat="28.44279" lon="84.38252">
      <ele>1790.1543359999775</ele>
    </rtept>
    <rtept lat="28.44265" lon="84.38285">
      <ele>1786.8796000000514</ele>
    </rtept>
    <rtept lat="28.4426" lon="84.38307">
      <ele>1787.922720000008</ele>
    </rtept>
    <rtept lat="28.44241" lon="84.38345">
      <ele>1787.5039199999417</ele>
    </rtept>
    <rtept lat="28.4424" lon="84.38359">
      <ele>1788.639359999965</ele>
    </rtept>
    <rtept lat="28.44232" lon="84.38373">
      <ele>1788.3959999999709</ele>
    </rtept>
    <rtept lat="28.44231" lon="84.38386">
      <ele>1789.583999999964</ele>
    </rtept>
    <rtept lat="28.44223" lon="84.38395">
      <ele>1788.387999999964</ele>
    </rtept>
    <rtept lat="28.44208" lon="84.38404">
      <ele>1785.4720000000111</ele>
    </rtept>
    <rtept lat="28.44176" lon="84.38415">
      <ele>1778.9559999999892</ele>
    </rtept>
    <rtept lat="28.44161" lon="84.38424">
      <ele>1776.4002880000455</ele>
    </rtept>
    <rtept lat="28.44138" lon="84.38433">
      <ele>1771.8588159999808</ele>
    </rtept>
    <rtept lat="28.4413" lon="84.38441">
      <ele>1770.680319999977</ele>
    </rtept>
    <rtept lat="28.44126" lon="84.38451">
      <ele>1770.616000000039</ele>
    </rtept>
    <rtept lat="28.44109" lon="84.38462">
      <ele>1768.967903999976</ele>
    </rtept>
    <rtept lat="28.44106" lon="84.3848">
      <ele>1768.800000000009</ele>
    </rtept>
    <rtept lat="28.44114" lon="84.38493">
      <ele>1769.8235840000234</ele>
    </rtept>
    <rtept lat="28.44099" lon="84.38534">
      <ele>1764.0623359999884</ele>
    </rtept>
    <rtept lat="28.44108" lon="84.38566">
      <ele>1764.4639999999763</ele>
    </rtept>
    <rtept lat="28.44103" lon="84.38592">
      <ele>1761.5528960000415</ele>
    </rtept>
    <rtept lat="28.44099" lon="84.38618">
      <ele>1759.4038719999864</ele>
    </rtept>
    <rtept lat="28.441" lon="84.38643">
      <ele>1759.5183999999772</ele>
    </rtept>
    <rtept lat="28.44095" lon="84.38673">
      <ele>1758.2680000000364</ele>
    </rtept>
    <rtept lat="28.4409" lon="84.38679">
      <ele>1756.323999999982</ele>
    </rtept>
    <rtept lat="28.44075" lon="84.38686">
      <ele>1750.2136000000482</ele>
    </rtept>
    <rtept lat="28.43996" lon="84.38647">
      <ele>1716.1939519999044</ele>
    </rtept>
    <rtept lat="28.43977" lon="84.38661">
      <ele>1702.1129119998627</ele>
    </rtept>
    <rtept lat="28.43976" lon="84.3867999">
      <ele>1699.701897919986</ele>
    </rtept>
    <rtept lat="28.43969" lon="84.38694">
      <ele>1695.277855999953</ele>
    </rtept>
    <rtept lat="28.43966" lon="84.38698">
      <ele>1693.582656000007</ele>
    </rtept>
    <rtept lat="28.4396" lon="84.38703">
      <ele>1690.128959999938</ele>
    </rtept>
    <rtept lat="28.43959" lon="84.3872">
      <ele>1688.9841599999163</ele>
    </rtept>
    <rtept lat="28.43949" lon="84.3873799">
      <ele>1683.7370940799547</ele>
    </rtept>
    <rtept lat="28.43931" lon="84.3875">
      <ele>1674.2559999999737</ele>
    </rtept>
    <rtept lat="28.43901" lon="84.38785">
      <ele>1662.2906399999874</ele>
    </rtept>
    <rtept lat="28.4389" lon="84.38826">
      <ele>1663.4934400000514</ele>
    </rtept>
    <rtept lat="28.43882" lon="84.38845">
      <ele>1663.3720000000967</ele>
    </rtept>
    <rtept lat="28.43869" lon="84.38847">
      <ele>1658.5840000000119</ele>
    </rtept>
    <rtept lat="28.4386" lon="84.38861">
      <ele>1657.6600000000276</ele>
    </rtept>
    <rtept lat="28.43846" lon="84.38861">
      <ele>1653.6279999999738</ele>
    </rtept>
    <rtept lat="28.43835" lon="84.38866">
      <ele>1651.3600000000222</ele>
    </rtept>
    <rtept lat="28.43835" lon="84.3886">
      <ele>1650.2799999999352</ele>
    </rtept>
  </rte>
</gpx>
